SeniorCitizen,Partner,Dependents,tenure,PhoneService,PaperlessBilling,MonthlyCharges,TotalCharges,Churn,gender_Male,MultipleLines_True,MultipleLines_No phone service,InternetService_Fiber optic,InternetService_No,OnlineSecurity_True,OnlineSecurity_No internet service,OnlineBackup_True,OnlineBackup_No internet service,DeviceProtection_True,DeviceProtection_No internet service,TechSupport_True,TechSupport_No internet service,StreamingTV_True,StreamingTV_No internet service,StreamingMovies_True,StreamingMovies_No internet service,Contract_One year,Contract_Two year,PaymentMethod_Credit card (automatic),PaymentMethod_Electronic check,PaymentMethod_Mailed check
0,1,0,1,0,1,29.850000381469727,29.850000381469727,0,0,0,1,0,0,0,0,1,0,0,0,0,0,0,0,0,0,0,0,0,1,0
0,0,0,34,1,0,56.95000076293945,1889.5,0,1,0,0,0,0,1,0,0,0,1,0,0,0,0,0,0,0,1,0,0,0,1
0,0,0,2,1,1,53.849998474121094,108.1500015258789,1,1,0,0,0,0,1,0,1,0,0,0,0,0,0,0,0,0,0,0,0,0,1
0,0,0,45,0,0,42.29999923706055,1840.75,0,1,0,1,0,0,1,0,0,0,1,0,1,0,0,0,0,0,1,0,0,0,0
0,0,0,2,1,1,70.69999694824219,151.64999389648438,1,0,0,0,1,0,0,0,0,0,0,0,0,0,0,0,0,0,0,0,0,1,0
0,0,0,8,1,1,99.6500015258789,820.5,1,0,1,0,1,0,0,0,0,0,1,0,0,0,1,0,1,0,0,0,0,1,0
0,0,1,22,1,1,89.0999984741211,1949.4000244140625,0,1,1,0,1,0,0,0,1,0,0,0,0,0,1,0,0,0,0,0,1,0,0
0,0,0,10,0,0,29.75,301.8999938964844,0,0,0,1,0,0,1,0,0,0,0,0,0,0,0,0,0,0,0,0,0,0,1
0,1,0,28,1,1,104.80000305175781,3046.050048828125,1,0,1,0,1,0,0,0,0,0,1,0,1,0,1,0,1,0,0,0,0,1,0
0,0,1,62,1,0,56.150001525878906,3487.949951171875,0,1,0,0,0,0,1,0,1,0,0,0,0,0,0,0,0,0,1,0,0,0,0
0,1,1,13,1,1,49.95000076293945,587.4500122070312,0,1,0,0,0,0,1,0,0,0,0,0,0,0,0,0,0,0,0,0,0,0,1
0,0,0,16,1,0,18.950000762939453,326.79998779296875,0,1,0,0,0,1,0,1,0,1,0,1,0,1,0,1,0,1,0,1,1,0,0
0,1,0,58,1,0,100.3499984741211,5681.10009765625,0,1,1,0,1,0,0,0,0,0,1,0,0,0,1,0,1,0,1,0,1,0,0
0,0,0,49,1,1,103.69999694824219,5036.2998046875,1,1,1,0,1,0,0,0,1,0,1,0,0,0,1,0,1,0,0,0,0,0,0
0,0,0,25,1,1,105.5,2686.050048828125,0,1,0,0,1,0,1,0,0,0,1,0,1,0,1,0,1,0,0,0,0,1,0
0,1,1,69,1,0,113.25,7895.14990234375,0,0,1,0,1,0,1,0,1,0,1,0,1,0,1,0,1,0,0,1,1,0,0
0,0,0,52,1,0,20.649999618530273,1022.9500122070312,0,0,0,0,0,1,0,1,0,1,0,1,0,1,0,1,0,1,1,0,0,0,1
0,0,1,71,1,0,106.69999694824219,7382.25,0,1,1,0,1,0,1,0,0,0,1,0,0,0,1,0,1,0,0,1,0,0,0
0,1,1,10,1,0,55.20000076293945,528.3499755859375,1,0,0,0,0,0,0,0,0,0,1,0,1,0,0,0,0,0,0,0,1,0,0
0,0,0,21,1,1,90.05000305175781,1862.9000244140625,0,0,0,0,1,0,0,0,1,0,1,0,0,0,0,0,1,0,0,0,0,1,0
1,0,0,1,0,1,39.650001525878906,39.650001525878906,1,1,0,1,0,0,0,0,0,0,1,0,0,0,0,0,1,0,0,0,0,1,0
0,1,0,12,1,0,19.799999237060547,202.25,0,1,0,0,0,1,0,1,0,1,0,1,0,1,0,1,0,1,1,0,0,0,0
0,0,0,1,1,0,20.149999618530273,20.149999618530273,1,1,0,0,0,1,0,1,0,1,0,1,0,1,0,1,0,1,0,0,0,0,1
0,1,0,58,1,1,59.900001525878906,3505.10009765625,0,0,1,0,0,0,0,0,1,0,0,0,1,0,0,0,0,0,0,1,1,0,0
0,1,1,49,1,0,59.599998474121094,2970.300048828125,0,1,0,0,0,0,1,0,1,0,0,0,1,0,0,0,0,0,0,0,1,0,0
0,0,0,30,1,1,55.29999923706055,1530.5999755859375,0,0,0,0,0,0,1,0,1,0,0,0,0,0,0,0,0,0,0,0,0,0,0
0,1,1,47,1,1,99.3499984741211,4749.14990234375,1,1,1,0,1,0,0,0,1,0,0,0,0,0,1,0,1,0,0,0,0,1,0
0,1,1,1,0,0,30.200000762939453,30.200000762939453,1,1,0,1,0,0,0,0,1,0,0,0,0,0,0,0,0,0,0,0,0,1,0
0,1,0,72,1,1,90.25,6369.4501953125,0,1,1,0,0,0,1,0,1,0,1,0,1,0,1,0,1,0,0,1,1,0,0
0,0,1,17,1,1,64.69999694824219,1093.0999755859375,1,0,0,0,0,0,0,0,0,0,0,0,0,0,1,0,1,0,0,0,0,0,1
1,1,0,71,1,1,96.3499984741211,6766.9501953125,0,0,1,0,1,0,1,0,1,0,1,0,1,0,0,0,0,0,0,1,1,0,0
1,1,0,2,1,1,95.5,181.64999389648438,0,1,0,0,1,0,0,0,0,0,1,0,0,0,1,0,1,0,0,0,1,0,0
0,1,1,27,1,0,66.1500015258789,1874.449951171875,0,0,0,0,0,0,1,0,1,0,1,0,1,0,0,0,0,0,1,0,0,0,1
0,0,0,1,1,0,20.200000762939453,20.200000762939453,0,1,0,0,0,1,0,1,0,1,0,1,0,1,0,1,0,1,0,0,0,0,0
1,0,0,1,1,0,45.25,45.25,0,1,0,0,0,0,0,0,0,0,0,0,0,0,0,0,0,0,0,0,0,0,0
0,1,1,72,1,0,99.9000015258789,7251.7001953125,0,0,1,0,1,0,1,0,1,0,0,0,1,0,1,0,0,0,0,1,0,0,0
0,0,0,5,1,1,69.69999694824219,316.8999938964844,1,1,0,0,1,0,0,0,0,0,0,0,0,0,0,0,0,0,0,0,0,1,0
0,0,0,46,1,1,74.80000305175781,3548.300048828125,0,0,0,0,1,0,0,0,0,0,1,0,0,0,0,0,0,0,0,0,1,0,0
0,0,0,34,1,1,106.3499984741211,3549.25,1,1,1,0,1,0,0,0,1,0,1,0,0,0,1,0,1,0,0,0,0,1,0
0,0,0,11,1,1,97.8499984741211,1105.4000244140625,1,0,1,0,1,0,0,0,0,0,1,0,0,0,1,0,1,0,0,0,0,0,0
0,1,1,10,1,0,49.54999923706055,475.70001220703125,0,1,0,0,0,0,0,0,1,0,0,0,0,0,0,0,0,0,1,0,0,0,1
0,1,1,70,1,1,69.19999694824219,4872.35009765625,0,0,1,0,0,0,1,0,1,0,0,0,0,0,1,0,0,0,0,1,1,0,0
0,1,1,17,1,0,20.75,418.25,0,0,0,0,0,1,0,1,0,1,0,1,0,1,0,1,0,1,1,0,0,0,1
0,0,0,63,1,1,79.8499984741211,4861.4501953125,0,0,1,0,0,0,1,0,1,0,1,0,1,0,1,0,0,0,0,1,1,0,0
0,1,0,13,1,1,76.19999694824219,981.4500122070312,0,0,1,0,0,0,1,0,1,0,0,0,1,0,1,0,0,0,0,0,0,1,0
0,0,0,49,1,1,84.5,3906.699951171875,0,0,1,0,1,0,0,0,0,0,0,0,0,0,0,0,1,0,0,0,0,1,0
0,0,0,2,1,0,49.25,97.0,0,1,0,0,0,0,0,0,1,0,0,0,0,0,0,0,0,0,0,0,0,0,1
0,0,0,2,1,1,80.6500015258789,144.14999389648438,1,0,0,0,1,0,0,0,0,0,0,0,0,0,1,0,0,0,0,0,0,1,0
0,0,0,52,1,1,79.75,4217.7998046875,0,1,1,0,0,0,1,0,0,0,0,0,1,0,1,0,1,0,0,1,1,0,0
0,1,1,69,1,1,64.1500015258789,4254.10009765625,0,0,1,0,0,0,1,0,0,0,1,0,1,0,0,0,0,0,0,1,1,0,0
1,0,0,43,1,1,90.25,3838.75,0,0,1,0,1,0,0,0,1,0,0,0,0,0,1,0,0,0,0,0,0,1,0
0,0,0,15,1,1,99.0999984741211,1426.4000244140625,1,0,0,0,1,0,1,0,1,0,0,0,0,0,1,0,1,0,0,0,1,0,0
1,1,0,25,1,1,69.5,1752.6500244140625,0,0,1,0,0,0,1,0,0,0,0,0,1,0,1,0,0,0,0,0,1,0,0
1,1,0,8,1,1,80.6500015258789,633.2999877929688,1,0,1,0,1,0,0,0,1,0,0,0,0,0,0,0,0,0,0,0,1,0,0
1,1,1,60,1,1,74.8499984741211,4456.35009765625,0,0,0,0,0,0,1,0,1,0,1,0,1,0,0,0,1,0,1,0,1,0,0
1,0,0,18,1,1,95.44999694824219,1752.550048828125,1,1,1,0,1,0,0,0,0,0,0,0,0,0,1,0,1,0,0,0,0,1,0
0,1,1,63,1,1,99.6500015258789,6311.2001953125,0,0,1,0,1,0,1,0,0,0,0,0,0,0,1,0,1,0,1,0,1,0,0
1,1,1,66,1,1,108.44999694824219,7076.35009765625,0,1,1,0,1,0,0,0,1,0,1,0,1,0,1,0,1,0,1,0,0,1,0
0,1,1,34,1,0,24.950000762939453,894.2999877929688,0,0,1,0,0,1,0,1,0,1,0,1,0,1,0,1,0,1,0,1,1,0,0
0,0,0,72,1,1,107.5,7853.7001953125,0,0,1,0,1,0,0,0,0,0,1,0,1,0,1,0,1,0,0,1,1,0,0
0,1,0,47,1,1,100.5,4707.10009765625,0,0,1,0,1,0,0,0,0,0,1,0,0,0,1,0,1,0,0,0,0,1,0
0,0,0,60,1,1,89.9000015258789,5450.7001953125,0,1,1,0,1,0,0,0,1,0,0,0,0,0,1,0,0,0,0,0,0,0,0
0,1,0,72,0,0,42.099998474121094,2962.0,0,1,0,1,0,0,1,0,1,0,1,0,0,0,0,0,0,0,0,1,0,0,0
0,1,1,18,1,1,54.400001525878906,957.0999755859375,0,0,0,0,0,0,0,0,0,0,1,0,1,0,0,0,0,0,1,0,1,0,0
0,0,0,9,1,0,94.4000015258789,857.25,1,0,1,0,1,0,0,0,0,0,0,0,0,0,1,0,1,0,0,0,0,1,0
0,0,0,3,1,1,75.30000305175781,244.10000610351562,0,0,0,0,0,0,0,0,1,0,0,0,1,0,1,0,1,0,0,0,0,1,0
0,1,0,47,1,1,78.9000015258789,3650.35009765625,0,1,1,0,1,0,0,0,1,0,0,0,0,0,0,0,0,0,1,0,0,1,0
0,0,0,31,1,0,79.19999694824219,2497.199951171875,0,0,0,0,0,0,0,0,1,0,1,0,1,0,1,0,1,0,0,1,0,0,1
0,1,1,50,1,0,20.149999618530273,930.9000244140625,0,0,0,0,0,1,0,1,0,1,0,1,0,1,0,1,0,1,0,1,0,0,0
0,0,0,10,1,1,79.8499984741211,887.3499755859375,0,1,0,0,1,0,1,0,0,0,1,0,0,0,0,0,0,0,0,0,0,0,1
0,0,0,1,1,0,49.04999923706055,49.04999923706055,0,1,0,0,0,0,0,0,0,0,0,0,1,0,0,0,0,0,0,0,0,0,1
0,1,1,52,1,1,20.399999618530273,1090.6500244140625,0,0,0,0,0,1,0,1,0,1,0,1,0,1,0,1,0,1,1,0,0,1,0
1,1,1,64,1,1,111.5999984741211,7099.0,0,1,1,0,1,0,1,0,0,0,1,0,1,0,1,0,1,0,0,1,0,0,0
0,1,1,62,1,1,24.25,1424.5999755859375,0,1,1,0,0,1,0,1,0,1,0,1,0,1,0,1,0,1,0,1,0,0,0
0,0,1,3,1,1,64.5,177.39999389648438,0,0,0,0,0,0,1,0,0,0,0,0,1,0,0,0,1,0,0,0,0,0,0
1,0,0,56,1,0,110.5,6139.5,0,0,1,0,1,0,1,0,1,0,1,0,0,0,1,0,1,0,1,0,0,1,0
0,0,0,46,1,0,55.650001525878906,2688.85009765625,0,0,0,0,0,0,0,0,0,0,0,0,0,0,0,0,1,0,1,0,1,0,0
0,1,1,8,1,0,54.650001525878906,482.25,0,0,0,0,0,0,1,0,1,0,0,0,0,0,0,0,0,0,0,0,0,0,1
1,0,0,30,1,1,74.75,2111.300048828125,0,1,0,0,0,0,1,0,1,0,0,0,0,0,1,0,1,0,0,0,0,1,0
0,1,1,45,1,1,25.899999618530273,1216.5999755859375,0,0,1,0,0,1,0,1,0,1,0,1,0,1,0,1,0,1,1,0,1,0,0
0,0,1,1,1,1,79.3499984741211,79.3499984741211,1,0,0,0,1,0,0,0,0,0,0,0,0,0,1,0,0,0,0,0,0,1,0
0,1,1,11,0,0,50.54999923706055,565.3499755859375,0,0,0,1,0,0,1,0,0,0,0,0,0,0,1,0,1,0,0,0,0,1,0
0,1,0,7,1,1,75.1500015258789,496.8999938964844,1,0,0,0,1,0,0,0,0,0,1,0,0,0,0,0,0,0,0,0,0,0,0
0,0,0,42,1,1,103.80000305175781,4327.5,0,0,0,0,1,0,0,0,1,0,1,0,1,0,1,0,1,0,0,0,0,0,0
0,1,0,49,1,1,20.149999618530273,973.3499755859375,0,0,0,0,0,1,0,1,0,1,0,1,0,1,0,1,0,1,0,1,0,0,0
0,0,0,9,1,1,99.30000305175781,918.75,0,1,1,0,1,0,0,0,1,0,0,0,0,0,1,0,1,0,0,0,1,0,0
0,1,0,35,1,1,62.150001525878906,2215.449951171875,0,0,0,0,0,0,1,0,0,0,0,0,0,0,1,0,0,0,1,0,0,0,0
0,1,1,48,1,0,20.649999618530273,1057.0,0,0,0,0,0,1,0,1,0,1,0,1,0,1,0,1,0,1,0,1,0,0,0
0,1,1,46,1,1,19.950000762939453,927.0999755859375,0,0,0,0,0,1,0,1,0,1,0,1,0,1,0,1,0,1,0,1,0,0,1
0,1,0,29,0,0,33.75,1009.25,0,1,0,1,0,0,0,0,0,0,0,0,0,0,1,0,0,0,0,0,0,0,1
0,1,1,30,1,0,82.05000305175781,2570.199951171875,0,1,0,0,1,0,0,0,1,0,1,0,0,0,0,0,0,0,0,0,0,0,0
1,0,0,1,1,0,74.69999694824219,74.69999694824219,0,1,0,0,1,0,0,0,0,0,0,0,1,0,0,0,0,0,0,0,0,1,0
0,1,1,66,1,1,84.0,5714.25,0,1,1,0,0,0,1,0,0,0,1,0,1,0,1,0,1,0,0,1,0,0,1
0,0,0,65,1,1,111.05000305175781,7107.0,0,0,1,0,1,0,1,0,1,0,1,0,0,0,1,0,1,0,0,0,1,0,0
0,0,0,72,1,1,100.9000015258789,7459.0498046875,0,1,1,0,1,0,0,0,1,0,1,0,0,0,1,0,1,0,0,1,0,0,0
0,0,0,12,1,1,78.94999694824219,927.3499755859375,1,0,1,0,1,0,1,0,0,0,0,0,0,0,0,0,0,0,0,0,0,1,0
0,1,1,71,1,1,66.8499984741211,4748.7001953125,0,1,1,0,0,0,1,0,1,0,0,0,1,0,0,0,0,0,1,0,1,0,0
0,0,0,5,1,0,21.049999237060547,113.8499984741211,1,1,0,0,0,1,0,1,0,1,0,1,0,1,0,1,0,1,0,0,0,0,1
0,0,0,52,1,0,21.0,1107.199951171875,0,1,0,0,0,1,0,1,0,1,0,1,0,1,0,1,0,1,0,1,0,0,0
1,1,0,25,1,1,98.5,2514.5,1,0,0,0,1,0,0,0,1,0,1,0,0,0,1,0,1,0,0,0,0,1,0
0,0,0,1,1,0,20.200000762939453,20.200000762939453,0,1,0,0,0,1,0,1,0,1,0,1,0,1,0,1,0,1,0,0,0,0,1
0,1,1,1,1,0,19.450000762939453,19.450000762939453,0,0,0,0,0,1,0,1,0,1,0,1,0,1,0,1,0,1,0,0,0,1,0
0,0,0,38,1,0,95.0,3605.60009765625,0,1,1,0,1,0,0,0,0,0,1,0,1,0,1,0,0,0,1,0,0,0,0
1,1,0,66,0,0,45.54999923706055,3027.25,0,0,0,1,0,0,0,0,1,0,1,0,0,0,1,0,0,0,1,0,0,0,0
0,1,0,68,1,1,110.0,7611.85009765625,1,1,1,0,1,0,0,0,1,0,1,0,1,0,1,0,1,0,0,1,0,0,0
0,0,0,5,0,0,24.299999237060547,100.19999694824219,0,1,0,1,0,0,0,0,0,0,0,0,0,0,0,0,0,0,0,0,0,0,1
0,1,1,72,1,1,104.1500015258789,7303.0498046875,0,0,1,0,1,0,1,0,1,0,0,0,0,0,1,0,1,0,1,0,0,1,0
0,0,0,32,0,0,30.149999618530273,927.6500244140625,0,0,0,1,0,0,1,0,0,0,0,0,0,0,0,0,0,0,1,0,0,0,1
0,0,0,43,1,0,94.3499984741211,3921.300048828125,0,1,1,0,1,0,0,0,0,0,0,0,0,0,1,0,1,0,1,0,0,0,1
0,1,1,72,1,0,19.399999618530273,1363.25,0,1,0,0,0,1,0,1,0,1,0,1,0,1,0,1,0,1,0,1,1,0,0
0,1,0,55,1,1,96.75,5238.89990234375,1,1,1,0,1,0,1,0,1,0,0,0,0,0,1,0,0,0,0,0,0,1,0
0,0,0,52,1,0,57.95000076293945,3042.25,0,0,0,0,0,0,1,0,0,0,1,0,1,0,0,0,0,0,1,0,1,0,0
0,0,0,43,1,1,91.6500015258789,3954.10009765625,0,0,0,0,1,0,0,0,1,0,1,0,0,0,1,0,0,0,0,0,0,1,0
1,1,0,37,1,1,76.5,2868.14990234375,1,0,1,0,1,0,0,0,0,0,0,0,0,0,0,0,0,0,0,0,0,1,0
0,1,1,64,0,1,54.599998474121094,3423.5,0,0,0,1,0,0,0,0,1,0,0,0,1,0,1,0,1,0,0,1,0,1,0
0,1,1,3,1,0,89.8499984741211,248.39999389648438,0,1,0,0,1,0,1,0,1,0,0,0,0,0,1,0,0,0,0,0,0,1,0
0,0,0,36,0,0,31.049999237060547,1126.3499755859375,0,0,0,1,0,0,1,0,0,0,0,0,0,0,0,0,0,0,0,1,0,0,0
0,1,1,10,1,1,100.25,1064.6500244140625,1,0,1,0,1,0,1,0,0,0,0,0,0,0,1,0,1,0,0,0,0,1,0
0,0,0,41,1,0,20.649999618530273,835.1500244140625,0,0,0,0,0,1,0,1,0,1,0,1,0,1,0,1,0,1,0,1,0,0,1
0,1,1,27,1,1,85.19999694824219,2151.60009765625,0,1,1,0,1,0,0,0,1,0,0,0,1,0,0,0,0,0,0,0,1,0,0
0,1,1,56,1,1,99.80000305175781,5515.4501953125,0,0,1,0,1,0,0,0,0,0,1,0,0,0,1,0,1,0,1,0,1,0,0
0,0,0,6,1,0,20.700000762939453,112.75,0,0,0,0,0,1,0,1,0,1,0,1,0,1,0,1,0,1,0,0,0,0,1
0,0,0,3,1,1,74.4000015258789,229.5500030517578,1,1,1,0,1,0,0,0,0,0,0,0,0,0,0,0,0,0,0,0,0,1,0
0,1,1,7,1,0,50.70000076293945,350.3500061035156,0,0,0,0,0,0,1,0,0,0,0,0,0,0,0,0,0,0,0,0,0,0,1
0,1,1,4,1,0,20.850000381469727,62.900001525878906,0,0,0,0,0,1,0,1,0,1,0,1,0,1,0,1,0,1,0,0,0,0,1
0,0,0,33,1,1,88.94999694824219,3027.64990234375,0,1,0,0,1,0,1,0,0,0,0,0,1,0,1,0,0,0,0,1,0,1,0
1,0,0,27,1,1,78.05000305175781,2135.5,1,0,1,0,1,0,0,0,0,0,1,0,0,0,0,0,0,0,0,0,0,1,0
0,1,0,72,1,1,23.549999237060547,1723.949951171875,0,1,1,0,0,1,0,1,0,1,0,1,0,1,0,1,0,1,0,1,0,0,0
0,0,0,1,1,0,19.75,19.75,0,1,0,0,0,1,0,1,0,1,0,1,0,1,0,1,0,1,0,0,0,0,1
1,0,0,71,0,1,56.45000076293945,3985.35009765625,0,1,0,1,0,0,1,0,1,0,0,0,0,0,1,0,1,0,1,0,0,1,0
0,0,0,13,1,1,85.94999694824219,1215.6500244140625,0,0,1,0,1,0,0,0,0,0,0,0,0,0,0,0,1,0,0,0,0,1,0
0,1,1,25,0,1,58.599998474121094,1502.6500244140625,1,0,0,1,0,0,1,0,1,0,1,0,0,0,1,0,1,0,0,0,1,0,0
0,0,0,67,1,0,50.54999923706055,3260.10009765625,0,1,0,0,0,0,0,0,0,0,0,0,1,0,0,0,0,0,0,1,0,0,0
0,0,0,1,0,1,35.45000076293945,35.45000076293945,1,1,0,1,0,0,0,0,0,0,0,0,0,0,0,0,1,0,0,0,0,1,0
0,0,0,2,1,0,44.349998474121094,81.25,1,1,0,0,0,0,0,0,0,0,0,0,0,0,0,0,0,0,0,0,0,1,0
0,0,0,43,1,1,25.700000762939453,1188.199951171875,0,0,1,0,0,1,0,1,0,1,0,1,0,1,0,1,0,1,0,1,1,0,0
0,0,0,23,1,1,75.0,1778.5,0,0,0,0,1,0,1,0,0,0,0,0,0,0,0,0,0,0,0,0,0,0,0
0,1,1,64,1,0,20.200000762939453,1277.75,0,0,0,0,0,1,0,1,0,1,0,1,0,1,0,1,0,1,0,1,0,0,1
0,0,1,57,1,1,19.600000381469727,1170.550048828125,0,1,0,0,0,1,0,1,0,1,0,1,0,1,0,1,0,1,0,1,0,0,1
1,1,0,1,1,1,70.44999694824219,70.44999694824219,1,0,0,0,1,0,0,0,0,0,0,0,0,0,0,0,0,0,0,0,0,0,1
1,1,1,72,1,1,88.05000305175781,6425.64990234375,0,0,1,0,0,0,1,0,1,0,1,0,1,0,1,0,1,0,0,1,1,0,0
0,0,0,8,1,0,71.1500015258789,563.6500244140625,1,0,1,0,0,0,1,0,0,0,0,0,1,0,0,0,1,0,0,0,0,1,0
0,1,0,61,1,1,101.05000305175781,5971.25,0,0,1,0,1,0,0,0,1,0,0,0,0,0,1,0,1,0,0,1,0,0,0
0,0,0,64,1,1,84.30000305175781,5289.0498046875,0,1,1,0,1,0,1,0,1,0,0,0,0,0,0,0,0,0,1,0,1,0,0
1,1,0,71,1,0,23.950000762939453,1756.199951171875,0,1,1,0,0,1,0,1,0,1,0,1,0,1,0,1,0,1,0,1,0,0,0
0,1,1,65,1,1,99.05000305175781,6416.7001953125,0,0,1,0,1,0,1,0,1,0,0,0,1,0,1,0,0,0,0,1,1,0,0
0,0,0,3,1,0,19.600000381469727,61.349998474121094,0,1,0,0,0,1,0,1,0,1,0,1,0,1,0,1,0,1,1,0,0,0,1
0,0,0,1,1,1,45.650001525878906,45.650001525878906,1,1,0,0,0,0,0,0,0,0,0,0,0,0,0,0,0,0,0,0,0,1,0
0,0,1,30,1,0,64.5,1929.949951171875,0,1,0,0,0,0,0,0,1,0,1,0,0,0,1,0,0,0,1,0,1,0,0
0,1,1,15,1,1,69.5,1071.4000244140625,0,1,0,0,0,0,0,0,1,0,1,0,1,0,0,0,1,0,0,0,0,0,1
0,1,1,8,1,1,68.55000305175781,564.3499755859375,0,0,0,0,0,0,0,0,0,0,0,0,1,0,1,0,1,0,0,0,0,1,0
0,0,0,7,1,0,95.0,655.5,1,1,1,0,1,0,0,0,0,0,0,0,0,0,1,0,1,0,0,0,0,0,1
0,1,1,70,1,1,108.1500015258789,7930.5498046875,0,0,1,0,1,0,1,0,1,0,1,0,0,0,1,0,1,0,1,0,1,0,0
0,1,1,62,1,0,86.0999984741211,5215.25,0,1,0,0,0,0,1,0,1,0,1,0,1,0,1,0,1,0,0,1,0,1,0
0,1,1,6,1,0,19.700000762939453,113.5,0,0,0,0,0,1,0,1,0,1,0,1,0,1,0,1,0,1,0,0,0,0,1
0,1,1,14,1,1,80.9000015258789,1152.800048828125,0,0,0,0,1,0,0,0,0,0,0,0,0,0,0,0,1,0,0,0,0,0,0
0,0,0,22,1,1,84.1500015258789,1821.949951171875,0,0,1,0,1,0,0,0,0,0,0,0,0,0,1,0,0,0,0,0,0,0,0
0,1,1,22,1,0,20.149999618530273,419.8999938964844,0,1,0,0,0,1,0,1,0,1,0,1,0,1,0,1,0,1,1,0,0,0,1
0,1,1,16,1,0,64.25,1024.0,0,1,0,0,0,0,1,0,0,0,1,0,0,0,1,0,0,0,0,1,0,0,1
0,0,0,10,1,0,25.700000762939453,251.60000610351562,0,1,1,0,0,1,0,1,0,1,0,1,0,1,0,1,0,1,0,1,0,0,0
0,0,1,13,1,1,56.0,764.5499877929688,0,0,0,0,0,0,1,0,1,0,0,0,0,0,0,0,0,0,0,0,0,1,0
0,1,0,20,1,0,82.4000015258789,1592.3499755859375,1,0,1,0,1,0,1,0,0,0,0,0,0,0,0,0,0,0,0,0,0,1,0
0,0,0,2,1,1,69.69999694824219,135.1999969482422,0,0,0,0,1,0,0,0,0,0,0,0,0,0,0,0,0,0,0,0,0,1,0
0,0,0,53,1,1,73.9000015258789,3958.25,0,1,1,0,0,0,0,0,1,0,1,0,1,0,0,0,1,0,0,1,0,0,0
0,1,1,11,1,0,20.600000381469727,233.89999389648438,0,0,0,0,0,1,0,1,0,1,0,1,0,1,0,1,0,1,1,0,0,0,1
0,1,0,69,1,0,19.899999618530273,1363.449951171875,0,1,0,0,0,1,0,1,0,1,0,1,0,1,0,1,0,1,0,1,0,0,1
0,0,0,4,1,1,70.9000015258789,273.0,1,0,0,0,1,0,0,0,0,0,0,0,0,0,0,0,0,0,0,0,0,0,0
0,1,0,72,1,1,89.05000305175781,6254.4501953125,0,1,1,0,0,0,1,0,1,0,1,0,1,0,1,0,1,0,0,1,0,0,0
1,1,0,58,0,1,45.29999923706055,2651.199951171875,1,1,0,1,0,0,0,0,1,0,1,0,0,0,0,0,1,0,0,0,0,1,0
0,1,1,16,1,0,20.399999618530273,321.3999938964844,0,0,0,0,0,1,0,1,0,1,0,1,0,1,0,1,0,1,0,0,0,1,0
0,1,0,43,1,1,84.25,3539.25,0,1,0,0,1,0,1,0,0,0,1,0,1,0,0,0,0,0,1,0,0,0,0
0,1,0,2,1,1,104.4000015258789,242.8000030517578,1,0,1,0,1,0,0,0,0,0,1,0,1,0,1,0,1,0,0,0,0,1,0
0,1,0,14,1,0,81.94999694824219,1181.75,0,1,0,0,0,0,0,0,1,0,1,0,1,0,1,0,1,0,0,1,0,0,1
0,1,0,53,1,1,94.8499984741211,5000.2001953125,1,0,0,0,1,0,0,0,0,0,1,0,0,0,1,0,1,0,1,0,0,0,0
0,0,0,32,1,0,20.549999237060547,654.5499877929688,0,0,0,0,0,1,0,1,0,1,0,1,0,1,0,1,0,1,1,0,0,0,0
0,1,0,34,1,0,24.700000762939453,780.2000122070312,0,0,1,0,0,1,0,1,0,1,0,1,0,1,0,1,0,1,0,0,0,1,0
1,0,0,15,1,1,74.44999694824219,1145.699951171875,1,0,1,0,1,0,0,0,0,0,0,0,0,0,0,0,0,0,0,0,0,0,1
1,0,0,7,1,0,76.44999694824219,503.6000061035156,1,0,0,0,1,0,1,0,0,0,0,0,0,0,0,0,0,0,0,0,0,0,0
0,1,1,15,1,1,105.3499984741211,1559.25,0,0,1,0,1,0,0,0,1,0,1,0,0,0,1,0,1,0,0,0,0,0,0
0,1,0,61,1,1,20.549999237060547,1252.0,0,1,0,0,0,1,0,1,0,1,0,1,0,1,0,1,0,1,1,0,1,0,0
0,0,0,1,0,0,29.950000762939453,29.950000762939453,1,0,0,1,0,0,0,0,1,0,0,0,0,0,0,0,0,0,0,0,0,0,0
0,0,0,1,1,0,45.29999923706055,45.29999923706055,0,0,0,0,0,0,0,0,0,0,0,0,0,0,0,0,0,0,0,0,0,0,1
0,0,0,8,1,0,84.5,662.6500244140625,1,1,1,0,1,0,0,0,0,0,0,0,0,0,0,0,1,0,0,0,0,0,0
0,1,1,33,1,0,74.75,2453.300048828125,0,1,0,0,0,0,1,0,0,0,1,0,0,0,1,0,1,0,1,0,1,0,0
0,0,0,13,1,1,79.25,1111.6500244140625,1,0,0,0,1,0,0,0,1,0,1,0,0,0,0,0,0,0,0,0,0,1,0
0,1,0,1,0,1,24.799999237060547,24.799999237060547,1,0,0,1,0,0,0,0,0,0,0,0,0,0,0,0,0,0,0,0,0,1,0
0,0,0,20,1,1,51.79999923706055,1023.8499755859375,0,1,0,0,0,0,0,0,1,0,0,0,0,0,0,0,0,0,0,0,0,0,1
0,0,0,3,0,0,30.399999618530273,82.1500015258789,0,1,0,1,0,0,0,0,0,0,0,0,1,0,0,0,0,0,0,0,0,1,0
0,0,0,13,1,0,19.649999618530273,244.8000030517578,0,0,0,0,0,1,0,1,0,1,0,1,0,1,0,1,0,1,1,0,0,1,0
0,1,0,40,1,0,56.599998474121094,2379.10009765625,0,0,1,0,0,0,0,0,1,0,0,0,0,0,0,0,0,0,0,0,1,0,0
0,1,1,43,1,1,71.9000015258789,3173.35009765625,0,1,1,0,0,0,1,0,0,0,0,0,1,0,0,0,1,0,1,0,1,0,0
0,1,0,6,1,1,91.0,531.0,1,1,0,0,1,0,0,0,1,0,1,0,0,0,0,0,1,0,0,0,0,1,0
0,1,1,69,1,0,19.75,1375.4000244140625,0,0,0,0,0,1,0,1,0,1,0,1,0,1,0,1,0,1,0,1,0,0,0
0,1,1,72,1,0,109.69999694824219,8129.2998046875,0,0,1,0,1,0,1,0,1,0,1,0,0,0,1,0,1,0,0,1,1,0,0
0,1,1,59,1,0,19.299999237060547,1192.699951171875,0,1,0,0,0,1,0,1,0,1,0,1,0,1,0,1,0,1,0,1,1,0,0
0,1,0,20,1,1,96.55000305175781,1901.6500244140625,0,0,0,0,1,0,1,0,1,0,0,0,1,0,1,0,0,0,0,0,0,1,0
0,1,1,24,1,1,24.100000381469727,587.4000244140625,0,1,1,0,0,1,0,1,0,1,0,1,0,1,0,1,0,1,0,1,0,0,0
0,0,0,59,1,1,111.3499984741211,6519.75,0,1,1,0,1,0,0,0,1,0,1,0,1,0,1,0,1,0,0,0,0,1,0
0,1,1,72,1,1,112.25,8041.64990234375,0,1,1,0,1,0,0,0,1,0,1,0,1,0,1,0,1,0,0,1,0,0,0
0,0,1,1,1,0,20.75,20.75,0,1,0,0,0,1,0,1,0,1,0,1,0,1,0,1,0,1,0,0,0,0,1
0,1,0,27,1,1,101.9000015258789,2681.14990234375,0,0,0,0,1,0,1,0,0,0,0,0,1,0,1,0,1,0,1,0,1,0,0
0,0,0,14,1,1,80.05000305175781,1112.300048828125,0,0,0,0,1,0,0,0,1,0,0,0,1,0,0,0,0,0,0,0,1,0,0
0,1,1,71,1,0,105.55000305175781,7405.5,0,1,1,0,1,0,1,0,0,0,1,0,0,0,1,0,1,0,0,1,0,1,0
0,0,1,13,1,1,78.30000305175781,1033.949951171875,0,1,0,0,1,0,0,0,0,0,0,0,0,0,1,0,0,0,0,0,1,0,0
0,0,0,44,1,0,68.8499984741211,2958.949951171875,0,1,0,0,1,0,0,0,0,0,0,0,0,0,0,0,0,0,0,0,1,0,0
0,0,0,33,1,1,79.94999694824219,2684.85009765625,0,0,0,0,1,0,0,0,1,0,0,0,1,0,0,0,0,0,1,0,0,0,0
0,1,1,72,0,1,55.45000076293945,4179.2001953125,0,1,0,1,0,0,1,0,1,0,1,0,1,0,0,0,1,0,0,1,1,0,0
0,0,0,1,1,0,79.9000015258789,79.9000015258789,1,1,0,0,1,0,0,0,0,0,0,0,0,0,0,0,1,0,0,0,0,1,0
0,0,0,19,1,1,106.5999984741211,1934.449951171875,1,0,0,0,1,0,1,0,0,0,1,0,1,0,1,0,1,0,0,0,0,1,0
0,1,0,64,1,1,102.44999694824219,6654.10009765625,0,1,0,0,1,0,0,0,1,0,1,0,1,0,1,0,1,0,1,0,1,0,0
0,0,0,2,1,1,46.0,84.5,1,1,0,0,0,0,0,0,0,0,0,0,0,0,0,0,0,0,0,0,1,0,0
0,0,0,1,0,0,25.25,25.25,0,0,0,1,0,0,0,0,0,0,0,0,0,0,0,0,0,0,0,0,0,1,0
0,0,1,61,1,0,19.75,1124.199951171875,0,1,0,0,0,1,0,1,0,1,0,1,0,1,0,1,0,1,0,1,0,0,1
0,1,1,29,1,0,20.0,540.0499877929688,0,0,0,0,0,1,0,1,0,1,0,1,0,1,0,1,0,1,1,0,0,1,0
1,1,0,23,1,0,86.80000305175781,1975.8499755859375,0,1,1,0,1,0,0,0,0,0,0,0,0,0,0,0,1,0,0,0,0,1,0
0,1,0,57,0,1,58.75,3437.449951171875,0,0,0,1,0,0,1,0,1,0,1,0,0,0,1,0,1,0,0,0,0,0,0
0,1,1,72,0,0,45.25,3139.800048828125,0,1,0,1,0,0,1,0,1,0,1,0,1,0,0,0,0,0,0,1,1,0,0
0,1,0,66,0,1,56.599998474121094,3789.199951171875,0,1,0,1,0,0,1,0,1,0,1,0,1,0,1,0,0,0,0,1,0,0,0
0,1,1,65,1,1,84.19999694824219,5324.5,0,1,1,0,0,0,0,0,1,0,1,0,1,0,1,0,1,0,0,1,0,0,0
0,0,0,8,1,1,80.0,624.5999755859375,0,0,0,0,1,0,0,0,0,0,0,0,0,0,1,0,0,0,0,0,0,0,0
0,0,0,4,1,1,70.1500015258789,268.3500061035156,1,0,0,0,1,0,0,0,0,0,0,0,0,0,0,0,0,0,0,0,0,1,0
0,1,0,71,1,0,24.75,1836.9000244140625,0,0,1,0,0,1,0,1,0,1,0,1,0,1,0,1,0,1,0,1,0,0,0
0,1,1,1,1,1,20.200000762939453,20.200000762939453,0,1,0,0,0,1,0,1,0,1,0,1,0,1,0,1,0,1,1,0,0,1,0
0,1,0,4,1,0,50.04999923706055,179.35000610351562,1,1,0,0,0,0,0,0,0,0,0,0,1,0,0,0,0,0,0,0,0,0,1
0,0,0,12,1,1,19.350000381469727,219.35000610351562,0,0,0,0,0,1,0,1,0,1,0,1,0,1,0,1,0,1,1,0,0,0,0
0,0,0,24,0,1,50.599998474121094,1288.75,0,1,0,1,0,0,1,0,0,0,0,0,0,0,1,0,1,0,1,0,0,0,1
0,1,1,31,1,1,81.1500015258789,2545.75,0,0,0,0,0,0,1,0,0,0,1,0,1,0,1,0,1,0,1,0,0,0,1
0,1,0,1,1,0,55.20000076293945,55.20000076293945,1,0,0,0,0,0,0,0,0,0,0,0,0,0,1,0,0,0,0,0,0,0,1
0,0,0,30,1,1,89.9000015258789,2723.14990234375,0,1,1,0,1,0,0,0,0,0,0,0,1,0,0,0,1,0,0,0,1,0,0
0,1,1,47,1,1,85.30000305175781,4107.25,0,0,1,0,0,0,1,0,1,0,0,0,1,0,1,0,1,0,0,1,1,0,0
0,0,0,54,1,1,108.0,5760.64990234375,0,1,1,0,1,0,1,0,1,0,0,0,1,0,1,0,1,0,0,1,1,0,0
0,0,0,50,1,1,93.5,4747.5,0,1,0,0,1,0,1,0,1,0,0,0,1,0,0,0,1,0,0,0,1,0,0
0,0,0,1,1,1,84.5999984741211,84.5999984741211,1,1,0,0,1,0,1,0,0,0,0,0,0,0,0,0,1,0,0,0,0,0,1
0,0,0,72,1,0,20.25,1566.9000244140625,0,0,0,0,0,1,0,1,0,1,0,1,0,1,0,1,0,1,0,1,1,0,0
0,0,0,29,1,0,25.149999618530273,702.0,0,0,1,0,0,1,0,1,0,1,0,1,0,1,0,1,0,1,0,0,0,1,0
0,0,0,2,1,1,54.400001525878906,114.0999984741211,1,1,1,0,0,0,0,0,1,0,0,0,0,0,0,0,0,0,0,0,0,0,1
0,0,0,10,0,1,29.600000381469727,299.04998779296875,0,0,0,1,0,0,0,0,0,0,0,0,1,0,0,0,0,0,0,1,0,0,1
0,1,0,18,1,1,73.1500015258789,1305.949951171875,0,1,1,0,1,0,0,0,0,0,0,0,0,0,0,0,0,0,0,0,0,1,0
1,0,0,11,1,1,95.0,1120.300048828125,1,0,0,0,1,0,0,0,1,0,0,0,0,0,1,0,1,0,0,0,0,1,0
0,0,0,16,1,0,19.75,284.3500061035156,0,1,0,0,0,1,0,1,0,1,0,1,0,1,0,1,0,1,0,1,0,0,1
0,0,0,72,1,0,86.5999984741211,6350.5,0,0,1,0,0,0,0,0,1,0,1,0,1,0,1,0,1,0,0,1,0,0,0
0,0,0,72,1,0,109.19999694824219,7878.2998046875,0,1,1,0,1,0,0,0,1,0,1,0,1,0,1,0,1,0,0,1,0,0,0
0,1,1,41,1,1,74.69999694824219,3187.64990234375,0,0,0,0,0,0,1,0,0,0,0,0,1,0,1,0,1,0,1,0,1,0,0
1,1,0,65,1,0,94.4000015258789,6126.14990234375,0,0,0,0,1,0,1,0,1,0,1,0,0,0,0,0,1,0,0,0,0,1,0
1,0,0,13,1,1,54.79999923706055,731.2999877929688,0,0,0,0,0,0,0,0,1,0,1,0,0,0,0,0,0,0,0,0,0,1,0
1,0,0,4,1,0,75.3499984741211,273.3999938964844,0,1,0,0,1,0,1,0,0,0,0,0,0,0,0,0,0,0,0,0,0,1,0
0,0,0,41,1,0,65.0,2531.800048828125,0,1,1,0,0,0,0,0,0,0,1,0,0,0,0,0,1,0,1,0,0,0,1
1,0,0,15,1,1,74.4000015258789,1074.300048828125,1,1,0,0,1,0,0,0,1,0,0,0,0,0,0,0,0,0,0,0,0,1,0
0,0,0,1,1,1,48.54999923706055,48.54999923706055,1,1,0,0,0,0,1,0,0,0,0,0,0,0,0,0,0,0,0,0,0,0,1
0,0,0,42,1,1,99.0,4298.4501953125,0,1,1,0,1,0,1,0,1,0,1,0,0,0,0,0,1,0,1,0,0,1,0
0,1,0,51,1,1,93.5,4619.5498046875,0,0,0,0,1,0,1,0,1,0,1,0,0,0,1,0,0,0,1,0,0,1,0
0,1,1,2,1,0,70.4000015258789,147.14999389648438,1,0,0,0,1,0,0,0,0,0,0,0,0,0,0,0,0,0,0,0,0,1,0
1,1,0,1,0,0,40.20000076293945,40.20000076293945,1,1,0,1,0,0,0,0,1,0,0,0,0,0,1,0,0,0,0,0,0,1,0
0,0,1,32,1,0,83.69999694824219,2633.300048828125,0,1,1,0,0,0,0,0,1,0,1,0,1,0,1,0,1,0,1,0,1,0,0
0,0,0,10,1,1,19.850000381469727,193.0500030517578,0,1,0,0,0,1,0,1,0,1,0,1,0,1,0,1,0,1,0,0,0,0,1
0,1,1,67,0,1,59.54999923706055,4103.89990234375,0,0,0,1,0,0,0,0,1,0,1,0,1,0,1,0,1,0,0,1,0,1,0
0,1,1,61,1,0,115.0999984741211,7008.14990234375,0,0,1,0,1,0,1,0,1,0,1,0,1,0,1,0,1,0,0,1,1,0,0
0,0,0,50,1,0,114.3499984741211,5791.10009765625,0,1,1,0,1,0,1,0,1,0,1,0,1,0,1,0,1,0,1,0,1,0,0
0,1,0,2,1,1,44.599998474121094,80.55000305175781,1,0,0,0,0,0,0,0,0,0,0,0,0,0,0,0,0,0,0,0,1,0,0
1,1,0,29,0,1,45.0,1228.6500244140625,0,0,0,1,0,0,1,0,0,0,1,0,0,0,0,0,1,0,0,0,0,1,0
1,0,0,3,0,1,41.150001525878906,132.1999969482422,1,1,0,1,0,0,0,0,0,0,1,0,0,0,0,0,1,0,0,0,0,1,0
1,0,0,13,1,1,106.9000015258789,1364.300048828125,1,1,1,0,1,0,0,0,1,0,1,0,0,0,1,0,1,0,0,0,0,1,0
1,1,0,57,1,1,89.8499984741211,4925.35009765625,0,1,1,0,1,0,0,0,1,0,0,0,0,0,0,0,1,0,0,0,0,1,0
0,0,0,31,0,1,49.849998474121094,1520.0999755859375,0,0,0,1,0,0,1,0,1,0,0,0,1,0,0,0,1,0,0,1,0,0,0
0,1,0,45,1,0,113.30000305175781,5032.25,0,0,1,0,1,0,1,0,1,0,1,0,1,0,1,0,1,0,1,0,0,0,1
0,1,1,61,1,0,88.0999984741211,5526.75,0,0,1,0,0,0,1,0,1,0,1,0,1,0,1,0,1,0,0,1,0,0,1
0,0,0,50,1,0,24.899999618530273,1195.25,0,1,1,0,0,1,0,1,0,1,0,1,0,1,0,1,0,1,0,1,0,0,0
1,0,0,19,1,1,105.0,2007.25,0,0,0,0,1,0,1,0,1,0,0,0,1,0,1,0,1,0,0,0,0,0,1
0,0,0,59,1,0,19.350000381469727,1099.5999755859375,1,1,0,0,0,1,0,1,0,1,0,1,0,1,0,1,0,1,0,1,0,0,1
0,1,0,71,1,1,24.25,1732.949951171875,0,0,1,0,0,1,0,1,0,1,0,1,0,1,0,1,0,1,0,1,1,0,0
1,0,0,16,1,1,94.44999694824219,1511.199951171875,1,0,0,0,1,0,0,0,0,0,0,0,1,0,1,0,1,0,0,0,0,1,0
0,1,0,57,1,1,59.75,3450.14990234375,0,1,0,0,0,0,1,0,1,0,0,0,1,0,0,0,0,0,0,1,0,1,0
0,0,0,1,0,0,24.799999237060547,24.799999237060547,1,1,0,1,0,0,0,0,0,0,0,0,0,0,0,0,0,0,0,0,0,0,0
1,1,0,20,1,0,107.05000305175781,2172.050048828125,0,1,1,0,1,0,0,0,1,0,0,0,1,0,1,0,1,0,0,0,0,1,0
0,0,0,1,1,0,70.5999984741211,70.5999984741211,1,1,0,0,1,0,0,0,0,0,0,0,0,0,0,0,0,0,0,0,0,0,1
0,1,0,5,1,1,85.4000015258789,401.1000061035156,1,1,1,0,1,0,0,0,1,0,0,0,1,0,0,0,0,0,0,0,0,1,0
0,1,0,52,1,1,105.05000305175781,5624.85009765625,1,0,1,0,1,0,0,0,1,0,1,0,0,0,1,0,1,0,0,0,0,1,0
1,1,0,21,1,1,64.94999694824219,1339.800048828125,0,1,0,0,0,0,1,0,1,0,0,0,0,0,0,0,1,0,0,0,0,0,0
0,0,0,14,0,1,55.0,771.9500122070312,0,1,0,1,0,0,0,0,0,0,1,0,1,0,1,0,1,0,0,0,0,1,0
0,0,0,5,1,0,50.54999923706055,244.75,0,0,0,0,0,0,0,0,1,0,0,0,0,0,0,0,0,0,0,0,0,0,0
0,0,0,6,1,0,55.150001525878906,322.8999938964844,0,0,0,0,0,0,1,0,1,0,0,0,0,0,0,0,0,0,0,0,0,0,1
0,0,0,10,1,0,51.20000076293945,498.25,0,0,0,0,0,0,0,0,1,0,0,0,0,0,0,0,0,0,0,0,0,1,0
0,0,1,1,1,0,25.399999618530273,25.399999618530273,0,0,1,0,0,1,0,1,0,1,0,1,0,1,0,1,0,1,0,0,0,0,1
0,0,0,68,1,0,54.45000076293945,3687.75,0,0,1,0,0,0,1,0,0,0,0,0,0,0,0,0,0,0,0,0,0,0,1
0,1,1,18,1,0,95.1500015258789,1779.949951171875,1,1,0,0,1,0,0,0,0,0,1,0,0,0,1,0,1,0,0,0,0,0,1
0,0,0,22,1,1,76.0,1783.5999755859375,0,0,1,0,1,0,0,0,0,0,0,0,0,0,0,0,0,0,1,0,1,0,0
0,0,0,20,1,1,44.349998474121094,927.1500244140625,0,0,0,0,0,0,0,0,0,0,0,0,0,0,0,0,0,0,0,0,0,1,0
0,1,0,1,1,0,70.0,70.0,1,1,0,0,1,0,0,0,0,0,0,0,0,0,0,0,0,0,0,0,0,1,0
1,0,0,8,1,1,74.5,606.5499877929688,1,1,0,0,1,0,0,0,1,0,0,0,0,0,0,0,0,0,0,0,0,1,0
0,0,0,10,1,1,44.849998474121094,435.3999938964844,1,1,0,0,0,0,0,0,0,0,0,0,0,0,0,0,0,0,0,0,1,0,0
1,0,0,24,1,1,76.0999984741211,1712.699951171875,1,1,1,0,1,0,0,0,0,0,0,0,0,0,0,0,0,0,0,0,0,1,0
0,0,0,35,1,0,61.20000076293945,2021.199951171875,0,1,0,0,0,0,1,0,1,0,1,0,0,0,0,0,0,0,1,0,0,0,1
0,1,1,23,1,0,86.80000305175781,1940.800048828125,0,1,0,0,1,0,0,0,1,0,1,0,1,0,0,0,0,0,1,0,0,0,1
1,0,0,6,1,1,89.3499984741211,567.7999877929688,0,0,0,0,1,0,0,0,0,0,0,0,0,0,1,0,1,0,0,0,0,1,0
0,0,0,12,1,0,19.700000762939453,220.35000610351562,0,0,0,0,0,1,0,1,0,1,0,1,0,1,0,1,0,1,0,0,0,0,1
0,0,0,1,1,0,20.25,20.25,0,1,0,0,0,1,0,1,0,1,0,1,0,1,0,1,0,1,0,0,0,0,1
0,1,1,71,1,0,76.05000305175781,5436.4501953125,0,0,0,0,1,0,0,0,0,0,1,0,0,0,0,0,0,0,0,1,0,1,0
1,1,0,35,1,1,100.80000305175781,3437.5,0,1,1,0,1,0,0,0,0,0,1,0,0,0,1,0,1,0,0,0,0,1,0
0,1,1,40,1,1,74.55000305175781,3015.75,0,1,1,0,0,0,0,0,0,0,1,0,0,0,1,0,1,0,0,0,0,1,0
0,0,1,1,1,1,73.5999984741211,73.5999984741211,1,0,0,0,1,0,1,0,0,0,0,0,0,0,0,0,0,0,0,0,0,0,1
0,0,0,23,1,1,64.9000015258789,1509.800048828125,0,1,0,0,0,0,0,0,0,0,0,0,0,0,1,0,1,0,1,0,0,0,0
1,0,0,4,1,1,95.44999694824219,396.1000061035156,1,0,1,0,1,0,0,0,0,0,0,0,0,0,1,0,1,0,0,0,0,1,0
0,0,0,4,1,1,90.4000015258789,356.6499938964844,0,1,0,0,1,0,0,0,0,0,1,0,1,0,0,0,1,0,0,0,0,1,0
0,1,1,68,0,0,60.29999923706055,4109.0,0,0,0,1,0,0,0,0,1,0,1,0,1,0,1,0,1,0,0,1,1,0,0
0,0,1,38,1,1,81.8499984741211,3141.699951171875,0,1,1,0,1,0,0,0,1,0,0,0,0,0,0,0,0,0,0,0,0,0,1
0,1,1,52,1,0,24.799999237060547,1229.0999755859375,0,1,1,0,0,1,0,1,0,1,0,1,0,1,0,1,0,1,0,1,0,0,1
1,1,0,32,1,1,74.9000015258789,2303.35009765625,1,1,1,0,1,0,0,0,0,0,0,0,0,0,0,0,0,0,0,0,0,1,0
0,1,1,29,1,0,75.55000305175781,2054.39990234375,0,1,0,0,0,0,0,0,0,0,1,0,1,0,1,0,1,0,0,1,0,0,1
1,1,1,38,1,0,101.1500015258789,3741.85009765625,0,1,1,0,1,0,0,0,1,0,0,0,0,0,1,0,1,0,0,0,0,1,0
0,0,1,48,1,1,78.75,3682.449951171875,0,1,1,0,0,0,1,0,0,0,1,0,0,0,1,0,1,0,1,0,1,0,0
0,0,0,1,1,1,19.25,19.25,0,0,0,0,0,1,0,1,0,1,0,1,0,1,0,1,0,1,0,0,0,0,0
0,0,0,22,1,1,89.05000305175781,1886.25,0,0,0,0,1,0,1,0,0,0,0,0,1,0,0,0,1,0,0,0,0,1,0
0,0,0,43,1,0,115.05000305175781,4895.10009765625,0,0,1,0,1,0,1,0,1,0,1,0,1,0,1,0,1,0,0,1,1,0,0
1,1,0,5,1,1,69.3499984741211,341.6000061035156,0,0,0,0,1,0,0,0,0,0,0,0,0,0,0,0,0,0,0,0,0,1,0
0,0,0,5,1,1,80.5999984741211,415.54998779296875,1,1,0,0,1,0,0,0,0,0,0,0,0,0,1,0,0,0,0,0,0,1,0
0,1,1,51,1,0,110.05000305175781,5686.39990234375,0,1,1,0,1,0,1,0,1,0,0,0,1,0,1,0,1,0,1,0,1,0,0
0,0,0,71,1,1,19.899999618530273,1355.0999755859375,0,1,0,0,0,1,0,1,0,1,0,1,0,1,0,1,0,1,0,1,1,0,0
0,1,1,38,1,0,80.30000305175781,3058.64990234375,1,0,0,0,0,0,1,0,1,0,0,0,1,0,1,0,1,0,1,0,1,0,0
1,1,0,24,1,1,93.1500015258789,2231.050048828125,1,1,0,0,1,0,0,0,0,0,1,0,0,0,1,0,1,0,0,0,0,1,0
0,1,0,35,1,1,91.5,3236.35009765625,0,1,1,0,1,0,0,0,0,0,0,0,1,0,1,0,0,0,0,0,1,0,0
1,0,0,54,1,0,82.44999694824219,4350.10009765625,1,0,1,0,0,0,1,0,1,0,0,0,1,0,1,0,1,0,1,0,0,0,0
0,1,1,72,0,1,60.0,4264.0,0,0,0,1,0,0,0,0,1,0,1,0,1,0,1,0,1,0,0,1,0,1,0
0,0,0,1,1,1,44.79999923706055,44.79999923706055,0,1,0,0,0,0,0,0,0,0,0,0,0,0,0,0,0,0,0,0,0,1,0
0,1,1,9,1,0,48.599998474121094,422.29998779296875,0,0,0,0,0,0,1,0,0,0,0,0,0,0,0,0,0,0,1,0,0,0,1
0,0,0,69,0,1,60.04999923706055,4176.7001953125,0,1,0,1,0,0,1,0,1,0,0,0,1,0,1,0,1,0,0,1,0,0,0
0,1,0,52,1,1,102.69999694824219,5138.10009765625,0,0,1,0,1,0,0,0,1,0,0,0,1,0,1,0,1,0,0,0,1,0,0
1,1,0,11,1,1,82.9000015258789,880.0499877929688,0,0,0,0,1,0,0,0,0,0,0,0,1,0,1,0,0,0,0,0,0,1,0
1,0,0,2,1,1,70.3499984741211,139.0500030517578,1,0,0,0,1,0,0,0,0,0,0,0,0,0,0,0,0,0,0,0,0,1,0
1,1,1,28,0,1,35.900001525878906,973.6500244140625,0,0,0,1,0,0,0,0,0,0,0,0,0,0,1,0,0,0,0,0,0,1,0
1,0,0,17,1,1,82.6500015258789,1470.050048828125,0,0,1,0,1,0,0,0,0,0,1,0,0,0,0,0,0,0,0,0,1,0,0
0,1,1,35,1,1,19.850000381469727,739.3499755859375,0,0,0,0,0,1,0,1,0,1,0,1,0,1,0,1,0,1,0,1,0,0,1
0,0,0,8,1,1,19.200000762939453,161.9499969482422,0,0,0,0,0,1,0,1,0,1,0,1,0,1,0,1,0,1,1,0,0,0,1
0,0,0,46,1,1,94.9000015258789,4422.9501953125,0,1,1,0,1,0,0,0,1,0,1,0,0,0,1,0,0,0,1,0,1,0,0
0,0,0,7,1,1,73.8499984741211,511.25,1,0,1,0,1,0,0,0,0,0,0,0,0,0,0,0,0,0,0,0,0,1,0
0,0,0,2,1,0,80.5999984741211,155.8000030517578,1,0,1,0,1,0,0,0,0,0,1,0,0,0,0,0,0,0,0,0,0,0,1
0,1,1,68,1,1,75.80000305175781,5293.9501953125,1,1,1,0,0,0,0,0,1,0,1,0,1,0,0,0,1,0,1,0,0,0,0
0,0,0,43,1,1,104.5999984741211,4759.85009765625,1,0,1,0,1,0,0,0,1,0,1,0,0,0,1,0,1,0,0,1,0,1,0
0,0,0,68,1,1,88.1500015258789,6148.4501953125,0,0,1,0,0,0,1,0,1,0,1,0,1,0,1,0,1,0,0,1,0,1,0
0,0,0,36,1,1,94.80000305175781,3565.64990234375,0,0,0,0,1,0,0,0,1,0,0,0,0,0,1,0,1,0,0,0,1,0,0
0,1,0,63,1,1,103.4000015258789,6603.0,1,1,1,0,1,0,0,0,1,0,1,0,0,0,1,0,1,0,0,0,0,1,0
1,0,0,32,1,0,54.650001525878906,1830.0999755859375,0,0,0,0,0,0,0,0,1,0,0,0,1,0,0,0,0,0,0,0,0,0,0
0,1,0,71,1,0,85.75,6223.7998046875,0,0,1,0,0,0,1,0,1,0,1,0,1,0,1,0,1,0,0,1,1,0,0
0,1,1,66,1,1,67.44999694824219,4508.64990234375,0,0,1,0,0,0,1,0,1,0,1,0,0,0,0,0,0,0,0,0,0,0,0
0,0,0,63,1,0,20.5,1328.1500244140625,0,1,0,0,0,1,0,1,0,1,0,1,0,1,0,1,0,1,1,0,0,0,1
0,0,1,41,1,1,20.25,865.0,0,0,0,0,0,1,0,1,0,1,0,1,0,1,0,1,0,1,1,0,1,0,0
1,0,0,1,1,1,72.0999984741211,72.0999984741211,0,0,1,0,1,0,0,0,0,0,0,0,0,0,0,0,0,0,0,0,0,1,0
0,0,0,2,1,1,90.4000015258789,168.1999969482422,1,0,0,0,1,0,0,0,0,0,0,0,0,0,1,0,1,0,0,0,0,1,0
0,1,0,70,1,0,19.450000762939453,1303.5,0,0,0,0,0,1,0,1,0,1,0,1,0,1,0,1,0,1,0,1,0,0,0
0,0,0,23,0,1,44.95000076293945,996.8499755859375,0,0,0,1,0,0,0,0,0,0,0,0,0,0,1,0,1,0,0,0,0,1,0
1,1,0,64,1,0,97.0,6430.89990234375,0,0,0,0,1,0,1,0,1,0,1,0,0,0,0,0,1,0,1,0,0,0,0
0,1,1,37,1,1,62.79999923706055,2278.75,0,1,1,0,0,0,1,0,0,0,1,0,1,0,0,0,0,0,0,1,1,0,0
0,0,1,17,1,0,44.599998474121094,681.4000244140625,0,1,0,0,0,0,0,0,0,0,0,0,0,0,0,0,0,0,1,0,0,0,1
1,0,0,7,1,1,89.1500015258789,574.3499755859375,0,0,0,0,1,0,0,0,0,0,0,0,0,0,1,0,1,0,0,0,0,1,0
0,1,1,4,1,1,84.80000305175781,371.8999938964844,1,1,1,0,1,0,0,0,1,0,1,0,0,0,0,0,0,0,0,0,0,0,0
1,0,0,21,0,1,41.900001525878906,840.0999755859375,1,0,0,1,0,0,1,0,0,0,0,0,0,0,1,0,0,0,0,0,0,1,0
0,0,0,10,1,1,80.25,846.0,1,0,0,0,1,0,0,0,0,0,0,0,0,0,0,0,1,0,0,0,0,0,0
1,0,0,16,1,1,54.099998474121094,889.0,0,0,1,0,0,0,1,0,0,0,0,0,0,0,0,0,0,0,0,0,0,1,0
0,1,0,64,1,1,105.25,6823.39990234375,0,1,1,0,1,0,0,0,1,0,0,0,1,0,1,0,1,0,0,1,0,1,0
1,1,0,27,0,0,30.75,805.0999755859375,1,1,0,1,0,0,1,0,0,0,0,0,0,0,0,0,0,0,0,0,1,0,0
0,1,1,42,1,0,97.0999984741211,4016.75,0,1,1,0,1,0,1,0,0,0,0,0,0,0,1,0,1,0,1,0,0,1,0
0,0,1,5,1,0,20.200000762939453,83.75,0,1,0,0,0,1,0,1,0,1,0,1,0,1,0,1,0,1,0,0,0,0,1
0,0,0,41,1,1,98.80000305175781,3959.14990234375,0,0,0,0,1,0,0,0,1,0,0,0,1,0,1,0,1,0,0,1,0,0,0
0,1,0,58,1,0,50.29999923706055,2878.550048828125,0,1,0,0,0,0,0,0,0,0,1,0,0,0,0,0,0,0,1,0,1,0,0
0,0,0,47,1,1,20.549999237060547,945.7000122070312,0,0,0,0,0,1,0,1,0,1,0,1,0,1,0,1,0,1,0,1,0,0,1
0,0,0,18,1,1,75.9000015258789,1373.050048828125,0,1,0,0,1,0,0,0,0,0,0,0,1,0,0,0,0,0,0,0,0,0,0
0,0,0,5,1,0,96.5,492.54998779296875,1,1,0,0,1,0,0,0,0,0,1,0,0,0,1,0,1,0,0,0,0,0,0
0,1,0,23,1,1,59.95000076293945,1406.0,0,1,0,0,0,0,1,0,0,0,0,0,0,0,0,0,1,0,0,0,0,0,0
0,0,0,1,1,0,19.149999618530273,19.149999618530273,0,0,0,0,0,1,0,1,0,1,0,1,0,1,0,1,0,1,0,0,0,0,1
0,1,0,71,1,1,98.6500015258789,6962.85009765625,0,1,1,0,1,0,0,0,0,0,1,0,0,0,1,0,1,0,1,0,1,0,0
0,1,1,72,1,1,112.5999984741211,8126.64990234375,0,1,1,0,1,0,1,0,1,0,1,0,1,0,1,0,1,0,0,1,1,0,0
0,1,1,33,1,0,20.600000381469727,690.25,0,1,0,0,0,1,0,1,0,1,0,1,0,1,0,1,0,1,1,0,0,0,1
0,0,0,2,1,1,85.6500015258789,181.5,1,1,1,0,1,0,0,0,0,0,0,0,0,0,1,0,0,0,0,0,0,1,0
0,0,1,24,0,0,35.75,830.7999877929688,0,1,0,1,0,0,1,0,0,0,0,0,1,0,0,0,0,0,0,1,0,0,1
0,1,1,56,1,1,99.75,5608.39990234375,0,0,1,0,1,0,0,0,1,0,1,0,1,0,0,0,1,0,1,0,1,0,0
0,0,0,37,1,1,96.0999984741211,3646.800048828125,0,1,0,0,1,0,0,0,1,0,0,0,0,0,1,0,1,0,0,0,1,0,0
0,0,0,43,1,0,85.0999984741211,3662.25,0,0,1,0,0,0,0,0,1,0,1,0,1,0,1,0,1,0,1,0,1,0,0
0,0,0,1,0,0,25.350000381469727,25.350000381469727,0,1,0,1,0,0,0,0,0,0,0,0,0,0,0,0,0,0,0,0,0,0,1
0,1,0,25,1,1,104.94999694824219,2566.5,1,0,1,0,1,0,0,0,0,0,1,0,1,0,1,0,1,0,0,0,0,0,0
0,0,0,61,1,0,89.6500015258789,5308.7001953125,0,0,1,0,0,0,1,0,1,0,1,0,1,0,1,0,1,0,0,1,0,1,0
0,0,0,17,1,0,86.75,1410.25,0,1,1,0,1,0,0,0,0,0,1,0,1,0,0,0,0,0,1,0,0,1,0
0,1,0,41,1,1,86.19999694824219,3339.050048828125,0,0,0,0,1,0,0,0,1,0,1,0,1,0,0,0,0,0,1,0,0,0,0
0,0,0,1,1,0,50.650001525878906,50.650001525878906,1,1,0,0,0,0,0,0,1,0,0,0,0,0,0,0,0,0,0,0,0,0,1
1,1,1,72,0,1,64.80000305175781,4732.35009765625,0,1,0,1,0,0,1,0,1,0,1,0,1,0,1,0,1,0,0,1,0,0,0
0,0,0,1,1,1,90.8499984741211,90.8499984741211,1,1,1,0,1,0,0,0,1,0,0,0,0,0,0,0,1,0,0,0,1,0,0
0,0,0,48,1,1,108.0999984741211,5067.4501953125,0,1,1,0,1,0,0,0,1,0,1,0,0,0,1,0,1,0,0,1,0,0,0
1,1,0,11,1,0,19.950000762939453,214.75,1,1,0,0,0,1,0,1,0,1,0,1,0,1,0,1,0,1,0,0,0,0,1
1,1,0,55,1,1,85.44999694824219,4874.7001953125,1,0,1,0,1,0,0,0,1,0,1,0,0,0,0,0,0,0,0,0,0,1,0
0,0,0,42,0,1,54.75,2348.449951171875,0,0,0,1,0,0,1,0,1,0,1,0,1,0,0,0,1,0,1,0,0,1,0
0,0,0,44,1,1,90.4000015258789,4063.0,0,1,1,0,1,0,0,0,0,0,1,0,0,0,0,0,1,0,0,0,0,0,1
0,0,1,1,1,0,44.0,44.0,0,1,0,0,0,0,0,0,0,0,0,0,0,0,0,0,0,0,0,0,0,1,0
0,0,0,27,1,1,95.5999984741211,2595.25,0,0,1,0,1,0,0,0,0,0,0,0,0,0,1,0,1,0,0,0,0,0,0
1,1,0,27,1,1,84.80000305175781,2309.550048828125,0,1,1,0,0,0,0,0,1,0,1,0,1,0,1,0,1,0,0,0,0,0,0
1,0,0,2,1,1,44.29999923706055,89.30000305175781,0,0,0,0,0,0,0,0,0,0,0,0,0,0,0,0,0,0,0,0,0,1,0
0,0,0,19,1,0,19.899999618530273,367.54998779296875,0,0,0,0,0,1,0,1,0,1,0,1,0,1,0,1,0,1,0,0,0,0,1
1,1,0,42,1,1,95.05000305175781,3944.5,0,0,1,0,1,0,0,0,0,0,0,0,0,0,1,0,1,0,0,0,0,1,0
0,0,0,66,1,1,90.05000305175781,5965.9501953125,0,0,1,0,0,0,1,0,1,0,1,0,1,0,1,0,1,0,0,1,1,0,0
1,1,0,33,1,1,109.9000015258789,3694.699951171875,0,1,1,0,1,0,1,0,0,0,1,0,1,0,1,0,1,0,0,0,0,0,0
0,0,0,34,1,1,73.94999694824219,2524.449951171875,1,0,0,0,1,0,0,0,1,0,0,0,0,0,0,0,0,0,0,0,1,0,0
1,0,0,33,0,1,54.599998474121094,1803.699951171875,0,1,0,1,0,0,0,0,0,0,1,0,1,0,1,0,1,0,0,0,0,1,0
0,1,1,23,1,0,20.049999237060547,415.1000061035156,0,0,0,0,0,1,0,1,0,1,0,1,0,1,0,1,0,1,1,0,0,0,1
0,0,0,32,1,0,19.75,624.1500244140625,0,0,0,0,0,1,0,1,0,1,0,1,0,1,0,1,0,1,1,0,0,0,0
0,0,0,11,1,0,20.049999237060547,237.6999969482422,0,0,0,0,0,1,0,1,0,1,0,1,0,1,0,1,0,1,1,0,1,0,0
0,1,1,69,1,1,99.44999694824219,7007.60009765625,1,1,1,0,1,0,0,0,0,0,1,0,0,0,1,0,1,0,0,0,1,0,0
0,1,0,68,1,0,55.900001525878906,3848.800048828125,0,0,0,0,0,0,1,0,0,0,0,0,1,0,0,0,0,0,1,0,0,0,0
0,0,0,20,1,1,19.700000762939453,419.3999938964844,0,1,0,0,0,1,0,1,0,1,0,1,0,1,0,1,0,1,0,1,0,0,1
0,0,0,72,1,1,19.799999237060547,1468.75,0,1,0,0,0,1,0,1,0,1,0,1,0,1,0,1,0,1,0,1,1,0,0
0,1,1,60,1,1,95.4000015258789,5812.0,0,1,1,0,1,0,1,0,0,0,1,0,0,0,1,0,0,0,1,0,0,0,0
1,1,1,32,1,1,93.94999694824219,2861.449951171875,0,1,0,0,1,0,0,0,1,0,0,0,0,0,1,0,1,0,0,0,0,0,1
0,0,0,1,1,1,19.899999618530273,19.899999618530273,1,0,0,0,0,1,0,1,0,1,0,1,0,1,0,1,0,1,0,0,0,0,1
0,0,0,1,1,1,19.600000381469727,19.600000381469727,1,1,0,0,0,1,0,1,0,1,0,1,0,1,0,1,0,1,0,0,0,0,1
1,0,0,3,1,1,81.3499984741211,233.6999969482422,1,1,1,0,1,0,0,0,1,0,0,0,0,0,0,0,0,0,0,0,0,1,0
0,1,0,46,1,1,24.450000762939453,1066.1500244140625,0,0,1,0,0,1,0,1,0,1,0,1,0,1,0,1,0,1,1,0,0,0,0
0,1,0,29,1,1,74.94999694824219,2149.050048828125,0,0,1,0,1,0,0,0,0,0,0,0,0,0,0,0,0,0,0,0,0,1,0
0,0,0,51,1,1,87.3499984741211,4473.0,0,1,1,0,1,0,0,0,1,0,1,0,1,0,0,0,0,0,0,0,0,1,0
1,1,0,48,1,1,70.6500015258789,3545.050048828125,0,0,0,0,1,0,0,0,0,0,0,0,0,0,0,0,0,0,0,0,0,0,0
0,1,1,16,1,0,73.25,1195.75,0,0,0,0,1,0,0,0,1,0,0,0,0,0,0,0,0,0,0,0,0,0,0
0,1,0,70,1,1,98.69999694824219,6858.89990234375,0,1,1,0,1,0,0,0,1,0,1,0,1,0,0,0,1,0,0,1,0,0,0
0,1,1,40,1,1,24.799999237060547,1024.699951171875,0,0,1,0,0,1,0,1,0,1,0,1,0,1,0,1,0,1,0,1,0,0,1
0,1,1,22,1,0,83.30000305175781,1845.9000244140625,1,0,0,0,1,0,0,0,1,0,0,0,0,0,0,0,1,0,0,0,0,1,0
1,0,0,1,1,1,75.30000305175781,75.30000305175781,1,0,0,0,1,0,0,0,0,0,1,0,0,0,0,0,0,0,0,0,0,0,0
0,1,1,5,1,1,24.299999237060547,132.25,0,0,1,0,0,1,0,1,0,1,0,1,0,1,0,1,0,1,0,0,0,0,1
0,0,0,7,1,1,69.8499984741211,515.4500122070312,0,0,0,0,1,0,0,0,0,0,0,0,0,0,0,0,0,0,0,0,0,0,0
0,0,1,29,1,0,100.55000305175781,2830.449951171875,0,1,1,0,1,0,0,0,1,0,1,0,1,0,0,0,1,0,1,0,1,0,0
0,1,1,44,1,0,25.700000762939453,1110.5,0,1,1,0,0,1,0,1,0,1,0,1,0,1,0,1,0,1,1,0,0,0,1
0,0,0,10,0,0,40.70000076293945,449.29998779296875,0,0,0,1,0,0,1,0,1,0,1,0,0,0,0,0,0,0,0,0,0,0,0
1,1,0,55,1,0,51.650001525878906,2838.550048828125,0,0,1,0,0,0,0,0,0,0,0,0,0,0,0,0,0,0,0,0,0,0,0
1,1,0,52,1,1,105.0999984741211,5376.39990234375,0,1,1,0,1,0,0,0,1,0,1,0,0,0,1,0,1,0,1,0,0,0,0
0,1,1,10,1,0,85.94999694824219,858.5999755859375,0,0,1,0,1,0,0,0,0,0,0,0,0,0,0,0,1,0,0,0,0,1,0
0,0,0,18,1,1,75.5999984741211,1395.050048828125,0,1,1,0,1,0,0,0,0,0,0,0,0,0,0,0,0,0,0,0,0,0,0
0,1,0,68,1,0,58.25,3975.699951171875,0,0,1,0,0,0,1,0,0,0,0,0,1,0,0,0,0,0,1,0,0,0,0
0,1,1,61,1,1,19.399999618530273,1182.550048828125,1,0,0,0,0,1,0,1,0,1,0,1,0,1,0,1,0,1,0,0,0,0,1
0,1,1,72,0,1,65.19999694824219,4784.4501953125,0,0,0,1,0,0,1,0,1,0,1,0,1,0,1,0,1,0,0,1,1,0,0
0,0,0,2,1,0,53.45000076293945,119.5,0,1,0,0,0,0,1,0,0,0,1,0,0,0,0,0,0,0,0,0,0,1,0
0,0,0,12,1,1,45.400001525878906,518.9000244140625,1,1,0,0,0,0,0,0,0,0,0,0,0,0,0,0,0,0,0,0,0,0,0
0,1,0,41,1,1,19.75,899.4500122070312,0,1,0,0,0,1,0,1,0,1,0,1,0,1,0,1,0,1,0,1,0,1,0
0,0,0,26,0,1,44.45000076293945,1183.800048828125,0,0,0,1,0,0,0,0,0,0,1,0,1,0,1,0,0,0,0,0,1,0,0
0,1,0,36,1,0,20.850000381469727,720.0499877929688,0,1,0,0,0,1,0,1,0,1,0,1,0,1,0,1,0,1,1,0,0,0,0
0,1,1,72,1,1,114.05000305175781,8468.2001953125,0,1,1,0,1,0,1,0,1,0,1,0,1,0,1,0,1,0,0,1,1,0,0
0,1,0,35,1,1,89.8499984741211,3161.199951171875,0,1,1,0,1,0,0,0,0,0,0,0,1,0,0,0,1,0,0,0,0,0,0
0,0,0,1,1,0,55.04999923706055,55.04999923706055,0,1,0,0,0,0,0,0,0,0,1,0,1,0,0,0,0,0,0,0,0,0,1
0,1,1,16,1,1,112.94999694824219,1882.550048828125,0,0,1,0,1,0,1,0,0,0,1,0,1,0,1,0,1,0,0,0,0,1,0
1,0,0,49,1,0,101.55000305175781,5070.39990234375,0,0,1,0,1,0,1,0,0,0,0,0,0,0,1,0,1,0,0,0,1,0,0
0,1,0,54,1,1,114.6500015258789,6049.5,0,0,1,0,1,0,1,0,1,0,1,0,1,0,1,0,1,0,1,0,0,0,1
0,0,1,18,1,0,64.80000305175781,1166.699951171875,0,0,1,0,0,0,1,0,0,0,0,0,0,0,0,0,1,0,0,0,0,1,0
0,1,0,36,1,0,80.4000015258789,2937.64990234375,0,0,0,0,1,0,0,0,0,0,0,0,0,0,0,0,1,0,0,0,0,1,0
0,0,0,60,1,1,105.9000015258789,6396.4501953125,1,0,1,0,1,0,0,0,1,0,1,0,0,0,1,0,1,0,0,0,0,1,0
0,0,0,1,1,0,69.55000305175781,69.55000305175781,1,0,0,0,1,0,0,0,0,0,0,0,0,0,0,0,0,0,0,0,0,0,1
0,1,1,52,1,1,25.049999237060547,1270.25,0,0,1,0,0,1,0,1,0,1,0,1,0,1,0,1,0,1,0,1,0,0,0
0,1,1,8,1,1,94.75,759.5499877929688,0,1,0,0,1,0,0,0,0,0,1,0,0,0,1,0,1,0,0,0,0,1,0
0,1,1,72,1,0,105.5,7611.5498046875,0,1,0,0,1,0,1,0,1,0,0,0,1,0,1,0,1,0,0,1,0,0,0
0,0,0,64,1,0,24.700000762939453,1642.75,0,0,1,0,0,1,0,1,0,1,0,1,0,1,0,1,0,1,1,0,0,0,1
1,0,0,22,1,1,69.75,1545.4000244140625,0,0,0,0,0,0,1,0,0,0,1,0,1,0,0,0,1,0,0,0,0,0,1
0,1,0,60,0,1,60.20000076293945,3582.39990234375,0,1,0,1,0,0,0,0,1,0,1,0,1,0,1,0,1,0,0,0,0,0,0
0,1,1,28,1,1,81.05000305175781,2227.10009765625,1,0,0,0,1,0,0,0,0,0,0,0,0,0,0,0,1,0,0,0,0,1,0
0,1,0,61,1,0,24.399999618530273,1417.9000244140625,0,0,1,0,0,1,0,1,0,1,0,1,0,1,0,1,0,1,0,1,0,0,1
0,0,0,24,1,1,104.1500015258789,2494.64990234375,0,0,1,0,1,0,0,0,1,0,1,0,0,0,1,0,1,0,0,0,0,1,0
0,1,1,28,1,0,92.9000015258789,2768.35009765625,0,1,0,0,1,0,0,0,1,0,1,0,1,0,1,0,0,0,1,0,0,0,0
0,1,1,30,1,0,80.80000305175781,2369.300048828125,0,0,0,0,0,0,0,0,1,0,1,0,1,0,1,0,1,0,0,1,0,0,0
0,1,0,2,1,0,20.0,38.0,0,1,0,0,0,1,0,1,0,1,0,1,0,1,0,1,0,1,0,0,0,0,1
0,0,0,1,1,1,75.0999984741211,75.0999984741211,0,1,1,0,1,0,0,0,0,0,0,0,0,0,0,0,0,0,0,0,0,1,0
0,0,1,6,1,0,19.649999618530273,100.9000015258789,0,1,0,0,0,1,0,1,0,1,0,1,0,1,0,1,0,1,0,0,0,0,1
0,1,0,24,1,1,69.44999694824219,1614.050048828125,0,0,0,0,0,0,0,0,1,0,0,0,0,0,1,0,1,0,0,0,0,0,0
0,1,1,4,1,0,101.1500015258789,385.8999938964844,1,1,1,0,1,0,0,0,0,0,1,0,0,0,1,0,1,0,0,0,0,1,0
0,0,0,7,1,1,99.80000305175781,673.25,1,1,1,0,1,0,0,0,1,0,0,0,0,0,1,0,1,0,0,0,0,1,0
1,1,0,72,1,1,116.05000305175781,8404.900390625,0,1,1,0,1,0,1,0,1,0,1,0,1,0,1,0,1,0,0,1,0,0,0
0,0,0,70,0,1,40.04999923706055,2799.75,0,1,0,1,0,0,0,0,0,0,0,0,1,0,0,0,1,0,0,1,0,0,1
1,1,0,64,1,0,102.0999984741211,6538.4501953125,0,1,1,0,1,0,0,0,0,0,1,0,1,0,1,0,1,0,0,1,0,1,0
0,1,1,72,1,1,89.69999694824219,6588.9501953125,0,1,1,0,1,0,0,0,1,0,0,0,0,0,1,0,0,0,1,0,0,1,0
0,0,1,44,1,0,19.899999618530273,868.0999755859375,0,0,0,0,0,1,0,1,0,1,0,1,0,1,0,1,0,1,0,1,0,0,1
0,1,1,13,1,0,55.95000076293945,734.3499755859375,1,0,0,0,0,0,0,0,0,0,0,0,0,0,0,0,1,0,0,0,0,1,0
1,0,0,17,1,0,20.649999618530273,330.6000061035156,0,0,0,0,0,1,0,1,0,1,0,1,0,1,0,1,0,1,1,0,0,0,1
0,0,0,1,1,1,55.0,55.0,1,1,0,0,0,0,0,0,0,0,0,0,0,0,0,0,1,0,0,0,0,1,0
0,1,0,9,1,1,70.05000305175781,564.4000244140625,0,1,0,0,0,0,0,0,0,0,1,0,0,0,1,0,1,0,0,0,0,0,1
0,1,0,24,1,0,53.599998474121094,1315.3499755859375,0,1,0,0,0,0,1,0,0,0,0,0,1,0,0,0,0,0,0,0,0,0,1
0,1,1,1,1,1,74.69999694824219,74.69999694824219,1,0,0,0,1,0,0,0,1,0,0,0,0,0,0,0,0,0,0,0,0,1,0
0,0,0,24,1,1,80.25,1861.5,1,1,1,0,1,0,0,0,1,0,0,0,0,0,0,0,0,0,0,0,0,1,0
1,1,1,35,1,1,76.05000305175781,2747.199951171875,0,1,0,0,0,0,0,0,1,0,0,0,1,0,1,0,1,0,0,0,0,1,0
0,1,1,7,1,1,75.69999694824219,554.0499877929688,0,0,0,0,0,0,1,0,1,0,1,0,1,0,1,0,0,0,0,0,0,1,0
0,0,0,5,1,1,96.0999984741211,453.3999938964844,1,1,0,0,1,0,0,0,0,0,0,0,1,0,1,0,1,0,0,0,0,1,0
0,0,1,15,1,0,69.0,994.7999877929688,1,0,0,0,1,0,0,0,0,0,0,0,0,0,0,0,0,0,0,0,0,0,0
0,1,1,11,1,0,19.649999618530273,225.75,0,1,0,0,0,1,0,1,0,1,0,1,0,1,0,1,0,1,0,1,0,0,1
0,1,0,48,0,1,45.29999923706055,2145.0,1,0,0,1,0,0,1,0,0,0,1,0,0,0,0,0,1,0,0,0,0,0,0
1,0,0,20,1,1,81.44999694824219,1671.5999755859375,0,0,0,0,1,0,0,0,0,0,0,0,0,0,0,0,1,0,0,0,0,1,0
0,1,0,72,1,1,108.5,8003.7998046875,0,0,1,0,1,0,0,0,1,0,1,0,1,0,1,0,1,0,1,0,0,0,0
0,1,1,8,1,1,83.55000305175781,680.0499877929688,1,0,0,0,1,0,0,0,1,0,0,0,0,0,1,0,0,0,0,0,0,1,0
0,1,1,72,1,1,84.5,6130.85009765625,0,1,1,0,1,0,0,0,0,0,0,0,0,0,0,0,1,0,0,1,1,0,0
0,0,0,15,1,1,100.1500015258789,1415.0,0,0,1,0,1,0,0,0,1,0,0,0,0,0,1,0,1,0,0,0,0,1,0
0,0,0,72,1,1,88.5999984741211,6201.9501953125,0,1,1,0,0,0,0,0,1,0,1,0,1,0,1,0,1,0,0,1,0,0,0
0,1,1,0,0,1,52.54999923706055,0.0,0,0,0,1,0,0,1,0,0,0,1,0,1,0,1,0,0,0,0,1,0,0,0
0,0,1,1,1,1,74.3499984741211,74.3499984741211,1,1,1,0,1,0,0,0,0,0,0,0,0,0,0,0,0,0,0,0,0,1,0
0,1,1,63,1,1,104.80000305175781,6597.25,0,1,1,0,1,0,0,0,1,0,1,0,0,0,1,0,1,0,0,1,0,0,0
0,0,0,2,1,1,59.0,114.1500015258789,0,0,0,0,0,0,0,0,1,0,0,0,0,0,1,0,0,0,0,0,0,1,0
0,1,0,2,1,1,74.4000015258789,139.39999389648438,1,0,0,0,1,0,1,0,0,0,0,0,0,0,0,0,0,0,0,0,0,1,0
1,1,0,61,1,0,64.05000305175781,3902.60009765625,0,1,1,0,0,0,0,0,1,0,0,0,0,0,0,0,1,0,1,0,0,0,0
0,0,0,1,1,0,20.399999618530273,20.399999618530273,0,1,0,0,0,1,0,1,0,1,0,1,0,1,0,1,0,1,0,0,0,0,1
0,0,0,22,0,1,43.75,903.5999755859375,1,1,0,1,0,0,0,0,1,0,1,0,0,0,0,0,1,0,1,0,0,0,0
0,1,0,28,1,0,60.900001525878906,1785.6500244140625,0,1,0,0,0,0,1,0,1,0,0,0,1,0,0,0,0,0,0,0,0,0,1
0,1,0,70,1,0,19.799999237060547,1397.6500244140625,0,0,0,0,0,1,0,1,0,1,0,1,0,1,0,1,0,1,0,1,0,0,0
1,0,0,5,0,0,28.450000762939453,131.0500030517578,1,0,0,1,0,0,0,0,1,0,0,0,0,0,0,0,0,0,0,0,0,1,0
0,0,0,12,1,1,99.69999694824219,1238.449951171875,1,0,1,0,1,0,1,0,1,0,1,0,0,0,0,0,1,0,0,0,0,0,0
0,0,0,34,1,0,116.25,3899.050048828125,0,1,1,0,1,0,1,0,1,0,1,0,1,0,1,0,1,0,1,0,1,0,0
1,1,0,71,1,1,80.69999694824219,5676.0,0,0,1,0,1,0,1,0,0,0,0,0,0,0,0,0,0,0,0,1,1,0,0
0,1,1,70,1,0,65.19999694824219,4543.14990234375,0,0,1,0,0,0,1,0,0,0,0,0,0,0,0,0,1,0,1,0,0,0,0
0,1,1,52,1,1,84.05000305175781,4326.7998046875,0,0,0,0,1,0,1,0,0,0,1,0,1,0,0,0,0,0,0,0,0,0,0
0,0,1,69,1,1,79.44999694824219,5502.5498046875,0,1,1,0,0,0,1,0,1,0,1,0,1,0,1,0,0,0,0,1,1,0,0
1,0,0,20,1,1,94.0999984741211,1782.4000244140625,1,0,1,0,1,0,0,0,1,0,1,0,0,0,0,0,1,0,0,0,0,1,0
0,0,1,11,1,1,78.0,851.7999877929688,0,1,1,0,1,0,0,0,0,0,1,0,0,0,0,0,0,0,0,0,0,0,1
0,1,0,2,1,1,94.19999694824219,167.5,1,1,0,0,1,0,0,0,0,0,0,0,1,0,1,0,1,0,0,0,0,1,0
0,1,1,6,1,1,80.5,502.8500061035156,1,0,1,0,1,0,0,0,0,0,0,0,1,0,0,0,0,0,0,0,0,1,0
0,0,0,1,1,0,19.850000381469727,19.850000381469727,0,0,0,0,0,1,0,1,0,1,0,1,0,1,0,1,0,1,0,0,0,0,1
1,1,1,20,1,0,94.30000305175781,1818.300048828125,0,1,0,0,1,0,1,0,0,0,1,0,1,0,0,0,1,0,1,0,1,0,0
0,0,0,61,1,1,106.44999694824219,6300.14990234375,0,1,1,0,1,0,1,0,0,0,1,0,0,0,1,0,1,0,0,0,0,1,0
1,1,0,5,1,1,74.3499984741211,334.79998779296875,1,0,1,0,1,0,0,0,0,0,0,0,0,0,0,0,0,0,0,0,0,1,0
0,0,0,56,1,1,105.44999694824219,5916.9501953125,0,0,1,0,1,0,0,0,1,0,0,0,1,0,1,0,1,0,0,0,0,0,0
0,0,0,30,1,1,95.0,2852.39990234375,0,1,1,0,1,0,1,0,1,0,1,0,1,0,0,0,0,0,0,0,1,0,0
0,0,0,40,1,0,104.80000305175781,4131.9501953125,1,1,1,0,1,0,0,0,0,0,1,0,1,0,1,0,1,0,0,0,0,0,0
0,0,0,28,1,0,54.29999923706055,1546.300048828125,0,0,0,0,0,0,1,0,0,0,0,0,1,0,0,0,0,0,1,0,0,0,1
1,1,0,5,1,0,70.05000305175781,302.6000061035156,0,0,0,0,1,0,0,0,0,0,0,0,0,0,0,0,0,0,0,0,0,1,0
1,1,0,27,1,1,75.19999694824219,1929.3499755859375,1,0,0,0,1,0,1,0,0,0,0,0,0,0,0,0,0,0,0,0,0,0,0
0,0,0,12,1,0,20.049999237060547,265.45001220703125,0,1,0,0,0,1,0,1,0,1,0,1,0,1,0,1,0,1,0,0,1,0,0
0,1,1,67,1,1,105.4000015258789,6989.4501953125,0,1,1,0,1,0,0,0,1,0,1,0,0,0,1,0,1,0,1,0,0,1,0
1,1,0,29,1,1,51.599998474121094,1442.0,0,1,1,0,0,0,0,0,0,0,0,0,0,0,0,0,0,0,0,0,0,1,0
0,1,1,55,1,0,85.5,4713.39990234375,0,1,1,0,1,0,0,0,0,0,0,0,0,0,0,0,1,0,0,0,0,0,0
0,0,0,23,1,0,75.5999984741211,1758.5999755859375,1,0,1,0,1,0,0,0,0,0,0,0,0,0,0,0,0,0,0,0,0,0,0
0,1,0,34,1,1,100.05000305175781,3480.0,1,1,1,0,1,0,0,0,0,0,1,0,0,0,1,0,1,0,0,0,0,1,0
0,0,0,52,1,0,91.25,4738.2998046875,0,1,0,0,1,0,1,0,0,0,1,0,0,0,1,0,0,0,1,0,0,1,0
1,1,1,72,1,1,115.75,8399.150390625,0,1,1,0,1,0,1,0,1,0,1,0,1,0,1,0,1,0,0,1,1,0,0
0,1,1,58,1,1,94.69999694824219,5430.35009765625,0,1,1,0,1,0,0,0,1,0,0,0,1,0,1,0,0,0,1,0,1,0,0
0,1,1,35,1,0,19.600000381469727,686.9500122070312,0,1,0,0,0,1,0,1,0,1,0,1,0,1,0,1,0,1,0,1,0,0,1
1,0,0,56,1,1,99.9000015258789,5706.2998046875,0,0,1,0,1,0,0,0,1,0,1,0,1,0,1,0,0,0,0,1,0,0,0
0,1,1,24,1,1,21.100000381469727,490.6499938964844,0,0,0,0,0,1,0,1,0,1,0,1,0,1,0,1,0,1,0,1,1,0,0
0,1,1,70,1,0,20.049999237060547,1360.25,0,1,0,0,0,1,0,1,0,1,0,1,0,1,0,1,0,1,0,1,1,0,0
0,0,0,2,1,1,79.94999694824219,174.4499969482422,0,1,0,0,1,0,0,0,0,0,0,0,0,0,1,0,0,0,0,0,0,1,0
1,1,1,68,1,1,107.1500015258789,7379.7998046875,0,1,1,0,1,0,0,0,0,0,1,0,1,0,1,0,1,0,1,0,1,0,0
0,0,0,1,1,1,85.0,85.0,1,0,1,0,1,0,0,0,0,0,0,0,0,0,0,0,1,0,0,0,0,1,0
0,0,0,12,1,1,89.55000305175781,1021.75,0,1,1,0,1,0,0,0,0,0,1,0,0,0,1,0,0,0,0,0,0,1,0
0,1,0,63,1,1,81.55000305175781,5029.0498046875,0,0,1,0,1,0,0,0,1,0,0,0,0,0,0,0,0,0,0,0,0,0,0
0,1,1,33,1,1,58.45000076293945,1955.4000244140625,0,0,0,0,0,0,1,0,1,0,1,0,0,0,0,0,0,0,1,0,0,0,1
0,1,0,69,1,1,95.6500015258789,6744.2001953125,0,0,0,0,1,0,0,0,1,0,0,0,0,0,1,0,1,0,1,0,1,0,0
0,1,1,60,1,1,80.5999984741211,4946.7001953125,0,0,0,0,0,0,0,0,1,0,1,0,1,0,1,0,1,0,0,1,0,0,0
0,1,1,72,1,1,113.0999984741211,8248.5,0,0,1,0,1,0,1,0,1,0,1,0,1,0,1,0,1,0,0,1,0,0,0
0,0,0,11,1,1,58.95000076293945,601.5999755859375,0,0,1,0,0,0,0,0,0,0,0,0,0,0,0,0,1,0,0,0,0,0,1
0,0,0,1,1,0,19.549999237060547,19.549999237060547,0,0,0,0,0,1,0,1,0,1,0,1,0,1,0,1,0,1,0,0,0,0,1
0,0,0,10,1,1,86.05000305175781,834.0999755859375,1,1,1,0,1,0,0,0,0,0,0,0,0,0,1,0,0,0,0,0,0,0,0
0,0,0,13,0,1,45.54999923706055,597.0,1,1,0,1,0,0,1,0,0,0,0,0,1,0,1,0,0,0,0,0,1,0,0
0,1,1,34,1,1,78.94999694824219,2647.199951171875,0,1,0,0,1,0,0,0,0,0,0,0,0,0,0,0,1,0,1,0,0,0,0
0,1,1,39,1,1,86.30000305175781,3266.0,1,1,0,0,1,0,0,0,1,0,0,0,0,0,1,0,0,0,0,0,0,0,1
0,0,0,65,1,1,105.05000305175781,6744.25,0,0,1,0,1,0,0,0,1,0,0,0,1,0,1,0,1,0,1,0,0,0,0
1,1,0,50,1,1,101.9000015258789,5265.5,0,1,1,0,1,0,1,0,1,0,1,0,0,0,1,0,0,0,1,0,0,0,0
0,0,0,15,1,0,19.75,311.6000061035156,0,1,0,0,0,1,0,1,0,1,0,1,0,1,0,1,0,1,0,0,0,0,1
0,1,1,72,1,1,110.30000305175781,7966.89990234375,0,1,1,0,1,0,1,0,1,0,1,0,0,0,1,0,1,0,0,1,0,0,0
0,1,1,72,1,1,115.5999984741211,8220.400390625,0,0,1,0,1,0,1,0,1,0,1,0,1,0,1,0,1,0,0,1,0,0,0
0,1,1,55,1,0,19.350000381469727,1153.25,0,1,0,0,0,1,0,1,0,1,0,1,0,1,0,1,0,1,0,1,0,0,0
0,1,1,23,1,1,25.600000381469727,514.75,0,0,1,0,0,1,0,1,0,1,0,1,0,1,0,1,0,1,0,1,1,0,0
0,0,0,32,1,1,80.3499984741211,2596.14990234375,1,1,1,0,1,0,0,0,1,0,0,0,0,0,0,0,0,0,0,0,0,0,0
0,1,1,56,1,1,68.75,3808.0,0,0,1,0,0,0,1,0,0,0,1,0,0,0,0,0,1,0,1,0,0,0,0
0,0,0,1,1,0,19.899999618530273,19.899999618530273,0,0,0,0,0,1,0,1,0,1,0,1,0,1,0,1,0,1,0,0,0,0,0
0,0,0,38,1,0,70.5999984741211,2708.199951171875,0,1,0,0,0,0,1,0,1,0,0,0,1,0,1,0,0,0,1,0,0,0,1
0,0,0,11,1,0,70.19999694824219,760.0499877929688,0,1,0,0,1,0,0,0,0,0,0,0,0,0,0,0,0,0,0,0,0,1,0
0,0,0,1,1,1,49.29999923706055,49.29999923706055,0,1,0,0,0,0,0,0,0,0,0,0,1,0,0,0,0,0,0,0,0,1,0
0,1,0,56,1,1,107.25,6033.2998046875,0,1,1,0,1,0,0,0,1,0,0,0,1,0,1,0,1,0,1,0,0,1,0
0,1,0,3,1,1,23.600000381469727,89.05000305175781,0,1,1,0,0,1,0,1,0,1,0,1,0,1,0,1,0,1,0,0,0,0,1
0,1,1,7,1,0,69.69999694824219,516.1500244140625,0,1,0,0,0,0,1,0,0,0,0,0,0,0,1,0,1,0,0,0,1,0,0
0,1,1,59,1,1,99.5,5861.75,0,1,1,0,1,0,0,0,0,0,1,0,0,0,1,0,1,0,0,1,1,0,0
0,0,0,7,1,0,64.30000305175781,445.95001220703125,0,1,0,0,0,0,0,0,0,0,1,0,1,0,1,0,0,0,0,0,0,0,0
0,1,1,71,1,1,70.8499984741211,4973.39990234375,0,1,0,0,0,0,1,0,0,0,1,0,1,0,0,0,1,0,0,1,1,0,0
0,1,1,15,1,0,101.9000015258789,1667.25,0,1,0,0,1,0,1,0,0,0,0,0,1,0,1,0,1,0,1,0,0,1,0
0,1,0,71,1,0,73.5,5357.75,0,1,1,0,0,0,1,0,1,0,0,0,1,0,1,0,0,0,0,1,1,0,0
0,0,0,35,1,1,100.25,3527.60009765625,1,0,1,0,1,0,0,0,0,0,1,0,0,0,1,0,1,0,0,0,0,1,0
0,0,0,11,0,1,40.400001525878906,422.6000061035156,0,0,0,1,0,0,0,0,1,0,1,0,1,0,0,0,0,0,1,0,1,0,0
0,1,1,60,1,1,19.25,1103.25,0,0,0,0,0,1,0,1,0,1,0,1,0,1,0,1,0,1,0,1,1,0,0
1,0,0,47,1,0,59.599998474121094,2754.0,0,1,1,0,0,0,0,0,1,0,0,0,1,0,0,0,0,0,0,1,0,0,0
0,0,0,11,1,0,64.9000015258789,697.25,0,0,0,0,0,0,0,0,0,0,1,0,1,0,0,0,1,0,1,0,1,0,0
0,1,0,56,1,0,100.30000305175781,5614.4501953125,1,1,1,0,1,0,0,0,1,0,0,0,0,0,1,0,1,0,1,0,1,0,0
1,1,0,28,1,1,110.8499984741211,3204.39990234375,0,0,1,0,1,0,0,0,1,0,1,0,1,0,1,0,1,0,0,0,0,1,0
0,1,0,61,1,1,81.05000305175781,4747.64990234375,0,1,0,0,0,0,1,0,1,0,0,0,1,0,1,0,1,0,0,1,0,0,1
0,1,1,31,1,0,98.05000305175781,3082.10009765625,0,1,1,0,1,0,1,0,0,0,1,0,0,0,1,0,0,0,1,0,0,0,0
0,0,0,9,1,1,70.5,597.9000244140625,0,1,0,0,1,0,0,0,0,0,0,0,0,0,0,0,0,0,0,0,0,1,0
1,1,0,35,1,1,94.55000305175781,3365.39990234375,0,1,1,0,1,0,1,0,1,0,0,0,0,0,0,0,1,0,0,0,0,1,0
0,0,0,2,1,1,19.649999618530273,38.79999923706055,0,1,0,0,0,1,0,1,0,1,0,1,0,1,0,1,0,1,0,0,0,0,1
0,1,1,12,1,0,19.0,233.5500030517578,1,0,0,0,0,1,0,1,0,1,0,1,0,1,0,1,0,1,0,0,0,0,1
0,0,0,1,1,0,75.30000305175781,75.30000305175781,1,0,0,0,1,0,1,0,0,0,0,0,0,0,0,0,0,0,0,0,0,0,1
1,0,0,4,1,1,89.19999694824219,346.20001220703125,1,0,1,0,1,0,0,0,0,0,1,0,0,0,1,0,0,0,0,0,0,1,0
0,1,1,1,1,1,19.0,19.0,0,0,0,0,0,1,0,1,0,1,0,1,0,1,0,1,0,1,0,0,0,0,1
0,0,0,3,1,1,20.0,61.70000076293945,0,0,0,0,0,1,0,1,0,1,0,1,0,1,0,1,0,1,0,0,0,0,1
1,0,0,1,1,1,85.69999694824219,85.69999694824219,1,0,1,0,1,0,0,0,0,0,0,0,0,0,1,0,0,0,0,0,0,1,0
0,0,0,52,1,1,63.25,3342.449951171875,0,1,0,0,0,0,1,0,1,0,0,0,0,0,1,0,0,0,0,1,1,0,0
0,1,1,5,1,0,20.100000381469727,85.0999984741211,0,1,0,0,0,1,0,1,0,1,0,1,0,1,0,1,0,1,1,0,0,0,1
0,1,0,72,1,1,99.1500015258789,7422.10009765625,0,1,1,0,1,0,1,0,1,0,1,0,0,0,0,0,1,0,0,1,0,1,0
0,1,1,71,1,0,90.4000015258789,6668.0498046875,0,1,1,0,0,0,1,0,1,0,1,0,1,0,1,0,1,0,0,1,0,1,0
0,1,0,72,1,1,111.9000015258789,8071.0498046875,0,1,1,0,1,0,1,0,0,0,1,0,1,0,1,0,1,0,0,1,1,0,0
0,1,1,46,1,0,24.899999618530273,1174.800048828125,0,1,1,0,0,1,0,1,0,1,0,1,0,1,0,1,0,1,1,0,0,1,0
0,1,1,63,1,0,83.5,5435.0,0,1,1,0,0,0,1,0,1,0,1,0,0,0,1,0,1,0,0,1,1,0,0
0,0,0,30,1,1,84.30000305175781,2438.60009765625,0,1,0,0,1,0,1,0,1,0,1,0,0,0,0,0,0,0,0,0,1,0,0
0,0,0,1,1,0,45.599998474121094,45.599998474121094,0,1,0,0,0,0,0,0,0,0,0,0,0,0,0,0,0,0,0,0,0,0,1
0,0,0,12,1,1,61.650001525878906,713.75,1,0,1,0,0,0,1,0,0,0,1,0,1,0,0,0,0,0,0,0,0,0,1
0,0,0,16,0,0,54.849998474121094,916.1500244140625,0,1,0,1,0,0,1,0,1,0,1,0,1,0,1,0,0,0,0,1,0,0,1
0,0,0,4,1,0,65.55000305175781,237.1999969482422,0,1,1,0,0,0,0,0,0,0,0,0,1,0,0,0,1,0,0,0,0,0,1
0,1,0,51,1,1,90.3499984741211,4614.5498046875,0,1,1,0,1,0,0,0,1,0,0,0,0,0,0,0,1,0,1,0,1,0,0
0,1,0,65,1,1,20.399999618530273,1414.449951171875,0,1,0,0,0,1,0,1,0,1,0,1,0,1,0,1,0,1,0,1,1,0,0
0,0,0,16,1,1,74.55000305175781,1170.5,0,1,0,0,1,0,0,0,0,0,0,0,1,0,0,0,0,0,0,0,1,0,0
0,0,0,2,1,0,19.950000762939453,47.70000076293945,0,1,0,0,0,1,0,1,0,1,0,1,0,1,0,1,0,1,1,0,0,0,1
0,1,1,66,1,1,74.25,4859.25,0,0,1,0,1,0,0,0,0,0,0,0,0,0,0,0,0,0,1,0,0,0,0
0,0,0,46,1,0,108.6500015258789,4903.2001953125,0,1,1,0,1,0,0,0,1,0,1,0,1,0,1,0,1,0,0,1,0,1,0
0,0,0,32,1,1,109.55000305175781,3608.0,0,0,1,0,1,0,1,0,0,0,1,0,1,0,1,0,1,0,1,0,0,0,0
0,1,0,72,1,0,86.6500015258789,6094.25,0,1,1,0,0,0,1,0,0,0,1,0,1,0,1,0,1,0,0,1,1,0,0
0,1,1,38,1,0,81.0,3084.89990234375,0,1,0,0,0,0,1,0,0,0,1,0,1,0,1,0,1,0,0,1,1,0,0
0,0,1,51,1,0,47.849998474121094,2356.75,0,1,0,0,0,0,0,0,0,0,0,0,1,0,0,0,0,0,1,0,1,0,0
0,1,1,72,1,0,114.55000305175781,8306.0498046875,0,1,1,0,1,0,1,0,1,0,1,0,1,0,1,0,1,0,0,1,0,0,0
1,1,0,65,1,0,105.25,6786.39990234375,1,0,1,0,1,0,1,0,0,0,1,0,0,0,1,0,1,0,0,0,0,0,0
0,1,1,9,0,1,29.950000762939453,248.9499969482422,1,1,0,1,0,0,0,0,1,0,0,0,0,0,0,0,0,0,0,0,0,1,0
0,1,1,9,1,0,65.0,663.0499877929688,1,0,0,0,0,0,1,0,1,0,1,0,1,0,0,0,0,0,0,0,0,0,1
0,0,1,66,1,0,20.549999237060547,1357.0999755859375,0,1,0,0,0,1,0,1,0,1,0,1,0,1,0,1,0,1,0,1,0,0,1
1,0,0,44,1,1,109.80000305175781,4860.35009765625,0,0,1,0,1,0,1,0,1,0,1,0,0,0,1,0,1,0,1,0,1,0,0
0,0,0,50,1,0,69.5,3418.199951171875,0,1,1,0,0,0,0,0,0,0,1,0,1,0,0,0,1,0,0,1,0,0,0
0,0,0,15,1,0,48.849998474121094,631.4000244140625,0,0,1,0,0,0,0,0,0,0,0,0,0,0,0,0,0,0,0,0,0,0,1
0,0,0,8,0,1,25.25,186.3000030517578,0,1,0,1,0,0,0,0,0,0,0,0,0,0,0,0,0,0,0,0,1,0,0
1,0,0,66,1,1,102.8499984741211,6976.75,0,0,1,0,1,0,0,0,0,0,1,0,1,0,1,0,1,0,1,0,1,0,0
0,0,0,57,1,1,87.55000305175781,4884.85009765625,0,0,1,0,1,0,1,0,1,0,0,0,1,0,0,0,0,0,0,0,0,0,0
0,0,0,7,1,1,78.55000305175781,522.9500122070312,0,0,1,0,1,0,0,0,1,0,0,0,0,0,0,0,0,0,0,0,0,0,0
1,1,1,10,0,1,34.54999923706055,362.6000061035156,0,1,0,1,0,0,0,0,0,0,0,0,0,0,0,0,1,0,0,0,0,0,0
0,0,0,62,1,1,92.05000305175781,5755.7998046875,0,0,1,0,1,0,1,0,1,0,1,0,0,0,0,0,0,0,1,0,0,1,0
0,1,1,40,1,1,85.05000305175781,3355.64990234375,0,1,0,0,1,0,0,0,0,0,1,0,0,0,1,0,0,0,1,0,0,1,0
0,0,0,20,1,0,19.700000762939453,406.95001220703125,0,0,0,0,0,1,0,1,0,1,0,1,0,1,0,1,0,1,0,1,0,0,1
0,0,0,7,1,0,20.0,137.60000610351562,1,0,0,0,0,1,0,1,0,1,0,1,0,1,0,1,0,1,0,0,0,0,0
0,1,0,25,1,1,95.1500015258789,2395.699951171875,0,0,0,0,1,0,0,0,0,0,0,0,1,0,1,0,1,0,0,0,0,1,0
0,1,0,23,1,0,84.25,1968.0999755859375,0,1,1,0,1,0,0,0,1,0,1,0,0,0,0,0,0,0,0,0,0,1,0
1,1,0,66,1,0,104.5999984741211,6819.4501953125,0,0,1,0,1,0,0,0,1,0,1,0,0,0,1,0,1,0,1,0,1,0,0
1,0,0,72,1,0,111.6500015258789,7943.4501953125,0,0,1,0,1,0,0,0,1,0,1,0,1,0,1,0,1,0,0,1,0,1,0
1,1,0,49,1,0,90.05000305175781,4547.25,1,1,1,0,1,0,0,0,1,0,0,0,0,0,0,0,1,0,0,0,1,0,0
1,1,1,43,1,1,110.75,4687.89990234375,1,1,1,0,1,0,0,0,1,0,1,0,1,0,1,0,1,0,0,0,0,0,0
0,1,0,46,1,0,55.0,2473.949951171875,0,0,1,0,0,0,1,0,0,0,0,0,0,0,0,0,0,0,0,0,0,0,0
0,1,1,72,1,0,89.8499984741211,6562.89990234375,0,1,1,0,0,0,1,0,1,0,1,0,1,0,1,0,1,0,0,1,1,0,0
0,0,0,10,1,0,20.350000381469727,176.3000030517578,0,1,0,0,0,1,0,1,0,1,0,1,0,1,0,1,0,1,1,0,0,0,1
0,0,0,40,0,1,54.54999923706055,2236.199951171875,0,0,0,1,0,0,1,0,0,0,0,0,1,0,1,0,1,0,1,0,0,0,0
0,1,1,65,1,1,105.5,6985.64990234375,1,0,1,0,1,0,0,0,1,0,1,0,0,0,1,0,1,0,0,0,0,1,0
0,0,0,31,1,0,99.44999694824219,3109.89990234375,0,1,0,0,1,0,0,0,0,0,1,0,1,0,1,0,1,0,0,1,0,0,0
0,1,0,68,1,0,70.9000015258789,4911.35009765625,0,0,1,0,0,0,1,0,1,0,1,0,1,0,0,0,0,0,0,1,1,0,0
1,1,1,56,1,1,104.55000305175781,5794.64990234375,1,1,1,0,1,0,1,0,0,0,1,0,0,0,1,0,1,0,1,0,0,0,0
0,1,0,10,1,1,85.25,855.2999877929688,1,1,1,0,1,0,0,0,0,0,0,0,0,0,0,0,1,0,0,0,0,1,0
0,1,1,68,1,0,25.399999618530273,1620.199951171875,0,1,1,0,0,1,0,1,0,1,0,1,0,1,0,1,0,1,0,1,0,0,0
0,1,1,43,1,0,56.150001525878906,2499.300048828125,1,0,0,0,0,0,0,0,0,0,0,0,0,0,1,0,0,0,0,0,0,1,0
0,0,0,1,1,1,89.55000305175781,89.55000305175781,1,1,0,0,1,0,0,0,0,0,0,0,0,0,1,0,1,0,0,0,0,1,0
1,0,0,49,1,1,89.8499984741211,4287.2001953125,0,0,0,0,1,0,0,0,1,0,1,0,0,0,0,0,1,0,1,0,0,0,0
0,1,1,15,1,1,25.25,394.8500061035156,0,0,1,0,0,1,0,1,0,1,0,1,0,1,0,1,0,1,0,0,0,1,0
1,1,0,20,1,1,94.55000305175781,1899.6500244140625,1,1,1,0,1,0,0,0,0,0,0,0,0,0,1,0,1,0,0,0,0,1,0
0,0,0,1,1,1,45.70000076293945,45.70000076293945,1,1,0,0,0,0,0,0,0,0,0,0,0,0,0,0,0,0,0,0,0,0,1
0,1,1,50,1,1,69.6500015258789,3442.14990234375,0,1,1,0,0,0,0,0,0,0,1,0,1,0,1,0,0,0,1,0,0,1,0
1,0,0,2,1,0,89.5,161.5,1,0,1,0,1,0,0,0,1,0,0,0,0,0,0,0,1,0,0,0,0,1,0
1,0,0,24,1,0,70.0,1732.5999755859375,0,1,0,0,1,0,0,0,0,0,0,0,0,0,0,0,0,0,0,0,1,0,0
0,0,0,3,1,1,69.55000305175781,222.3000030517578,1,0,0,0,1,0,0,0,0,0,0,0,0,0,0,0,0,0,0,0,0,0,0
0,0,0,1,1,1,74.5999984741211,74.5999984741211,1,0,0,0,1,0,0,0,0,0,1,0,0,0,0,0,0,0,0,0,0,0,1
0,1,1,35,1,0,20.100000381469727,655.2999877929688,0,1,0,0,0,1,0,1,0,1,0,1,0,1,0,1,0,1,0,1,0,0,1
0,0,0,17,1,0,24.799999237060547,475.25,0,0,1,0,0,1,0,1,0,1,0,1,0,1,0,1,0,1,0,0,0,0,1
1,0,0,8,1,0,19.649999618530273,164.3000030517578,1,0,0,0,0,1,0,1,0,1,0,1,0,1,0,1,0,1,0,0,0,1,0
0,0,0,10,1,1,95.0999984741211,865.0999755859375,0,1,0,0,1,0,0,0,0,0,0,0,1,0,1,0,1,0,0,0,1,0,0
0,1,1,68,1,1,88.8499984741211,6132.7001953125,0,1,1,0,0,0,1,0,1,0,1,0,1,0,1,0,1,0,0,1,1,0,0
0,1,0,45,1,0,78.80000305175781,3597.5,0,1,0,0,0,0,1,0,1,0,1,0,0,0,1,0,1,0,1,0,0,0,0
0,1,1,2,1,0,19.850000381469727,35.900001525878906,1,1,0,0,0,1,0,1,0,1,0,1,0,1,0,1,0,1,1,0,0,0,1
0,1,0,37,1,0,20.350000381469727,697.6500244140625,0,1,0,0,0,1,0,1,0,1,0,1,0,1,0,1,0,1,0,0,0,0,0
0,0,0,4,0,1,24.25,96.05000305175781,1,0,0,1,0,0,0,0,0,0,0,0,0,0,0,0,0,0,0,0,0,0,1
0,0,0,10,1,0,45.25,428.70001220703125,0,0,0,0,0,0,0,0,0,0,0,0,0,0,0,0,0,0,0,0,0,0,1
0,0,0,1,1,0,20.049999237060547,20.049999237060547,0,1,0,0,0,1,0,1,0,1,0,1,0,1,0,1,0,1,0,0,0,0,1
0,1,1,65,1,1,69.55000305175781,4459.14990234375,0,1,1,0,0,0,1,0,1,0,0,0,0,0,0,0,1,0,0,1,0,0,1
0,1,1,57,1,0,19.5,1167.5999755859375,0,0,0,0,0,1,0,1,0,1,0,1,0,1,0,1,0,1,0,1,0,0,0
0,0,0,3,1,1,74.75,238.10000610351562,0,0,0,0,1,0,0,0,0,0,1,0,0,0,0,0,0,0,0,0,0,0,1
0,0,0,2,1,0,69.6500015258789,145.14999389648438,1,0,0,0,1,0,0,0,0,0,0,0,0,0,0,0,0,0,0,0,0,1,0
0,0,0,49,0,1,30.200000762939453,1453.0999755859375,0,1,0,1,0,0,0,0,0,0,1,0,0,0,0,0,0,0,0,0,0,0,0
0,0,0,4,1,0,45.650001525878906,191.0500030517578,1,0,0,0,0,0,0,0,0,0,0,0,0,0,0,0,0,0,0,0,0,0,1
0,1,0,70,0,0,57.79999923706055,4039.300048828125,0,0,0,1,0,0,0,0,1,0,1,0,1,0,1,0,1,0,0,1,0,0,0
0,1,1,53,1,1,19.850000381469727,1039.449951171875,0,0,0,0,0,1,0,1,0,1,0,1,0,1,0,1,0,1,1,0,0,0,0
0,1,1,53,1,0,25.549999237060547,1336.0999755859375,0,1,1,0,0,1,0,1,0,1,0,1,0,1,0,1,0,1,0,1,1,0,0
0,0,0,1,1,1,75.05000305175781,75.05000305175781,1,0,1,0,1,0,0,0,0,0,0,0,0,0,0,0,0,0,0,0,0,0,1
0,0,0,22,1,1,24.850000381469727,493.3999938964844,0,1,1,0,0,1,0,1,0,1,0,1,0,1,0,1,0,1,0,0,1,0,0
1,0,0,52,0,1,49.150001525878906,2550.89990234375,1,1,0,1,0,0,0,0,1,0,0,0,0,0,1,0,1,0,0,0,0,1,0
1,0,0,65,1,1,110.3499984741211,7246.14990234375,0,1,1,0,1,0,1,0,0,0,1,0,1,0,1,0,1,0,0,1,0,1,0
0,0,0,48,1,0,24.549999237060547,1203.949951171875,0,0,1,0,0,1,0,1,0,1,0,1,0,1,0,1,0,1,1,0,0,0,0
0,0,0,2,0,1,34.70000076293945,62.25,1,0,0,1,0,0,0,0,0,0,0,0,0,0,0,0,1,0,0,0,0,1,0
0,0,0,3,1,0,107.94999694824219,313.6000061035156,0,1,1,0,1,0,0,0,1,0,1,0,0,0,1,0,1,0,0,0,0,0,1
0,1,0,45,1,0,81.4000015258789,3775.85009765625,0,1,1,0,1,0,0,0,1,0,0,0,0,0,0,0,0,0,0,0,0,0,0
0,1,1,1,1,0,80.0,80.0,1,1,0,0,1,0,0,0,0,0,0,0,0,0,0,0,1,0,0,0,0,1,0
0,1,1,61,1,1,73.80000305175781,4616.0498046875,0,0,0,0,0,0,0,0,0,0,1,0,1,0,1,0,1,0,0,1,0,0,0
0,0,0,3,1,1,64.4000015258789,195.64999389648438,0,1,0,0,0,0,1,0,0,0,0,0,1,0,1,0,0,0,0,0,1,0,0
1,0,0,40,1,1,103.75,4188.39990234375,0,0,1,0,1,0,0,0,0,0,1,0,1,0,1,0,1,0,1,0,1,0,0
0,0,0,1,1,0,71.0999984741211,71.0999984741211,0,0,0,0,1,0,0,0,0,0,0,0,0,0,0,0,0,0,0,0,0,0,1
0,0,0,1,1,1,49.900001525878906,49.900001525878906,0,0,0,0,0,0,0,0,0,0,0,0,1,0,0,0,0,0,0,0,0,1,0
0,0,0,51,1,1,24.600000381469727,1266.4000244140625,0,1,1,0,0,1,0,1,0,1,0,1,0,1,0,1,0,1,1,0,0,0,0
1,0,0,2,1,1,49.25,91.0999984741211,1,1,0,0,0,0,1,0,0,0,0,0,0,0,0,0,0,0,0,0,0,1,0
0,0,0,52,0,0,30.100000381469727,1623.4000244140625,0,1,0,1,0,0,0,0,1,0,0,0,0,0,0,0,0,0,1,0,0,0,1
0,0,0,51,1,0,83.4000015258789,4149.4501953125,0,1,1,0,1,0,0,0,0,0,0,0,0,0,0,0,1,0,0,0,0,0,0
0,0,0,1,1,1,20.450000762939453,20.450000762939453,0,1,0,0,0,1,0,1,0,1,0,1,0,1,0,1,0,1,0,0,0,0,1
0,1,1,31,1,1,75.25,2344.5,0,1,1,0,0,0,1,0,1,0,0,0,1,0,0,0,1,0,1,0,0,0,0
0,0,1,47,1,0,20.549999237060547,1013.0499877929688,0,1,0,0,0,1,0,1,0,1,0,1,0,1,0,1,0,1,1,0,1,0,0
0,0,0,3,1,1,75.0999984741211,270.70001220703125,1,0,1,0,1,0,0,0,0,0,0,0,0,0,0,0,0,0,0,0,1,0,0
1,0,0,22,1,1,20.049999237060547,417.0,0,0,0,0,0,1,0,1,0,1,0,1,0,1,0,1,0,1,1,0,0,0,1
0,1,0,1,1,1,20.649999618530273,20.649999618530273,0,0,0,0,0,1,0,1,0,1,0,1,0,1,0,1,0,1,0,0,0,0,1
0,1,0,72,1,1,85.1500015258789,6316.2001953125,0,1,1,0,0,0,0,0,1,0,1,0,1,0,1,0,1,0,0,1,0,0,0
0,1,1,3,1,1,50.150001525878906,168.14999389648438,1,1,0,0,0,0,0,0,0,0,1,0,0,0,0,0,0,0,0,0,0,1,0
1,1,1,47,1,1,84.94999694824219,4018.050048828125,0,1,0,0,1,0,0,0,1,0,0,0,0,0,1,0,0,0,1,0,0,0,0
0,1,1,72,1,1,66.5,4811.60009765625,0,1,1,0,0,0,1,0,0,0,1,0,1,0,0,0,0,0,0,1,1,0,0
0,1,1,66,1,1,63.29999923706055,4189.7001953125,0,1,1,0,0,0,0,0,0,0,1,0,0,0,1,0,0,0,0,1,0,0,0
0,0,0,35,1,0,83.1500015258789,2848.449951171875,0,1,1,0,1,0,0,0,0,0,0,0,0,0,1,0,0,0,0,0,0,1,0
0,0,0,29,1,1,84.9000015258789,2516.199951171875,0,1,1,0,1,0,0,0,0,0,0,0,0,0,0,0,1,0,0,0,0,1,0
0,0,0,2,1,1,20.549999237060547,33.599998474121094,0,0,0,0,0,1,0,1,0,1,0,1,0,1,0,1,0,1,0,0,0,0,1
0,0,0,4,1,0,49.25,208.4499969482422,0,1,0,0,0,0,0,0,1,0,0,0,0,0,0,0,0,0,0,0,0,0,1
0,0,0,25,1,1,79.8499984741211,2015.3499755859375,1,0,0,0,1,0,1,0,1,0,0,0,0,0,0,0,0,0,0,0,0,0,0
0,0,0,65,1,1,59.599998474121094,3739.800048828125,0,0,0,0,0,0,1,0,1,0,0,0,1,0,0,0,0,0,0,1,0,0,1
1,0,0,27,1,1,104.6500015258789,2964.0,0,1,1,0,1,0,0,0,1,0,0,0,1,0,1,0,1,0,1,0,0,0,0
0,1,0,29,1,1,75.30000305175781,2263.39990234375,0,1,0,0,1,0,0,0,0,0,1,0,0,0,0,0,0,0,0,0,1,0,0
0,1,1,29,1,0,80.0999984741211,2211.800048828125,0,1,1,0,0,0,0,0,1,0,1,0,0,0,1,0,1,0,0,0,1,0,0
0,0,0,1,1,0,19.549999237060547,19.549999237060547,1,1,0,0,0,1,0,1,0,1,0,1,0,1,0,1,0,1,0,0,0,0,1
0,1,0,20,1,1,81.0,1683.699951171875,0,0,0,0,1,0,0,0,0,0,1,0,1,0,0,0,0,0,0,0,0,0,1
0,0,0,58,1,1,24.700000762939453,1519.0,0,0,1,0,0,1,0,1,0,1,0,1,0,1,0,1,0,1,0,1,1,0,0
0,0,1,14,1,1,86.0,1164.050048828125,0,0,1,0,1,0,1,0,0,0,0,0,1,0,0,0,0,0,0,0,0,0,1
0,1,0,72,1,0,25.399999618530273,1710.9000244140625,0,1,1,0,0,1,0,1,0,1,0,1,0,1,0,1,0,1,0,1,0,0,1
0,0,0,46,1,1,89.1500015258789,4245.5498046875,0,1,1,0,1,0,1,0,0,0,0,0,0,0,1,0,0,0,0,0,1,0,0
0,1,0,71,0,0,58.25,4145.89990234375,0,0,0,1,0,0,0,0,1,0,1,0,1,0,1,0,1,0,0,1,0,0,0
0,0,0,32,1,1,85.6500015258789,2664.300048828125,0,1,1,0,1,0,0,0,0,0,0,0,0,0,0,0,1,0,0,0,0,0,0
0,0,0,26,0,1,50.349998474121094,1277.5,0,0,0,1,0,0,0,0,0,0,1,0,0,0,1,0,1,0,0,0,1,0,0
1,1,0,68,1,1,80.3499984741211,5589.2998046875,0,1,1,0,1,0,0,0,0,0,1,0,0,0,0,0,0,0,0,0,1,0,0
0,1,1,2,1,0,20.200000762939453,34.75,0,1,0,0,0,1,0,1,0,1,0,1,0,1,0,1,0,1,1,0,0,0,1
0,1,1,61,1,0,20.549999237060547,1305.949951171875,0,1,0,0,0,1,0,1,0,1,0,1,0,1,0,1,0,1,0,1,1,0,0
0,1,1,4,1,1,85.94999694824219,381.29998779296875,1,0,1,0,1,0,0,0,0,0,0,0,0,0,0,0,1,0,0,0,0,1,0
0,0,0,3,1,1,45.349998474121094,141.5,1,1,0,0,0,0,0,0,0,0,0,0,0,0,0,0,0,0,0,0,0,1,0
1,1,0,33,1,1,94.5,3105.550048828125,1,1,1,0,1,0,0,0,0,0,0,0,0,0,1,0,1,0,0,0,0,1,0
1,1,0,9,1,1,21.25,204.5500030517578,0,1,0,0,0,1,0,1,0,1,0,1,0,1,0,1,0,1,0,0,0,0,1
0,0,0,22,1,0,26.25,605.9000244140625,0,0,1,0,0,1,0,1,0,1,0,1,0,1,0,1,0,1,0,1,0,0,1
0,1,1,5,1,1,80.8499984741211,356.1000061035156,0,0,0,0,1,0,0,0,0,0,0,0,0,0,1,0,0,0,0,0,0,1,0
1,0,0,30,1,0,91.69999694824219,2758.14990234375,1,0,1,0,1,0,1,0,1,0,1,0,0,0,0,0,0,0,0,0,1,0,0
0,0,0,65,1,1,74.19999694824219,4805.64990234375,0,1,1,0,0,0,0,0,1,0,1,0,1,0,0,0,1,0,0,1,1,0,0
0,0,0,45,1,1,87.25,3941.699951171875,1,0,1,0,1,0,0,0,0,0,1,0,1,0,0,0,0,0,0,0,0,1,0
0,0,0,5,1,0,20.350000381469727,92.75,0,1,0,0,0,1,0,1,0,1,0,1,0,1,0,1,0,1,0,0,0,0,1
0,1,1,25,1,1,75.5,1901.050048828125,0,1,0,0,1,0,0,0,1,0,0,0,0,0,0,0,0,0,0,0,0,1,0
0,1,1,72,1,0,79.05000305175781,5730.7001953125,0,0,1,0,1,0,1,0,0,0,0,0,0,0,0,0,0,0,0,1,0,0,0
0,1,0,27,1,0,90.1500015258789,2423.39990234375,0,0,1,0,1,0,0,0,0,0,1,0,0,0,0,0,1,0,0,0,0,0,0
0,1,1,32,0,0,50.599998474121094,1653.449951171875,0,1,0,1,0,0,0,0,0,0,1,0,0,0,1,0,1,0,0,0,1,0,0
0,0,0,30,1,0,110.44999694824219,3327.050048828125,0,0,1,0,1,0,0,0,1,0,1,0,1,0,1,0,1,0,1,0,1,0,0
0,1,0,70,1,0,101.0,7085.5,0,1,0,0,1,0,1,0,1,0,1,0,1,0,0,0,1,0,0,1,1,0,0
1,0,0,42,1,1,79.3499984741211,3344.10009765625,0,1,1,0,1,0,0,0,1,0,0,0,0,0,0,0,0,0,0,0,0,0,0
1,1,0,72,1,1,89.8499984741211,6697.35009765625,0,0,1,0,0,0,1,0,1,0,1,0,1,0,1,0,1,0,0,1,0,0,0
0,0,0,47,1,1,65.0,2879.89990234375,0,0,1,0,0,0,1,0,0,0,1,0,1,0,0,0,0,0,0,1,0,0,1
0,0,0,2,1,1,80.44999694824219,137.10000610351562,0,0,0,0,1,0,1,0,0,0,1,0,0,0,0,0,0,0,0,0,0,1,0
0,0,0,10,1,0,98.55000305175781,1008.5499877929688,1,1,1,0,1,0,1,0,0,0,0,0,0,0,1,0,1,0,0,0,0,1,0
0,1,1,61,1,1,24.100000381469727,1551.5999755859375,0,0,1,0,0,1,0,1,0,1,0,1,0,1,0,1,0,1,0,1,0,0,1
0,0,0,5,1,1,44.04999923706055,202.14999389648438,0,0,0,0,0,0,0,0,0,0,0,0,0,0,0,0,0,0,0,0,1,0,0
1,1,0,72,1,1,110.80000305175781,7882.25,0,0,1,0,1,0,0,0,1,0,1,0,1,0,1,0,1,0,0,1,1,0,0
1,1,1,72,1,1,114.94999694824219,8196.400390625,0,1,1,0,1,0,1,0,1,0,1,0,1,0,1,0,1,0,0,1,0,0,0
1,0,0,3,1,0,75.05000305175781,202.89999389648438,0,0,0,0,1,0,0,0,0,0,1,0,0,0,0,0,0,0,0,0,0,0,1
0,1,0,48,1,0,19.25,855.0999755859375,0,1,0,0,0,1,0,1,0,1,0,1,0,1,0,1,0,1,0,1,0,0,1
0,0,0,63,1,1,90.05000305175781,5817.0,0,0,0,0,1,0,0,0,0,0,1,0,1,0,1,0,0,0,1,0,1,0,0
0,0,0,27,1,1,56.70000076293945,1652.949951171875,0,0,0,0,0,0,1,0,1,0,0,0,0,0,0,0,0,0,0,0,0,0,1
0,1,1,70,1,1,80.1500015258789,5600.14990234375,0,1,0,0,0,0,1,0,1,0,1,0,0,0,1,0,1,0,0,1,1,0,0
0,1,1,7,1,1,71.3499984741211,515.75,0,1,0,0,0,0,1,0,0,0,1,0,1,0,0,0,1,0,0,0,1,0,0
0,0,1,0,1,0,20.25,0.0,0,1,0,0,0,1,0,1,0,1,0,1,0,1,0,1,0,1,0,1,0,0,1
0,1,0,2,1,0,90.3499984741211,190.5,0,0,0,0,1,0,1,0,1,0,0,0,0,0,1,0,0,0,0,0,0,1,0
1,0,0,20,1,1,98.55000305175781,1842.800048828125,1,1,1,0,1,0,0,0,0,0,1,0,0,0,1,0,1,0,0,0,0,1,0
0,0,0,66,1,0,19.700000762939453,1253.800048828125,0,1,0,0,0,1,0,1,0,1,0,1,0,1,0,1,0,1,0,1,0,0,0
0,0,0,3,1,0,19.850000381469727,57.20000076293945,0,0,0,0,0,1,0,1,0,1,0,1,0,1,0,1,0,1,0,0,0,0,1
0,0,1,15,1,1,85.9000015258789,1269.550048828125,1,0,0,0,1,0,0,0,1,0,0,0,0,0,0,0,1,0,0,0,0,0,0
0,1,1,72,1,1,90.3499984741211,6563.39990234375,0,0,1,0,1,0,1,0,1,0,0,0,1,0,0,0,0,0,0,1,0,0,0
0,0,0,1,1,0,20.799999237060547,20.799999237060547,0,1,0,0,0,1,0,1,0,1,0,1,0,1,0,1,0,1,0,0,0,0,1
0,0,0,22,1,0,89.25,1907.8499755859375,1,0,0,0,1,0,0,0,0,0,0,0,0,0,1,0,1,0,0,0,0,1,0
0,1,0,3,1,1,70.30000305175781,208.85000610351562,1,1,0,0,1,0,0,0,0,0,0,0,0,0,0,0,0,0,0,0,0,1,0
0,1,1,72,1,0,66.8499984741211,4758.7998046875,0,0,1,0,0,0,1,0,0,0,1,0,1,0,0,0,0,0,0,1,0,0,0
0,1,1,65,1,0,19.899999618530273,1292.5999755859375,0,1,0,0,0,1,0,1,0,1,0,1,0,1,0,1,0,1,0,1,0,0,1
0,0,0,11,0,1,35.79999923706055,363.1499938964844,0,0,0,1,0,0,0,0,0,0,0,0,0,0,1,0,0,0,0,0,0,0,1
0,0,0,22,1,1,78.8499984741211,1600.25,0,1,1,0,1,0,0,0,1,0,0,0,0,0,0,0,0,0,0,0,0,0,1
0,0,0,14,1,0,20.399999618530273,275.70001220703125,0,1,0,0,0,1,0,1,0,1,0,1,0,1,0,1,0,1,1,0,0,0,0
0,0,0,41,1,1,74.25,3089.10009765625,0,1,0,0,1,0,0,0,0,0,0,0,1,0,0,0,0,0,0,0,0,1,0
0,1,0,17,1,0,64.80000305175781,1175.5999755859375,0,1,0,0,0,0,1,0,1,0,0,0,0,0,0,0,1,0,1,0,0,0,1
0,0,0,11,1,1,20.450000762939453,237.3000030517578,0,1,0,0,0,1,0,1,0,1,0,1,0,1,0,1,0,1,0,0,1,0,0
0,0,0,15,1,1,93.3499984741211,1444.6500244140625,1,1,1,0,1,0,0,0,0,0,0,0,0,0,1,0,1,0,0,0,0,1,0
0,0,0,1,1,0,19.899999618530273,19.899999618530273,1,0,0,0,0,1,0,1,0,1,0,1,0,1,0,1,0,1,0,0,0,0,1
0,1,0,5,1,1,88.9000015258789,454.1499938964844,1,0,0,0,1,0,1,0,0,0,1,0,0,0,0,0,1,0,0,0,0,0,1
0,1,0,33,1,1,95.80000305175781,3036.75,1,1,0,0,1,0,0,0,0,0,1,0,0,0,1,0,1,0,1,0,0,1,0
0,1,0,72,1,1,110.6500015258789,8065.64990234375,0,0,1,0,1,0,1,0,1,0,1,0,0,0,1,0,1,0,0,1,1,0,0
0,1,1,3,0,0,40.29999923706055,92.5,0,0,0,1,0,0,0,0,1,0,0,0,0,0,0,0,1,0,0,0,0,0,1
0,0,0,2,1,1,82.0,184.64999389648438,1,1,1,0,1,0,0,0,1,0,0,0,0,0,0,0,0,0,0,0,0,1,0
0,1,0,59,1,1,107.0,6152.2998046875,0,0,1,0,1,0,1,0,1,0,1,0,1,0,0,0,1,0,1,0,1,0,0
0,0,0,2,1,0,45.349998474121094,89.5,1,1,0,0,0,0,0,0,0,0,0,0,0,0,0,0,0,0,0,0,0,1,0
0,1,1,71,1,1,73.3499984741211,5154.5,0,1,0,0,0,0,0,0,1,0,0,0,1,0,1,0,1,0,0,1,1,0,0
0,1,1,5,1,0,44.79999923706055,220.4499969482422,0,0,0,0,0,0,0,0,0,0,0,0,0,0,0,0,0,0,0,0,0,0,1
0,1,1,27,1,1,54.75,1510.300048828125,0,1,0,0,0,0,1,0,1,0,0,0,0,0,0,0,0,0,0,0,1,0,0
0,0,0,1,1,1,52.20000076293945,52.20000076293945,1,0,0,0,0,0,0,0,0,0,0,0,1,0,0,0,0,0,0,0,0,1,0
0,0,1,63,0,1,40.599998474121094,2588.949951171875,0,1,0,1,0,0,1,0,1,0,0,0,1,0,0,0,0,0,1,0,0,0,0
1,0,0,46,1,1,110.0,4874.7998046875,1,0,1,0,1,0,1,0,1,0,1,0,0,0,1,0,1,0,1,0,0,1,0
0,1,1,72,1,0,55.29999923706055,3983.60009765625,0,1,1,0,0,0,1,0,0,0,0,0,0,0,0,0,0,0,0,1,0,0,0
0,1,0,34,1,1,60.849998474121094,2003.5999755859375,0,0,1,0,0,0,1,0,0,0,0,0,1,0,0,0,0,0,0,0,0,0,0
0,1,1,24,1,0,78.4000015258789,1832.4000244140625,0,0,1,0,0,0,1,0,1,0,0,0,0,0,1,0,1,0,1,0,0,1,0
0,0,0,72,1,0,69.6500015258789,4908.25,0,1,1,0,0,0,1,0,1,0,1,0,1,0,0,0,0,0,0,1,0,0,0
0,1,1,60,0,0,59.849998474121094,3590.199951171875,0,0,0,1,0,0,1,0,0,0,1,0,1,0,1,0,1,0,0,1,1,0,0
0,0,0,68,1,1,76.9000015258789,5023.0,0,1,1,0,0,0,1,0,1,0,1,0,0,0,0,0,1,0,1,0,1,0,0
0,1,1,8,1,1,19.850000381469727,146.60000610351562,0,0,0,0,0,1,0,1,0,1,0,1,0,1,0,1,0,1,0,1,0,0,1
0,0,1,34,1,0,67.6500015258789,2339.300048828125,0,0,0,0,0,0,1,0,0,0,1,0,1,0,1,0,0,0,0,1,1,0,0
0,0,0,6,0,0,45.0,298.70001220703125,0,0,0,1,0,0,0,0,0,0,0,0,0,0,1,0,1,0,0,0,1,0,0
0,1,0,2,1,1,64.19999694824219,143.64999389648438,0,1,0,0,0,0,0,0,1,0,0,0,1,0,0,0,1,0,0,0,0,0,1
0,0,0,31,1,0,81.69999694824219,2548.64990234375,0,1,1,0,1,0,0,0,0,0,0,0,1,0,0,0,0,0,1,0,1,0,0
0,1,1,20,1,1,25.549999237060547,507.3999938964844,0,0,1,0,0,1,0,1,0,1,0,1,0,1,0,1,0,1,0,0,0,0,0
0,1,1,1,1,0,20.0,20.0,0,0,0,0,0,1,0,1,0,1,0,1,0,1,0,1,0,1,0,0,0,1,0
0,0,0,62,1,1,96.75,6125.39990234375,1,1,1,0,1,0,0,0,0,0,1,0,0,0,1,0,1,0,1,0,0,1,0
1,1,0,70,1,1,75.6500015258789,5411.39990234375,0,0,1,0,1,0,0,0,0,0,0,0,0,0,0,0,0,0,0,1,1,0,0
0,0,0,10,1,1,98.5,1058.25,1,0,1,0,1,0,0,0,0,0,0,0,1,0,1,0,1,0,0,0,0,1,0
0,1,1,39,1,1,23.799999237060547,903.7999877929688,0,1,1,0,0,1,0,1,0,1,0,1,0,1,0,1,0,1,0,1,0,0,1
0,1,0,46,1,1,64.19999694824219,3009.5,0,0,0,0,0,0,0,0,1,0,0,0,1,0,1,0,0,0,0,1,1,0,0
0,0,0,6,1,1,85.3499984741211,489.45001220703125,1,1,0,0,1,0,0,0,1,0,0,0,0,0,1,0,0,0,0,0,0,1,0
0,1,1,72,1,1,76.80000305175781,5468.4501953125,0,0,1,0,0,0,0,0,0,0,1,0,0,0,1,0,1,0,0,1,0,0,0
0,0,0,18,1,0,55.20000076293945,1058.0999755859375,0,1,0,0,0,0,0,0,0,0,1,0,1,0,0,0,0,0,0,0,1,0,0
0,1,0,71,1,1,108.55000305175781,7616.0,0,1,1,0,1,0,1,0,0,0,1,0,1,0,1,0,1,0,0,1,1,0,0
0,1,0,40,1,1,101.30000305175781,4113.10009765625,1,1,1,0,1,0,0,0,1,0,0,0,0,0,1,0,1,0,0,0,0,1,0
0,0,0,1,1,1,69.55000305175781,69.55000305175781,1,1,0,0,1,0,0,0,0,0,0,0,0,0,0,0,0,0,0,0,0,1,0
0,0,0,58,1,1,103.25,6017.64990234375,1,1,1,0,1,0,0,0,1,0,1,0,0,0,1,0,1,0,1,0,0,0,0
0,0,0,70,1,1,104.0,7250.14990234375,1,1,1,0,1,0,1,0,0,0,0,0,1,0,1,0,1,0,0,1,1,0,0
0,1,0,42,1,0,25.25,1108.199951171875,0,0,1,0,0,1,0,1,0,1,0,1,0,1,0,1,0,1,0,1,0,1,0
0,1,1,34,0,0,30.399999618530273,938.6500244140625,0,1,0,1,0,0,1,0,0,0,0,0,0,0,0,0,0,0,1,0,0,0,0
1,0,0,5,1,0,20.049999237060547,94.1500015258789,0,1,0,0,0,1,0,1,0,1,0,1,0,1,0,1,0,1,0,0,0,0,0
0,0,0,25,1,1,84.5999984741211,2088.050048828125,0,0,1,0,1,0,0,0,0,0,0,0,0,0,1,0,0,0,0,0,0,0,1
0,0,0,2,1,1,86.19999694824219,178.6999969482422,1,0,0,0,1,0,0,0,0,0,1,0,0,0,0,0,1,0,0,0,0,0,1
0,1,1,55,1,1,103.69999694824219,5656.75,0,0,0,0,1,0,0,0,1,0,1,0,1,0,1,0,1,0,1,0,0,0,0
0,1,0,21,1,1,111.19999694824219,2317.10009765625,1,1,1,0,1,0,0,0,1,0,1,0,1,0,1,0,1,0,0,0,0,1,0
0,1,0,70,1,1,88.0,5986.4501953125,0,1,1,0,1,0,1,0,1,0,0,0,1,0,0,0,0,0,0,1,1,0,0
0,1,0,61,1,1,106.3499984741211,6751.35009765625,0,0,1,0,1,0,0,0,0,0,1,0,1,0,1,0,1,0,0,0,0,1,0
0,1,1,43,1,1,79.1500015258789,3566.60009765625,0,1,0,0,0,0,1,0,0,0,1,0,1,0,1,0,1,0,0,1,1,0,0
0,0,0,47,1,1,103.0999984741211,4889.2998046875,0,1,1,0,1,0,0,0,1,0,1,0,0,0,1,0,1,0,1,0,0,1,0
0,0,0,5,1,1,63.95000076293945,318.1000061035156,0,1,0,0,0,0,0,0,0,0,1,0,1,0,1,0,0,0,0,0,1,0,0
0,0,0,62,1,1,25.799999237060547,1563.949951171875,0,0,1,0,0,1,0,1,0,1,0,1,0,1,0,1,0,1,0,1,1,0,0
0,1,1,16,1,1,89.44999694824219,1430.25,1,0,0,0,1,0,0,0,1,0,1,0,0,0,1,0,0,0,0,0,1,0,0
1,1,0,7,1,1,95.5999984741211,644.3499755859375,1,1,1,0,1,0,0,0,0,0,0,0,0,0,1,0,1,0,0,0,0,0,0
0,1,1,14,1,0,25.549999237060547,372.45001220703125,0,0,1,0,0,1,0,1,0,1,0,1,0,1,0,1,0,1,0,0,0,0,1
0,1,1,60,1,0,90.94999694824219,5453.39990234375,1,1,0,0,1,0,0,0,1,0,1,0,0,0,1,0,0,0,1,0,0,1,0
0,1,1,34,0,1,44.849998474121094,1442.5999755859375,0,1,0,1,0,0,0,0,0,0,1,0,1,0,1,0,0,0,0,0,0,1,0
0,1,0,50,1,0,108.55000305175781,5610.7001953125,1,0,1,0,1,0,1,0,1,0,0,0,1,0,1,0,1,0,1,0,0,1,0
0,1,1,38,1,0,25.049999237060547,963.9500122070312,0,1,1,0,0,1,0,1,0,1,0,1,0,1,0,1,0,1,0,1,1,0,0
0,1,1,70,1,0,74.0999984741211,5222.2998046875,0,0,0,0,0,0,1,0,1,0,1,0,1,0,0,0,1,0,1,0,1,0,0
0,1,1,37,1,1,88.80000305175781,3340.550048828125,0,0,1,0,1,0,0,0,1,0,0,0,0,0,1,0,0,0,0,0,0,1,0
1,0,0,4,1,1,78.8499984741211,292.79998779296875,1,0,0,0,1,0,0,0,0,0,0,0,0,0,1,0,0,0,0,0,0,1,0
1,1,1,60,1,1,93.25,5774.5498046875,0,1,1,0,1,0,1,0,1,0,0,0,0,0,0,0,1,0,0,0,0,1,0
0,1,1,62,1,0,71.4000015258789,4487.2998046875,0,1,0,0,0,0,1,0,0,0,1,0,1,0,0,0,1,0,1,0,1,0,0
0,0,0,1,1,0,44.400001525878906,44.400001525878906,1,1,0,0,0,0,0,0,0,0,0,0,0,0,0,0,0,0,0,0,0,0,1
0,0,0,36,1,1,79.19999694824219,2854.949951171875,0,1,0,0,0,0,1,0,0,0,1,0,1,0,1,0,1,0,0,0,1,0,0
0,0,0,44,1,0,20.399999618530273,905.5499877929688,0,1,0,0,0,1,0,1,0,1,0,1,0,1,0,1,0,1,0,1,1,0,0
1,0,0,55,1,1,100.0,5509.2998046875,1,0,1,0,1,0,0,0,0,0,1,0,0,0,1,0,1,0,1,0,0,1,0
0,1,0,72,1,1,105.0,7589.7998046875,0,0,1,0,1,0,1,0,0,0,1,0,0,0,1,0,1,0,0,1,1,0,0
0,1,1,12,1,0,19.799999237060547,229.60000610351562,1,0,0,0,0,1,0,1,0,1,0,1,0,1,0,1,0,1,1,0,0,0,0
0,0,0,13,0,1,30.850000381469727,394.1000061035156,0,0,0,1,0,0,1,0,0,0,0,0,0,0,0,0,0,0,0,0,0,0,0
0,0,0,1,1,1,89.9000015258789,89.9000015258789,1,1,0,0,1,0,0,0,0,0,0,0,0,0,1,0,1,0,0,0,0,1,0
0,1,1,15,1,0,20.549999237060547,295.95001220703125,0,0,0,0,0,1,0,1,0,1,0,1,0,1,0,1,0,1,1,0,0,0,1
0,0,0,65,1,1,84.8499984741211,5459.2001953125,0,0,0,0,0,0,1,0,1,0,1,0,1,0,1,0,1,0,0,1,0,0,0
0,1,1,12,0,0,33.150001525878906,444.75,0,0,0,1,0,0,1,0,0,0,0,0,1,0,0,0,0,0,1,0,1,0,0
0,1,0,72,1,1,92.0,6782.14990234375,0,1,1,0,0,0,1,0,1,0,1,0,1,0,1,0,1,0,0,1,1,0,0
0,1,1,72,1,0,89.80000305175781,6510.4501953125,0,0,1,0,0,0,1,0,1,0,1,0,1,0,1,0,1,0,0,1,1,0,0
0,1,1,72,1,1,115.80000305175781,8476.5,0,0,1,0,1,0,1,0,1,0,1,0,1,0,1,0,1,0,0,1,0,0,0
0,0,1,52,1,1,85.1500015258789,4461.85009765625,0,1,1,0,0,0,1,0,1,0,0,0,1,0,1,0,1,0,0,1,0,0,1
0,0,0,2,1,0,24.850000381469727,62.0,0,1,1,0,0,1,0,1,0,1,0,1,0,1,0,1,0,1,0,0,0,0,1
0,0,0,5,1,1,64.3499984741211,352.6499938964844,0,0,0,0,0,0,1,0,0,0,0,0,1,0,1,0,0,0,0,0,0,1,0
0,0,0,68,1,0,20.5,1424.9000244140625,0,0,0,0,0,1,0,1,0,1,0,1,0,1,0,1,0,1,0,1,1,0,0
0,0,1,62,1,1,100.1500015258789,6413.64990234375,1,0,1,0,1,0,0,0,0,0,1,0,0,0,1,0,1,0,1,0,0,1,0
0,0,0,72,1,0,86.05000305175781,6309.64990234375,0,1,1,0,0,0,1,0,1,0,0,0,1,0,1,0,1,0,0,1,1,0,0
0,0,0,1,1,0,50.79999923706055,50.79999923706055,1,1,0,0,0,0,0,0,1,0,0,0,0,0,0,0,0,0,0,0,0,1,0
0,1,0,66,1,0,89.0,5898.60009765625,0,0,1,0,1,0,1,0,1,0,0,0,1,0,0,0,0,0,1,0,0,1,0
0,1,1,72,0,1,64.80000305175781,4719.75,0,1,0,1,0,0,1,0,1,0,1,0,1,0,1,0,1,0,0,1,1,0,0
0,0,0,26,1,0,19.799999237060547,457.29998779296875,0,1,0,0,0,1,0,1,0,1,0,1,0,1,0,1,0,1,1,0,1,0,0
0,1,1,64,1,0,93.4000015258789,5822.2998046875,0,1,1,0,1,0,1,0,0,0,1,0,0,0,0,0,1,0,0,1,0,0,0
1,1,0,20,1,1,73.6500015258789,1463.5,1,1,0,0,1,0,0,0,1,0,0,0,0,0,0,0,0,0,0,0,0,1,0
0,0,0,3,1,1,95.0999984741211,307.3999938964844,1,0,0,0,1,0,0,0,1,0,0,0,0,0,1,0,1,0,0,0,0,1,0
0,0,0,22,1,1,94.6500015258789,2104.550048828125,1,1,1,0,1,0,0,0,0,0,0,0,0,0,1,0,1,0,0,0,1,0,0
0,1,0,4,1,1,80.5999984741211,319.1499938964844,1,1,0,0,1,0,0,0,0,0,1,0,1,0,0,0,0,0,0,0,0,0,1
0,1,0,62,0,1,39.0,2337.449951171875,0,1,0,1,0,0,0,0,0,0,0,0,1,0,1,0,0,0,0,1,0,0,0
0,0,0,5,1,1,20.5,104.30000305175781,0,0,0,0,0,1,0,1,0,1,0,1,0,1,0,1,0,1,0,0,0,0,1
0,1,0,59,1,0,85.55000305175781,5084.64990234375,1,1,1,0,1,0,0,0,0,0,0,0,0,0,0,0,1,0,1,0,0,1,0
0,0,1,3,1,1,26.399999618530273,121.25,0,1,1,0,0,1,0,1,0,1,0,1,0,1,0,1,0,1,0,1,0,0,1
0,1,0,72,1,1,98.19999694824219,7015.89990234375,0,0,1,0,1,0,1,0,0,0,1,0,1,0,1,0,0,0,0,1,0,0,0
0,1,1,57,1,1,97.55000305175781,5598.0,0,1,0,0,1,0,0,0,1,0,1,0,0,0,1,0,1,0,1,0,1,0,0
0,0,1,66,1,0,19.950000762939453,1269.0999755859375,0,1,0,0,0,1,0,1,0,1,0,1,0,1,0,1,0,1,0,1,1,0,0
0,0,0,60,0,1,50.79999923706055,3027.39990234375,1,0,0,1,0,0,0,0,1,0,0,0,0,0,1,0,1,0,0,0,0,1,0
0,0,1,45,1,0,99.69999694824219,4634.35009765625,0,1,1,0,1,0,0,0,0,0,1,0,0,0,1,0,1,0,0,1,0,0,0
0,0,0,3,0,1,34.79999923706055,113.94999694824219,0,0,0,1,0,0,0,0,0,0,0,0,0,0,1,0,0,0,0,0,1,0,0
0,0,0,15,1,0,105.0999984741211,1582.75,1,0,0,0,1,0,1,0,0,0,1,0,1,0,1,0,1,0,0,0,0,1,0
0,0,1,51,0,0,60.150001525878906,3077.0,0,0,0,1,0,0,1,0,0,0,1,0,1,0,1,0,1,0,1,0,0,0,0
0,0,0,60,1,0,64.75,4039.5,0,0,1,0,0,0,1,0,0,0,1,0,1,0,0,0,0,0,1,0,0,1,0
0,0,0,33,1,1,54.650001525878906,1665.199951171875,0,1,1,0,0,0,0,0,1,0,0,0,0,0,0,0,0,0,0,0,0,0,0
0,0,0,10,1,1,110.0999984741211,1043.300048828125,1,1,0,0,1,0,1,0,1,0,1,0,1,0,1,0,1,0,0,0,0,1,0
1,0,0,26,1,0,19.299999237060547,504.20001220703125,0,1,0,0,0,1,0,1,0,1,0,1,0,1,0,1,0,1,1,0,1,0,0
0,0,0,6,1,0,83.9000015258789,497.54998779296875,1,0,0,0,1,0,0,0,0,0,1,0,0,0,0,0,1,0,0,0,0,1,0
0,1,0,67,1,1,111.25,7511.64990234375,0,0,1,0,1,0,1,0,0,0,1,0,1,0,1,0,1,0,1,0,0,1,0
0,1,1,49,0,1,35.79999923706055,1782.0,0,0,0,1,0,0,1,0,0,0,0,0,1,0,0,0,0,0,1,0,1,0,0
0,0,0,1,1,1,20.049999237060547,20.049999237060547,0,1,0,0,0,1,0,1,0,1,0,1,0,1,0,1,0,1,0,0,0,0,1
1,0,0,7,1,1,84.3499984741211,609.6500244140625,0,0,0,0,1,0,0,0,0,0,1,0,0,0,1,0,0,0,0,0,0,1,0
1,0,0,27,1,1,110.5,2857.60009765625,0,0,1,0,1,0,1,0,1,0,1,0,0,0,1,0,1,0,1,0,0,0,0
0,1,1,37,1,0,91.19999694824219,3247.550048828125,0,1,0,0,1,0,0,0,0,0,0,0,0,0,1,0,1,0,1,0,1,0,0
0,1,1,63,1,1,100.55000305175781,6215.35009765625,1,0,1,0,1,0,1,0,1,0,1,0,0,0,1,0,0,0,0,0,0,1,0
0,1,1,31,1,0,89.30000305175781,2823.0,0,1,1,0,1,0,1,0,0,0,1,0,1,0,0,0,0,0,0,0,0,1,0
0,1,1,50,1,1,103.8499984741211,5017.89990234375,1,1,1,0,1,0,0,0,1,0,1,0,0,0,1,0,1,0,0,0,0,0,0
1,0,0,32,1,1,81.0999984741211,2619.25,0,1,1,0,1,0,0,0,0,0,1,0,0,0,0,0,0,0,0,0,1,0,0
0,0,0,1,0,0,24.600000381469727,24.600000381469727,1,0,0,1,0,0,0,0,0,0,0,0,0,0,0,0,0,0,0,0,0,1,0
0,1,0,63,1,1,81.19999694824219,4965.10009765625,0,0,1,0,1,0,0,0,0,0,0,0,1,0,0,0,0,0,1,0,1,0,0
0,0,0,30,1,1,94.30000305175781,2679.699951171875,0,1,1,0,1,0,1,0,1,0,0,0,0,0,0,0,1,0,0,0,1,0,0
0,1,0,71,1,1,116.0999984741211,8310.5498046875,0,1,1,0,1,0,1,0,1,0,1,0,1,0,1,0,1,0,0,1,0,0,0
0,0,0,53,1,0,105.55000305175781,5682.25,0,0,1,0,1,0,0,0,1,0,1,0,0,0,1,0,1,0,0,1,0,1,0
0,0,0,12,1,1,98.9000015258789,1120.949951171875,1,0,0,0,1,0,1,0,0,0,0,0,1,0,1,0,1,0,0,0,0,0,0
0,1,0,50,1,1,94.4000015258789,4914.89990234375,0,1,1,0,1,0,1,0,1,0,0,0,0,0,0,0,1,0,0,0,1,0,0
0,0,0,2,1,0,19.5,27.549999237060547,0,0,0,0,0,1,0,1,0,1,0,1,0,1,0,1,0,1,0,0,0,0,1
0,0,0,9,1,0,98.30000305175781,923.5,1,0,1,0,1,0,0,0,0,0,1,0,0,0,1,0,1,0,0,0,1,0,0
0,0,0,17,1,0,93.8499984741211,1625.6500244140625,1,1,0,0,1,0,1,0,0,0,0,0,0,0,1,0,1,0,0,0,0,1,0
0,1,0,56,1,1,105.5999984741211,6068.64990234375,0,0,0,0,1,0,1,0,1,0,1,0,0,0,1,0,1,0,1,0,1,0,0
0,1,1,67,1,0,81.3499984741211,5398.60009765625,0,1,0,0,0,0,1,0,1,0,1,0,0,0,1,0,1,0,0,1,1,0,0
1,0,0,9,1,1,100.5,918.5999755859375,1,1,1,0,1,0,0,0,0,0,1,0,0,0,1,0,1,0,0,0,0,1,0
0,0,0,4,1,1,56.400001525878906,234.85000610351562,0,1,0,0,0,0,0,0,0,0,0,0,0,0,1,0,0,0,0,0,0,1,0
0,0,0,19,1,1,65.3499984741211,1231.8499755859375,0,1,0,0,0,0,0,0,1,0,0,0,1,0,0,0,1,0,1,0,0,0,0
0,0,1,8,1,0,19.950000762939453,170.89999389648438,0,0,0,0,0,1,0,1,0,1,0,1,0,1,0,1,0,1,0,0,0,0,1
0,0,0,71,1,1,111.25,7984.14990234375,0,0,1,0,1,0,0,0,1,0,1,0,1,0,1,0,1,0,0,1,0,1,0
1,0,0,10,1,1,72.8499984741211,688.6500244140625,1,1,0,0,1,0,0,0,1,0,0,0,0,0,0,0,0,0,0,0,0,1,0
1,0,0,15,1,0,89.0,1288.300048828125,0,0,1,0,1,0,0,0,1,0,0,0,0,0,1,0,0,0,0,0,1,0,0
0,1,1,72,1,1,106.0999984741211,7848.5,0,1,1,0,1,0,1,0,0,0,1,0,0,0,1,0,1,0,1,0,0,0,0
0,0,0,12,1,0,20.049999237060547,267.0,0,1,0,0,0,1,0,1,0,1,0,1,0,1,0,1,0,1,1,0,1,0,0
0,1,1,72,1,1,25.200000762939453,1798.9000244140625,0,1,1,0,0,1,0,1,0,1,0,1,0,1,0,1,0,1,0,1,0,0,0
1,1,0,1,1,1,73.55000305175781,73.55000305175781,1,1,1,0,1,0,0,0,0,0,0,0,0,0,0,0,0,0,0,0,0,1,0
1,0,0,23,1,1,75.4000015258789,1643.550048828125,0,0,0,0,1,0,1,0,0,0,0,0,0,0,0,0,0,0,0,0,0,0,0
0,0,0,72,0,1,65.55000305175781,4807.4501953125,0,1,0,1,0,0,1,0,1,0,1,0,1,0,1,0,1,0,0,1,0,0,0
0,0,0,26,1,1,80.69999694824219,2193.0,0,0,1,0,1,0,0,0,0,0,1,0,0,0,0,0,0,0,0,0,0,1,0
0,0,0,21,1,1,104.55000305175781,2239.39990234375,0,0,0,0,1,0,0,0,1,0,1,0,1,0,1,0,1,0,1,0,0,0,1
0,1,0,60,1,0,24.149999618530273,1505.9000244140625,0,1,1,0,0,1,0,1,0,1,0,1,0,1,0,1,0,1,1,0,0,0,0
0,0,0,12,1,0,20.450000762939453,255.35000610351562,0,1,0,0,0,1,0,1,0,1,0,1,0,1,0,1,0,1,0,0,0,0,1
0,1,0,16,1,1,75.4000015258789,1189.4000244140625,0,1,1,0,1,0,0,0,0,0,0,0,0,0,0,0,0,0,0,0,0,1,0
0,1,0,63,1,1,79.69999694824219,4786.14990234375,0,0,1,0,0,0,1,0,1,0,0,0,0,0,1,0,1,0,1,0,1,0,0
1,0,0,22,1,0,81.69999694824219,1820.9000244140625,0,0,0,0,1,0,1,0,1,0,0,0,0,0,0,0,0,0,0,0,0,1,0
0,1,1,32,1,0,76.30000305175781,2404.14990234375,0,0,0,0,0,0,1,0,1,0,1,0,1,0,0,0,1,0,0,0,0,0,0
1,0,0,3,1,1,79.4000015258789,205.0500030517578,1,0,1,0,1,0,0,0,1,0,0,0,0,0,0,0,0,0,0,0,0,1,0
0,0,0,13,1,1,81.1500015258789,952.2999877929688,1,0,0,0,1,0,0,0,1,0,1,0,0,0,0,0,0,0,0,0,0,1,0
0,1,1,68,1,1,103.75,7039.4501953125,0,0,1,0,1,0,0,0,1,0,0,0,1,0,1,0,1,0,0,1,1,0,0
0,1,1,30,1,0,86.44999694824219,2538.050048828125,0,0,0,0,1,0,0,0,0,0,1,0,0,0,0,0,1,0,1,0,0,1,0
0,0,0,16,1,0,75.0999984741211,1212.8499755859375,0,0,0,0,1,0,0,0,1,0,0,0,0,0,0,0,0,0,0,0,0,0,0
0,0,0,33,1,0,80.5999984741211,2651.10009765625,0,1,0,0,1,0,0,0,1,0,0,0,1,0,0,0,0,0,0,1,0,0,0
0,1,0,72,1,0,19.299999237060547,1304.800048828125,0,1,0,0,0,1,0,1,0,1,0,1,0,1,0,1,0,1,0,1,1,0,0
1,0,0,4,1,1,84.5999984741211,360.1000061035156,1,0,1,0,1,0,0,0,0,0,0,0,0,0,0,0,1,0,0,0,0,1,0
0,0,0,12,0,1,33.599998474121094,435.45001220703125,0,0,0,1,0,0,1,0,0,0,0,0,1,0,0,0,0,0,1,0,0,0,1
1,1,0,4,1,1,83.25,308.04998779296875,0,0,1,0,1,0,0,0,0,0,0,0,0,0,1,0,0,0,0,0,0,1,0
0,1,1,0,1,0,80.8499984741211,0.0,0,0,0,0,0,0,1,0,1,0,1,0,0,0,1,0,1,0,0,1,0,0,1
0,0,0,6,1,1,79.05000305175781,434.5,1,0,1,0,1,0,1,0,0,0,0,0,0,0,0,0,0,0,0,0,0,1,0
0,1,0,65,1,1,108.05000305175781,7118.89990234375,0,0,1,0,1,0,0,0,1,0,1,0,1,0,1,0,1,0,1,0,1,0,0
0,0,0,15,1,0,19.899999618530273,320.45001220703125,0,0,0,0,0,1,0,1,0,1,0,1,0,1,0,1,0,1,0,0,0,0,1
0,0,1,24,1,0,21.049999237060547,531.5499877929688,0,0,0,0,0,1,0,1,0,1,0,1,0,1,0,1,0,1,1,0,0,0,0
0,0,1,13,0,0,30.149999618530273,382.20001220703125,0,0,0,1,0,0,0,0,1,0,0,0,0,0,0,0,0,0,0,0,0,1,0
0,0,0,24,1,1,79.8499984741211,2001.0,0,1,0,0,1,0,0,0,0,0,0,0,0,0,0,0,1,0,0,0,1,0,0
0,1,0,72,0,0,65.5,4919.7001953125,0,0,0,1,0,0,1,0,1,0,1,0,1,0,1,0,1,0,0,1,0,0,0
0,1,1,54,1,1,104.0999984741211,5645.7998046875,0,0,1,0,1,0,1,0,1,0,0,0,0,0,1,0,1,0,0,0,0,0,0
0,0,0,3,1,0,74.4000015258789,215.8000030517578,1,0,1,0,1,0,0,0,0,0,0,0,0,0,0,0,0,0,0,0,0,0,0
0,1,1,4,1,1,20.5,77.5999984741211,0,1,0,0,0,1,0,1,0,1,0,1,0,1,0,1,0,1,0,0,0,0,1
1,1,1,32,1,1,91.3499984741211,2896.550048828125,0,0,1,0,1,0,0,0,0,0,1,0,0,0,1,0,0,0,0,0,0,0,1
1,0,0,35,1,1,99.05000305175781,3395.800048828125,1,1,1,0,1,0,0,0,0,0,1,0,0,0,1,0,1,0,0,0,0,1,0
0,1,1,35,1,0,20.5,759.3499755859375,0,1,0,0,0,1,0,1,0,1,0,1,0,1,0,1,0,1,0,1,0,0,0
1,0,0,2,1,0,44.95000076293945,85.1500015258789,1,1,0,0,0,0,0,0,0,0,0,0,0,0,0,0,0,0,0,0,0,0,1
0,0,0,8,1,0,75.5999984741211,535.5499877929688,0,0,0,0,1,0,0,0,1,0,0,0,0,0,0,0,0,0,0,0,0,1,0
0,0,0,22,1,0,55.099998474121094,1253.1500244140625,0,1,0,0,0,0,1,0,0,0,0,0,1,0,0,0,0,0,0,0,0,0,1
0,0,0,15,1,0,58.95000076293945,955.1500244140625,0,0,0,0,0,0,1,0,0,0,1,0,1,0,0,0,0,0,0,0,0,1,0
0,0,0,22,1,1,95.0999984741211,2162.60009765625,0,1,1,0,1,0,0,0,0,0,0,0,0,0,1,0,1,0,0,0,0,1,0
0,1,0,1,1,0,44.70000076293945,44.70000076293945,1,1,0,0,0,0,0,0,0,0,0,0,0,0,0,0,0,0,0,0,1,0,0
0,1,1,71,1,0,25.450000762939453,1813.3499755859375,0,0,1,0,0,1,0,1,0,1,0,1,0,1,0,1,0,1,0,1,0,0,0
0,0,0,4,1,0,56.75,245.14999389648438,0,1,0,0,0,0,1,0,0,0,1,0,0,0,0,0,0,0,0,0,0,1,0
0,0,0,25,1,0,81.75,2028.800048828125,0,1,1,0,0,0,1,0,1,0,1,0,1,0,0,0,1,0,0,0,0,0,0
0,1,1,32,1,1,86.0999984741211,2723.75,0,0,0,0,1,0,0,0,1,0,0,0,0,0,1,0,0,0,0,0,0,1,0
1,1,0,7,0,0,29.799999237060547,220.4499969482422,0,1,0,1,0,0,1,0,0,0,0,0,0,0,0,0,0,0,0,0,0,0,0
0,0,0,17,1,1,20.5,365.79998779296875,0,1,0,0,0,1,0,1,0,1,0,1,0,1,0,1,0,1,1,0,0,0,1
1,1,0,8,1,0,60.900001525878906,551.9500122070312,0,1,0,0,0,0,1,0,0,0,0,0,0,0,1,0,0,0,0,0,0,0,0
1,0,0,56,1,0,73.25,4054.199951171875,0,0,1,0,0,0,1,0,0,0,1,0,1,0,0,0,1,0,0,1,0,0,0
0,0,0,1,1,1,45.70000076293945,45.70000076293945,1,1,0,0,0,0,0,0,0,0,0,0,0,0,0,0,0,0,0,0,0,0,1
1,0,0,8,1,0,100.30000305175781,832.3499755859375,1,1,0,0,1,0,1,0,0,0,0,0,1,0,1,0,1,0,0,0,1,0,0
0,0,0,7,1,0,19.25,112.30000305175781,1,1,0,0,0,1,0,1,0,1,0,1,0,1,0,1,0,1,0,0,0,1,0
0,0,1,3,1,0,20.850000381469727,60.650001525878906,0,1,0,0,0,1,0,1,0,1,0,1,0,1,0,1,0,1,0,0,0,0,1
0,0,0,71,1,0,77.3499984741211,5550.10009765625,0,0,0,0,0,0,1,0,1,0,1,0,1,0,1,0,0,0,0,1,1,0,0
0,0,0,2,1,1,96.0,174.8000030517578,1,0,1,0,1,0,0,0,0,0,0,0,0,0,1,0,1,0,0,0,0,1,0
0,0,0,1,1,0,90.55000305175781,90.55000305175781,1,0,0,0,1,0,0,0,0,0,0,0,0,0,1,0,1,0,0,0,0,1,0
0,1,0,49,1,1,93.8499984741211,4733.10009765625,0,1,1,0,1,0,1,0,1,0,0,0,0,0,1,0,0,0,0,0,0,0,0
0,0,0,58,1,0,70.0999984741211,4048.949951171875,0,1,0,0,0,0,0,0,1,0,1,0,1,0,1,0,0,0,0,1,0,0,0
1,1,0,44,0,1,30.350000381469727,1359.699951171875,1,1,0,1,0,0,0,0,1,0,0,0,0,0,0,0,0,0,0,0,0,1,0
0,1,1,59,1,1,75.94999694824219,4542.35009765625,0,0,0,0,0,0,0,0,1,0,0,0,1,0,1,0,1,0,0,1,1,0,0
0,0,0,71,1,1,108.05000305175781,7532.14990234375,1,1,1,0,1,0,1,0,0,0,1,0,1,0,1,0,1,0,0,1,0,1,0
0,0,0,1,1,1,69.9000015258789,69.9000015258789,1,1,0,0,1,0,0,0,0,0,0,0,0,0,0,0,0,0,0,0,0,1,0
0,0,0,11,1,0,75.25,888.6500244140625,0,0,1,0,1,0,0,0,0,0,0,0,0,0,0,0,0,0,0,0,0,1,0
1,1,0,62,1,1,103.75,6383.35009765625,1,1,1,0,1,0,0,0,1,0,1,0,0,0,1,0,1,0,1,0,0,1,0
0,1,1,35,1,1,54.95000076293945,1916.0,0,0,0,0,0,0,1,0,0,0,0,0,1,0,0,0,0,0,1,0,0,0,0
0,0,0,20,1,1,19.5,413.0,0,0,0,0,0,1,0,1,0,1,0,1,0,1,0,1,0,1,0,0,0,0,0
0,1,1,40,1,0,19.600000381469727,808.9500122070312,0,1,0,0,0,1,0,1,0,1,0,1,0,1,0,1,0,1,0,1,0,0,1
0,0,0,39,1,1,47.849998474121094,1886.4000244140625,0,0,0,0,0,0,1,0,0,0,0,0,0,0,0,0,0,0,1,0,0,1,0
0,0,0,1,1,1,86.5999984741211,86.5999984741211,1,1,1,0,1,0,0,0,0,0,0,0,0,0,0,0,1,0,0,0,0,1,0
0,1,1,72,1,0,23.75,1679.25,0,0,1,0,0,1,0,1,0,1,0,1,0,1,0,1,0,1,0,1,0,0,0
1,1,0,33,1,1,80.5999984741211,2656.5,1,0,1,0,1,0,0,0,1,0,0,0,0,0,0,0,0,0,0,0,0,0,0
0,0,0,12,1,0,43.79999923706055,540.9500122070312,0,0,0,0,0,0,0,0,0,0,0,0,0,0,0,0,0,0,0,0,0,0,0
0,0,0,1,1,0,19.75,19.75,0,1,0,0,0,1,0,1,0,1,0,1,0,1,0,1,0,1,0,0,0,0,0
0,0,1,27,1,0,19.149999618530273,537.3499755859375,0,1,0,0,0,1,0,1,0,1,0,1,0,1,0,1,0,1,0,0,0,0,1
0,1,1,34,1,0,19.600000381469727,678.7999877929688,0,1,0,0,0,1,0,1,0,1,0,1,0,1,0,1,0,1,1,0,1,0,0
0,1,0,56,1,0,80.30000305175781,4513.64990234375,0,0,0,0,1,0,1,0,0,0,1,0,0,0,0,0,0,0,0,1,0,0,0
0,0,0,58,1,0,24.350000381469727,1423.8499755859375,0,0,1,0,0,1,0,1,0,1,0,1,0,1,0,1,0,1,0,1,1,0,0
0,1,1,22,1,0,25.25,555.4000244140625,0,0,1,0,0,1,0,1,0,1,0,1,0,1,0,1,0,1,0,1,1,0,0
0,1,1,10,1,0,26.100000381469727,225.5500030517578,0,0,1,0,0,1,0,1,0,1,0,1,0,1,0,1,0,1,0,1,1,0,0
0,0,0,13,1,0,20.0,268.45001220703125,0,1,0,0,0,1,0,1,0,1,0,1,0,1,0,1,0,1,0,1,1,0,0
0,0,0,35,1,0,85.30000305175781,2917.5,1,0,1,0,1,0,0,0,1,0,0,0,1,0,0,0,0,0,0,0,1,0,0
0,0,0,34,1,1,70.0,2416.10009765625,1,0,0,0,1,0,0,0,0,0,0,0,0,0,0,0,0,0,0,0,1,0,0
1,0,0,4,1,1,94.30000305175781,424.45001220703125,1,0,1,0,1,0,0,0,0,0,0,0,0,0,1,0,1,0,0,0,0,1,0
0,1,0,72,1,0,20.700000762939453,1492.0999755859375,0,1,0,0,0,1,0,1,0,1,0,1,0,1,0,1,0,1,0,1,0,0,0
0,0,0,2,1,0,70.30000305175781,132.39999389648438,0,1,0,0,0,0,0,0,0,0,0,0,1,0,1,0,1,0,0,0,0,1,0
0,0,0,7,1,1,95.3499984741211,660.9000244140625,1,0,0,0,1,0,0,0,0,0,1,0,0,0,1,0,1,0,0,0,0,1,0
1,1,0,27,1,1,75.5,1893.949951171875,1,1,1,0,1,0,0,0,0,0,0,0,0,0,0,0,0,0,0,0,0,1,0
0,1,1,4,1,1,69.55000305175781,284.8999938964844,0,1,0,0,1,0,0,0,0,0,0,0,0,0,0,0,0,0,0,0,0,0,1
0,0,0,37,1,0,19.850000381469727,784.25,0,0,0,0,0,1,0,1,0,1,0,1,0,1,0,1,0,1,0,1,0,0,1
0,0,0,21,1,0,20.0,417.70001220703125,0,1,0,0,0,1,0,1,0,1,0,1,0,1,0,1,0,1,0,0,0,0,1
1,1,0,53,1,1,95.8499984741211,5016.25,0,0,1,0,1,0,0,0,0,0,0,0,0,0,1,0,1,0,1,0,1,0,0
0,0,0,18,1,1,90.0999984741211,1612.75,1,0,1,0,1,0,0,0,0,0,0,0,1,0,0,0,1,0,0,0,0,1,0
0,0,0,2,1,0,68.94999694824219,119.75,1,0,0,0,1,0,0,0,0,0,0,0,0,0,0,0,0,0,0,0,0,1,0
0,1,1,32,1,1,99.55000305175781,3204.64990234375,1,1,1,0,1,0,1,0,0,0,0,0,0,0,1,0,1,0,0,0,1,0,0
1,1,0,23,1,1,20.75,485.20001220703125,0,1,0,0,0,1,0,1,0,1,0,1,0,1,0,1,0,1,1,0,0,1,0
0,0,0,3,1,1,50.150001525878906,160.85000610351562,0,1,0,0,0,0,1,0,0,0,0,0,0,0,0,0,0,0,0,0,0,0,1
0,1,1,71,0,0,58.650001525878906,4145.25,0,0,0,1,0,0,1,0,1,0,0,0,1,0,1,0,1,0,0,1,0,0,1
0,0,0,9,1,1,95.9000015258789,827.4500122070312,0,1,0,0,1,0,0,0,0,0,0,0,1,0,1,0,1,0,0,0,0,0,0
0,0,0,1,1,0,49.5,49.5,0,0,0,0,0,0,0,0,1,0,0,0,0,0,0,0,0,0,0,0,0,1,0
0,1,1,18,1,0,57.45000076293945,990.8499755859375,1,1,0,0,0,0,0,0,0,0,1,0,0,0,0,0,1,0,0,0,0,1,0
0,1,1,12,1,0,53.650001525878906,696.3499755859375,1,1,0,0,0,0,0,0,0,0,0,0,0,0,0,0,1,0,1,0,1,0,0
0,1,0,71,1,1,80.0999984741211,5585.39990234375,0,1,1,0,0,0,1,0,1,0,1,0,1,0,0,0,1,0,0,1,0,0,1
0,0,0,64,1,1,24.399999618530273,1601.199951171875,0,0,1,0,0,1,0,1,0,1,0,1,0,1,0,1,0,1,1,0,0,0,0
0,0,0,4,0,1,40.04999923706055,162.4499969482422,0,1,0,1,0,0,0,0,0,0,0,0,1,0,0,0,1,0,0,0,0,1,0
0,0,0,23,1,1,19.5,470.20001220703125,0,0,0,0,0,1,0,1,0,1,0,1,0,1,0,1,0,1,0,0,0,0,1
0,1,1,39,1,0,51.04999923706055,2066.0,0,0,0,0,0,0,1,0,0,0,0,0,0,0,0,0,0,0,0,0,1,0,0
0,1,0,28,1,0,54.349998474121094,1426.449951171875,0,1,0,0,0,0,1,0,0,0,0,0,1,0,0,0,0,0,1,0,0,0,1
1,0,0,5,1,1,84.69999694824219,392.5,0,0,0,0,1,0,0,0,1,0,0,0,0,0,1,0,0,0,0,0,0,1,0
1,1,0,45,1,1,86.0999984741211,3861.449951171875,0,0,0,0,1,0,0,0,0,0,1,0,0,0,0,0,1,0,0,0,0,1,0
0,0,0,37,1,1,70.3499984741211,2552.89990234375,0,1,0,0,1,0,0,0,0,0,0,0,0,0,0,0,0,0,0,0,0,0,1
1,1,0,60,1,1,110.0,6668.35009765625,0,0,0,0,1,0,1,0,1,0,1,0,1,0,1,0,1,0,0,1,0,0,0
1,0,0,8,1,1,100.5999984741211,819.4000244140625,1,1,1,0,1,0,0,0,0,0,1,0,0,0,1,0,1,0,0,0,0,1,0
0,0,0,47,1,0,94.9000015258789,4615.25,0,0,1,0,1,0,1,0,0,0,1,0,0,0,1,0,0,0,1,0,1,0,0
0,1,1,26,1,1,83.75,2070.60009765625,1,1,1,0,1,0,0,0,0,0,0,0,0,0,1,0,0,0,0,0,0,1,0
1,1,1,3,1,1,88.30000305175781,273.75,1,0,0,0,1,0,1,0,0,0,0,0,1,0,1,0,0,0,0,0,0,0,1
0,1,1,50,1,1,69.75,3557.699951171875,0,0,0,0,1,0,0,0,0,0,0,0,0,0,0,0,0,0,0,0,0,0,0
0,1,1,27,1,0,71.5999984741211,1957.0999755859375,0,1,1,0,0,0,0,0,0,0,0,0,1,0,1,0,1,0,0,0,0,0,0
1,0,0,8,1,1,92.0999984741211,729.9500122070312,1,0,0,0,1,0,0,0,0,0,1,0,0,0,1,0,1,0,0,0,0,1,0
0,1,0,62,1,0,23.649999618530273,1416.75,0,0,1,0,0,1,0,1,0,1,0,1,0,1,0,1,0,1,0,1,0,0,0
0,1,0,71,1,0,81.8499984741211,5924.39990234375,0,0,0,0,0,0,1,0,0,0,1,0,1,0,1,0,1,0,0,1,0,0,0
0,0,0,66,1,0,25.100000381469727,1697.699951171875,0,1,1,0,0,1,0,1,0,1,0,1,0,1,0,1,0,1,0,1,0,0,1
0,1,1,68,1,1,114.69999694824219,7849.85009765625,0,1,1,0,1,0,1,0,1,0,1,0,1,0,1,0,1,0,0,1,0,0,0
0,0,0,13,0,0,49.150001525878906,649.4000244140625,0,0,0,1,0,0,0,0,0,0,1,0,0,0,1,0,1,0,0,0,0,1,0
0,1,0,56,1,1,80.9000015258789,4557.5,0,1,0,0,1,0,0,0,0,0,0,0,0,0,0,0,1,0,1,0,0,1,0
0,1,0,38,1,1,79.44999694824219,3013.050048828125,1,1,0,0,1,0,1,0,1,0,0,0,0,0,0,0,0,0,0,0,0,1,0
1,0,0,14,1,0,90.44999694824219,1266.0999755859375,1,1,0,0,1,0,0,0,0,0,0,0,0,0,1,0,1,0,0,0,1,0,0
0,0,1,16,1,1,19.299999237060547,360.3500061035156,0,0,0,0,0,1,0,1,0,1,0,1,0,1,0,1,0,1,1,0,0,0,0
0,1,1,14,1,0,70.19999694824219,1046.5,0,0,0,0,1,0,0,0,0,0,0,0,0,0,0,0,0,0,0,0,0,1,0
0,1,1,32,1,1,69.75,2347.89990234375,1,1,0,0,1,0,0,0,0,0,0,0,0,0,0,0,0,0,0,0,0,0,0
0,0,0,8,1,0,54.25,447.75,0,0,0,0,0,0,1,0,0,0,0,0,1,0,0,0,0,0,1,0,0,0,0
0,1,1,43,1,1,99.30000305175781,4209.9501953125,0,0,1,0,1,0,0,0,0,0,1,0,0,0,1,0,1,0,0,0,0,0,0
0,0,0,52,1,0,74.0,3877.64990234375,0,0,1,0,0,0,1,0,0,0,1,0,1,0,1,0,0,0,1,0,1,0,0
0,0,0,3,1,1,50.25,152.3000030517578,0,1,0,0,0,0,0,0,0,0,0,0,1,0,0,0,0,0,0,0,0,0,1
0,0,0,29,1,1,19.799999237060547,572.2000122070312,0,1,0,0,0,1,0,1,0,1,0,1,0,1,0,1,0,1,1,0,0,0,1
0,0,0,1,1,0,19.649999618530273,19.649999618530273,1,0,0,0,0,1,0,1,0,1,0,1,0,1,0,1,0,1,0,0,0,0,1
1,0,0,12,0,1,43.650001525878906,526.9500122070312,1,1,0,1,0,0,0,0,0,0,1,0,1,0,0,0,1,0,0,0,0,1,0
0,1,1,16,0,1,35.5,552.7000122070312,0,0,0,1,0,0,0,0,0,0,0,0,0,0,0,0,1,0,0,0,1,0,0
0,0,0,40,1,1,80.75,3208.64990234375,0,0,1,0,0,0,0,0,0,0,1,0,1,0,1,0,1,0,1,0,0,0,1
0,0,0,5,0,0,39.5,210.75,1,0,0,1,0,0,0,0,0,0,1,0,0,0,0,0,1,0,0,0,0,1,0
0,1,0,40,1,1,97.0999984741211,3706.949951171875,1,1,1,0,1,0,0,0,0,0,0,0,0,0,1,0,1,0,0,0,0,0,0
0,0,0,36,1,0,19.549999237060547,620.75,0,0,0,0,0,1,0,1,0,1,0,1,0,1,0,1,0,1,1,0,0,0,1
0,0,0,5,1,1,80.0,412.5,1,0,0,0,1,0,0,0,0,0,0,0,0,0,0,0,1,0,0,0,0,1,0
0,0,0,10,1,1,84.69999694824219,832.0499877929688,1,0,0,0,1,0,1,0,0,0,0,0,0,0,1,0,0,0,0,0,0,0,1
0,1,1,2,1,1,89.55000305175781,185.5500030517578,1,1,0,0,1,0,0,0,0,0,0,0,0,0,1,0,1,0,0,0,0,0,0
0,0,0,23,1,1,90.5999984741211,1943.199951171875,1,1,1,0,1,0,0,0,0,0,0,0,1,0,1,0,0,0,0,0,0,1,0
0,1,1,26,1,1,20.049999237060547,505.8999938964844,0,1,0,0,0,1,0,1,0,1,0,1,0,1,0,1,0,1,1,0,0,0,0
1,1,0,72,1,1,112.4000015258789,8046.85009765625,0,0,1,0,1,0,1,0,1,0,1,0,0,0,1,0,1,0,0,1,0,1,0
0,1,0,34,1,0,50.20000076293945,1815.300048828125,0,0,0,0,0,0,0,0,0,0,0,0,1,0,0,0,0,0,0,0,0,0,0
0,0,0,10,1,0,62.25,612.9500122070312,0,1,0,0,0,0,1,0,0,0,0,0,1,0,1,0,0,0,0,0,0,0,0
0,0,0,14,1,0,55.70000076293945,795.1500244140625,0,0,0,0,0,0,1,0,0,0,0,0,1,0,0,0,0,0,1,0,0,0,1
0,0,0,23,1,1,90.05000305175781,2169.800048828125,1,0,1,0,1,0,1,0,0,0,0,0,0,0,1,0,0,0,0,0,0,0,0
0,1,0,47,1,0,19.649999618530273,973.0999755859375,0,1,0,0,0,1,0,1,0,1,0,1,0,1,0,1,0,1,0,1,0,0,1
0,1,0,24,1,1,89.25,2210.199951171875,0,1,0,0,1,0,1,0,0,0,0,0,1,0,0,0,1,0,0,0,0,1,0
0,1,0,49,1,1,99.05000305175781,4853.75,1,1,1,0,1,0,0,0,1,0,0,0,0,0,1,0,1,0,0,0,0,0,0
1,0,0,20,1,0,54.0,1055.9000244140625,0,1,0,0,0,0,1,0,0,0,0,0,1,0,0,0,0,0,1,0,0,0,1
0,0,0,2,1,0,69.75,144.5500030517578,1,0,0,0,1,0,0,0,0,0,0,0,0,0,0,0,0,0,0,0,0,0,0
0,0,0,2,1,1,49.04999923706055,91.0999984741211,1,0,0,0,0,0,0,0,1,0,0,0,0,0,0,0,0,0,0,0,1,0,0
0,0,0,22,0,0,56.75,1304.8499755859375,0,1,0,1,0,0,0,0,0,0,1,0,1,0,1,0,1,0,0,1,0,0,0
0,0,0,7,1,1,98.05000305175781,713.0,1,1,1,0,1,0,0,0,0,0,1,0,0,0,1,0,1,0,0,0,0,0,0
0,0,0,1,1,0,21.100000381469727,21.100000381469727,0,1,0,0,0,1,0,1,0,1,0,1,0,1,0,1,0,1,0,0,0,0,1
0,1,1,59,1,1,96.6500015258789,5580.7998046875,0,0,1,0,1,0,0,0,1,0,0,0,1,0,0,0,1,0,0,0,0,0,0
0,1,1,58,1,1,24.5,1497.9000244140625,0,0,1,0,0,1,0,1,0,1,0,1,0,1,0,1,0,1,1,0,1,0,0
0,0,0,41,1,1,114.5,4527.4501953125,1,0,1,0,1,0,1,0,1,0,1,0,1,0,1,0,1,0,0,0,0,0,0
1,0,0,59,1,1,79.19999694824219,4590.35009765625,0,0,1,0,1,0,0,0,1,0,0,0,0,0,0,0,0,0,0,1,1,0,0
0,1,1,3,1,1,69.55000305175781,200.1999969482422,0,0,0,0,1,0,0,0,0,0,0,0,0,0,0,0,0,0,0,0,0,1,0
0,0,0,32,1,1,20.049999237060547,614.4500122070312,0,1,0,0,0,1,0,1,0,1,0,1,0,1,0,1,0,1,0,1,0,0,0
1,1,0,46,1,1,98.8499984741211,4564.89990234375,0,1,1,0,1,0,0,0,0,0,1,0,0,0,1,0,1,0,0,0,0,1,0
0,1,1,0,1,0,25.75,0.0,0,1,1,0,0,1,0,1,0,1,0,1,0,1,0,1,0,1,0,1,0,0,1
0,0,0,2,1,1,80.94999694824219,171.14999389648438,1,1,0,0,1,0,0,0,0,0,0,0,0,0,0,0,1,0,0,0,0,1,0
0,1,1,52,1,0,19.600000381469727,1012.4000244140625,0,0,0,0,0,1,0,1,0,1,0,1,0,1,0,1,0,1,1,0,1,0,0
1,0,0,13,1,1,74.30000305175781,940.3499755859375,1,0,0,0,1,0,0,0,0,0,1,0,0,0,0,0,0,0,0,0,0,1,0
1,0,0,11,1,0,89.69999694824219,1047.699951171875,1,0,0,0,1,0,0,0,0,0,0,0,0,0,1,0,1,0,0,0,0,0,0
0,0,0,32,1,0,87.6500015258789,2766.39990234375,0,1,1,0,1,0,1,0,0,0,0,0,1,0,0,0,0,0,0,0,0,0,0
1,1,0,17,1,1,100.44999694824219,1622.449951171875,1,1,1,0,1,0,0,0,0,0,1,0,0,0,1,0,1,0,0,0,1,0,0
0,0,0,16,1,1,74.75,1129.3499755859375,0,0,1,0,1,0,0,0,0,0,0,0,0,0,0,0,0,0,0,0,1,0,0
0,0,0,51,1,0,107.44999694824219,5680.89990234375,0,0,1,0,1,0,1,0,1,0,1,0,0,0,1,0,1,0,1,0,0,0,0
0,0,0,29,1,1,75.3499984741211,2243.89990234375,0,1,0,0,0,0,0,0,0,0,1,0,1,0,1,0,1,0,1,0,0,0,0
0,1,0,70,1,0,64.94999694824219,4523.25,0,1,0,0,0,0,1,0,1,0,1,0,1,0,0,0,0,0,0,1,1,0,0
0,1,1,71,1,0,100.44999694824219,7159.7001953125,0,0,1,0,1,0,1,0,0,0,1,0,1,0,0,0,1,0,0,1,0,1,0
0,1,1,41,1,0,68.5,2839.949951171875,0,1,1,0,0,0,0,0,1,0,1,0,0,0,1,0,0,0,1,0,0,0,0
0,0,0,1,1,1,80.55000305175781,80.55000305175781,0,1,0,0,1,0,0,0,0,0,0,0,0,0,1,0,0,0,0,0,0,1,0
0,1,0,7,1,0,81.25,580.0999755859375,0,0,0,0,0,0,1,0,0,0,1,0,1,0,1,0,1,0,0,0,0,0,0
0,1,1,25,1,1,90.4000015258789,2178.60009765625,1,1,0,0,1,0,0,0,0,0,0,0,0,0,1,0,1,0,1,0,0,1,0
0,1,1,67,1,0,89.55000305175781,6038.5498046875,0,1,1,0,1,0,1,0,1,0,0,0,1,0,0,0,0,0,1,0,0,1,0
0,1,1,5,1,1,55.70000076293945,259.3999938964844,0,1,1,0,0,0,0,0,0,0,0,0,1,0,0,0,0,0,0,0,0,0,1
0,0,1,15,1,1,24.799999237060547,324.1499938964844,0,1,1,0,0,1,0,1,0,1,0,1,0,1,0,1,0,1,0,0,0,1,0
0,1,1,20,1,0,20.0,417.6499938964844,0,0,0,0,0,1,0,1,0,1,0,1,0,1,0,1,0,1,0,0,0,1,0
0,1,1,3,1,1,56.150001525878906,168.14999389648438,1,1,0,0,0,0,0,0,1,0,1,0,0,0,0,0,0,0,0,0,0,0,1
0,1,1,54,1,1,105.19999694824219,5637.85009765625,0,1,1,0,1,0,0,0,1,0,0,0,1,0,1,0,1,0,1,0,0,1,0
0,0,0,42,1,1,19.549999237060547,839.4000244140625,0,1,0,0,0,1,0,1,0,1,0,1,0,1,0,1,0,1,1,0,0,0,1
0,1,0,9,1,1,79.75,769.0999755859375,0,0,0,0,1,0,0,0,0,0,0,0,0,0,0,0,1,0,0,0,0,1,0
0,0,0,63,1,0,97.44999694824219,6253.0,0,0,1,0,1,0,0,0,1,0,0,0,0,0,1,0,1,0,0,1,0,0,0
0,1,0,69,1,0,24.25,1641.800048828125,0,0,1,0,0,1,0,1,0,1,0,1,0,1,0,1,0,1,0,1,0,0,0
0,0,0,69,1,0,24.600000381469727,1678.050048828125,0,0,1,0,0,1,0,1,0,1,0,1,0,1,0,1,0,1,0,1,1,0,0
0,1,0,40,1,1,50.150001525878906,2058.5,0,1,0,0,0,0,0,0,1,0,0,0,0,0,0,0,0,0,0,0,0,0,1
0,0,0,60,0,0,39.599998474121094,2424.5,0,1,0,1,0,0,1,0,1,0,1,0,0,0,0,0,0,0,0,1,0,0,0
0,0,0,4,1,1,94.4000015258789,387.20001220703125,1,0,0,0,1,0,1,0,0,0,1,0,1,0,0,0,1,0,0,0,0,0,0
1,0,0,71,1,0,89.8499984741211,6293.4501953125,0,0,1,0,0,0,1,0,1,0,1,0,1,0,1,0,1,0,0,1,0,0,1
0,1,0,37,1,1,78.94999694824219,2839.64990234375,1,0,1,0,1,0,0,0,0,0,1,0,0,0,0,0,0,0,0,0,1,0,0
0,1,0,32,1,1,98.8499984741211,3145.89990234375,0,1,1,0,1,0,0,0,1,0,0,0,0,0,1,0,1,0,0,0,1,0,0
0,0,0,39,1,1,53.849998474121094,2200.699951171875,0,1,1,0,0,0,0,0,0,0,0,0,1,0,0,0,0,0,0,1,1,0,0
0,0,0,38,1,1,24.25,914.4000244140625,0,0,1,0,0,1,0,1,0,1,0,1,0,1,0,1,0,1,1,0,0,1,0
0,0,0,52,1,1,89.44999694824219,4577.75,0,1,1,0,1,0,0,0,0,0,1,0,0,0,0,0,1,0,0,1,1,0,0
0,1,1,48,1,1,105.25,4997.5,0,0,1,0,1,0,1,0,1,0,0,0,0,0,1,0,1,0,0,0,1,0,0
0,1,1,70,0,0,59.5,4144.7998046875,0,1,0,1,0,0,1,0,0,0,1,0,1,0,1,0,1,0,0,1,0,0,0
0,0,0,20,1,0,70.55000305175781,1493.550048828125,0,1,0,0,1,0,0,0,0,0,0,0,0,0,0,0,0,0,0,0,1,0,0
0,0,0,50,1,1,82.5,4179.10009765625,0,0,1,0,0,0,1,0,0,0,1,0,1,0,1,0,1,0,1,0,1,0,0
0,0,0,19,0,1,44.849998474121094,893.5499877929688,1,0,0,1,0,0,0,0,0,0,0,0,0,0,1,0,1,0,1,0,1,0,0
0,1,1,25,1,1,61.599998474121094,1611.0,0,1,0,0,0,0,1,0,1,0,1,0,0,0,0,0,0,0,1,0,0,0,0
0,0,0,12,1,1,49.04999923706055,593.0499877929688,0,1,0,0,0,0,0,0,1,0,0,0,0,0,0,0,0,0,0,0,0,0,0
1,1,0,39,1,1,105.6500015258789,4284.7998046875,1,1,1,0,1,0,0,0,1,0,1,0,0,0,1,0,1,0,0,0,0,1,0
0,0,0,7,1,0,74.6500015258789,544.5499877929688,1,1,0,0,1,0,0,0,0,0,1,0,0,0,0,0,0,0,0,0,0,0,1
0,1,1,23,1,1,66.25,1533.800048828125,0,0,0,0,0,0,1,0,1,0,1,0,1,0,0,0,0,0,1,0,0,0,1
0,0,0,27,1,1,19.399999618530273,529.7999877929688,0,1,0,0,0,1,0,1,0,1,0,1,0,1,0,1,0,1,0,0,0,1,0
1,0,0,47,1,1,86.05000305175781,3865.60009765625,0,1,1,0,1,0,0,0,0,0,0,0,0,0,1,0,0,0,0,0,1,0,0
0,1,1,26,1,1,19.149999618530273,515.75,0,1,0,0,0,1,0,1,0,1,0,1,0,1,0,1,0,1,0,1,1,0,0
0,1,0,14,1,1,64.69999694824219,941.0,1,0,1,0,0,0,1,0,0,0,0,0,0,0,1,0,0,0,0,0,0,0,0
1,1,0,11,1,1,104.05000305175781,1133.6500244140625,1,0,1,0,1,0,0,0,0,0,1,0,1,0,1,0,1,0,0,0,0,0,0
0,0,1,2,1,0,19.25,48.349998474121094,0,1,0,0,0,1,0,1,0,1,0,1,0,1,0,1,0,1,0,0,0,0,1
0,1,1,26,1,0,81.94999694824219,2070.050048828125,0,0,0,0,1,0,1,0,1,0,0,0,0,0,0,0,0,0,0,0,0,1,0
1,1,0,72,1,1,114.6500015258789,8333.9501953125,0,0,1,0,1,0,1,0,1,0,1,0,1,0,1,0,1,0,0,1,0,0,0
0,1,1,63,1,0,20.0,1209.25,0,0,0,0,0,1,0,1,0,1,0,1,0,1,0,1,0,1,0,1,1,0,0
0,1,1,71,1,0,19.799999237060547,1396.25,0,1,0,0,0,1,0,1,0,1,0,1,0,1,0,1,0,1,0,1,0,0,1
0,1,1,11,1,1,65.1500015258789,723.3499755859375,0,1,1,0,0,0,1,0,0,0,0,0,0,0,1,0,0,0,0,0,0,0,0
1,1,0,14,1,0,19.649999618530273,228.64999389648438,0,1,0,0,0,1,0,1,0,1,0,1,0,1,0,1,0,1,1,0,0,0,1
0,0,1,13,1,0,88.94999694824219,1161.75,0,0,1,0,0,0,1,0,1,0,1,0,1,0,1,0,1,0,0,1,1,0,0
0,0,1,6,1,1,20.200000762939453,98.3499984741211,0,1,0,0,0,1,0,1,0,1,0,1,0,1,0,1,0,1,0,0,0,0,1
1,1,1,11,1,1,75.19999694824219,775.2999877929688,0,1,1,0,1,0,0,0,0,0,0,0,0,0,0,0,0,0,0,0,1,0,0
0,1,0,18,1,0,56.79999923706055,1074.6500244140625,0,1,1,0,0,0,0,0,1,0,0,0,0,0,0,0,0,0,0,0,1,0,0
0,0,0,1,0,1,35.54999923706055,35.54999923706055,1,1,0,1,0,0,0,0,0,0,0,0,0,0,0,0,1,0,0,0,0,1,0
0,1,0,32,1,1,75.5,2324.699951171875,0,0,0,0,1,0,1,0,0,0,0,0,0,0,0,0,0,0,0,0,0,0,0
0,0,0,29,0,0,35.599998474121094,1072.5999755859375,0,1,0,1,0,0,1,0,0,0,0,0,1,0,0,0,0,0,1,0,0,0,1
0,0,0,3,1,1,60.25,170.5,0,0,1,0,0,0,0,0,0,0,0,0,0,0,1,0,0,0,0,0,0,1,0
0,0,0,2,1,1,95.1500015258789,196.89999389648438,1,0,1,0,1,0,0,0,0,0,0,0,0,0,1,0,1,0,0,0,0,1,0
0,1,1,13,1,1,96.6500015258789,1162.8499755859375,1,1,0,0,1,0,0,0,0,0,1,0,0,0,1,0,1,0,0,0,0,0,1
0,0,0,41,0,1,40.349998474121094,1677.8499755859375,0,0,0,1,0,0,0,0,1,0,0,0,0,0,0,0,1,0,0,0,0,1,0
0,0,0,1,1,0,18.850000381469727,18.850000381469727,0,0,0,0,0,1,0,1,0,1,0,1,0,1,0,1,0,1,0,0,0,1,0
0,0,0,7,1,0,54.849998474121094,370.3999938964844,0,1,0,0,0,0,0,0,0,0,0,0,0,0,1,0,0,0,0,0,0,0,1
0,1,0,52,1,1,64.30000305175781,3410.60009765625,0,0,0,0,0,0,1,0,0,0,1,0,0,0,1,0,0,0,1,0,0,0,1
0,1,1,45,1,1,24.649999618530273,1138.800048828125,0,0,1,0,0,1,0,1,0,1,0,1,0,1,0,1,0,1,0,1,0,0,0
0,1,0,70,1,0,76.0999984741211,5264.25,0,1,1,0,0,0,0,0,1,0,1,0,1,0,1,0,0,0,0,1,1,0,0
0,0,0,53,1,0,18.700000762939453,1005.7000122070312,0,0,0,0,0,1,0,1,0,1,0,1,0,1,0,1,0,1,0,1,0,0,1
1,1,0,62,1,1,97.94999694824219,5936.5498046875,0,0,1,0,1,0,0,0,1,0,1,0,0,0,1,0,0,0,1,0,1,0,0
0,1,0,60,1,1,94.0999984741211,5475.89990234375,0,0,1,0,1,0,1,0,1,0,0,0,0,0,0,0,1,0,0,0,1,0,0
1,1,0,3,1,1,80.4000015258789,224.0500030517578,1,0,0,0,1,0,0,0,0,0,0,0,0,0,1,0,0,0,0,0,0,1,0
1,1,0,23,1,1,95.0999984741211,2326.050048828125,0,0,0,0,1,0,1,0,0,0,0,0,0,0,1,0,1,0,0,0,0,1,0
0,0,1,1,0,1,31.350000381469727,31.350000381469727,1,1,0,1,0,0,0,0,1,0,0,0,0,0,0,0,0,0,0,0,0,0,1
0,0,0,67,1,1,72.3499984741211,4991.5,0,0,0,0,0,0,1,0,0,0,1,0,1,0,0,0,1,0,1,0,0,0,0
0,0,0,12,1,1,89.75,1052.4000244140625,1,0,1,0,1,0,0,0,1,0,0,0,0,0,1,0,0,0,0,0,0,0,0
1,1,0,71,1,1,82.69999694824219,5831.2001953125,0,0,1,0,0,0,1,0,1,0,1,0,1,0,0,0,1,0,0,1,0,0,0
0,0,0,25,1,0,19.899999618530273,510.79998779296875,0,1,0,0,0,1,0,1,0,1,0,1,0,1,0,1,0,1,1,0,1,0,0
0,0,0,5,1,1,53.79999923706055,283.95001220703125,0,0,1,0,0,0,1,0,0,0,0,0,0,0,0,0,0,0,0,0,0,1,0
0,0,0,26,1,1,51.54999923706055,1295.4000244140625,0,1,1,0,0,0,0,0,0,0,0,0,0,0,0,0,0,0,1,0,1,0,0
0,1,1,1,1,0,19.649999618530273,19.649999618530273,0,1,0,0,0,1,0,1,0,1,0,1,0,1,0,1,0,1,1,0,0,0,1
1,0,0,70,0,1,44.04999923706055,3011.64990234375,0,1,0,1,0,0,0,0,1,0,1,0,0,0,1,0,0,0,1,0,1,0,0
0,1,1,72,1,1,114.0,8093.14990234375,0,1,1,0,1,0,1,0,1,0,1,0,1,0,1,0,1,0,0,1,0,1,0
0,1,0,60,1,1,94.4000015258789,5610.25,1,1,0,0,1,0,0,0,1,0,0,0,0,0,1,0,1,0,1,0,0,1,0
1,1,1,32,1,1,100.4000015258789,3217.64990234375,0,0,1,0,1,0,0,0,1,0,0,0,0,0,1,0,1,0,0,0,0,1,0
0,0,0,1,1,1,19.850000381469727,19.850000381469727,1,1,0,0,0,1,0,1,0,1,0,1,0,1,0,1,0,1,0,0,0,1,0
0,0,0,14,1,1,54.25,773.2000122070312,0,0,1,0,0,0,0,0,1,0,0,0,0,0,0,0,0,0,1,0,0,0,1
0,0,0,13,1,1,80.0,1029.3499755859375,0,0,1,0,1,0,1,0,0,0,0,0,0,0,0,0,0,0,0,0,1,0,0
0,0,0,6,1,1,109.9000015258789,669.4500122070312,1,0,1,0,1,0,0,0,1,0,1,0,1,0,1,0,1,0,0,0,1,0,0
0,0,0,46,1,0,79.19999694824219,3593.800048828125,0,0,1,0,0,0,1,0,0,0,1,0,0,0,1,0,1,0,0,1,0,0,1
0,0,0,15,1,1,101.3499984741211,1553.949951171875,1,1,0,0,1,0,0,0,0,0,1,0,1,0,1,0,1,0,0,0,0,1,0
1,1,0,43,1,1,94.30000305175781,3953.14990234375,0,1,1,0,1,0,0,0,1,0,0,0,1,0,1,0,0,0,0,0,0,1,0
0,0,0,39,1,1,49.79999923706055,1971.1500244140625,0,1,0,0,0,0,0,0,0,0,0,0,1,0,0,0,0,0,0,1,0,0,0
1,0,0,21,1,1,60.04999923706055,1236.1500244140625,1,1,0,0,0,0,0,0,0,0,1,0,0,0,1,0,0,0,0,0,0,0,0
0,0,0,57,0,1,53.75,3196.0,0,1,0,1,0,0,1,0,0,0,1,0,0,0,1,0,1,0,0,0,0,1,0
0,1,0,53,1,1,93.44999694824219,4872.2001953125,0,0,0,0,1,0,0,0,0,0,0,0,1,0,1,0,1,0,1,0,0,1,0
0,1,1,18,1,1,87.9000015258789,1500.5,0,1,0,0,1,0,1,0,0,0,1,0,0,0,1,0,0,0,0,0,0,0,1
0,0,0,1,1,1,60.150001525878906,60.150001525878906,1,0,1,0,0,0,0,0,0,0,0,0,0,0,0,0,1,0,0,0,0,1,0
0,1,0,58,1,1,61.04999923706055,3478.75,0,0,1,0,0,0,1,0,0,0,0,0,1,0,0,0,0,0,1,0,0,0,0
1,0,0,71,1,0,104.05000305175781,7413.5498046875,0,0,1,0,1,0,0,0,0,0,1,0,0,0,1,0,1,0,0,1,0,0,0
0,0,0,35,1,1,99.25,3532.0,0,0,0,0,1,0,0,0,0,0,1,0,1,0,1,0,1,0,1,0,0,1,0
0,0,0,3,1,0,85.69999694824219,256.75,0,1,0,0,1,0,0,0,0,0,1,0,0,0,0,0,1,0,0,0,1,0,0
0,0,0,38,1,1,104.8499984741211,3887.25,0,1,1,0,1,0,1,0,1,0,0,0,0,0,1,0,1,0,1,0,0,1,0
0,1,1,35,1,1,69.1500015258789,2490.14990234375,0,1,1,0,0,0,1,0,1,0,1,0,1,0,0,0,0,0,0,1,1,0,0
0,0,0,7,1,1,90.44999694824219,593.4500122070312,1,1,1,0,1,0,0,0,0,0,1,0,0,0,1,0,0,0,0,0,0,1,0
0,0,0,47,1,0,74.44999694824219,3510.300048828125,0,0,0,0,0,0,0,0,0,0,1,0,1,0,1,0,1,0,0,1,0,0,1
0,0,0,14,1,0,50.45000076293945,765.4500122070312,0,0,0,0,0,0,0,0,1,0,0,0,0,0,0,0,0,0,0,0,0,1,0
1,1,0,20,1,1,60.0,1259.3499755859375,0,0,0,0,0,0,0,0,1,0,0,0,0,0,0,0,1,0,0,0,0,1,0
0,1,0,66,1,0,85.25,5538.35009765625,0,1,1,0,0,0,1,0,1,0,0,0,1,0,1,0,1,0,0,1,0,1,0
0,1,0,15,1,1,19.450000762939453,340.8500061035156,0,1,0,0,0,1,0,1,0,1,0,1,0,1,0,1,0,1,0,0,1,0,0
0,0,0,42,1,1,20.75,844.4500122070312,0,0,0,0,0,1,0,1,0,1,0,1,0,1,0,1,0,1,0,1,0,0,0
0,1,0,17,1,0,78.9000015258789,1348.949951171875,0,0,1,0,1,0,1,0,0,0,0,0,0,0,0,0,0,0,0,0,0,1,0
0,0,0,37,1,1,104.5,3778.0,0,1,1,0,1,0,0,0,1,0,0,0,1,0,1,0,1,0,1,0,1,0,0
0,0,0,12,1,1,49.400001525878906,611.6500244140625,0,0,0,0,0,0,0,0,1,0,0,0,0,0,0,0,0,0,0,0,0,1,0
0,1,0,53,1,1,94.25,4867.9501953125,1,1,0,0,1,0,0,0,1,0,0,0,0,0,1,0,1,0,1,0,0,0,0
0,0,0,60,1,0,25.0,1505.050048828125,0,0,1,0,0,1,0,1,0,1,0,1,0,1,0,1,0,1,0,1,0,0,1
0,1,1,18,0,0,25.549999237060547,467.8500061035156,0,1,0,1,0,0,0,0,0,0,0,0,0,0,0,0,0,0,0,0,1,0,0
0,0,0,1,1,1,74.9000015258789,74.9000015258789,1,1,1,0,1,0,0,0,0,0,0,0,0,0,0,0,0,0,0,0,0,1,0
0,0,0,3,1,1,70.1500015258789,194.1999969482422,0,0,0,0,1,0,0,0,0,0,0,0,0,0,0,0,0,0,0,0,0,1,0
0,0,1,9,1,1,69.4000015258789,571.4500122070312,0,0,0,0,0,0,0,0,0,0,0,0,1,0,1,0,1,0,0,0,1,0,0
0,0,0,1,1,1,80.25,80.25,1,0,0,0,1,0,0,0,0,0,0,0,0,0,1,0,0,0,0,0,0,1,0
0,1,0,56,1,1,93.1500015258789,5253.9501953125,0,1,1,0,1,0,1,0,1,0,1,0,0,0,0,0,0,0,1,0,0,1,0
0,1,1,17,1,1,69.0,1149.6500244140625,1,1,0,0,1,0,0,0,0,0,0,0,0,0,0,0,0,0,0,0,0,1,0
0,1,1,11,1,1,66.3499984741211,740.7999877929688,1,0,1,0,0,0,0,0,0,0,0,0,1,0,0,0,1,0,0,0,0,1,0
0,0,0,7,1,1,69.55000305175781,521.3499755859375,0,1,0,0,1,0,0,0,0,0,0,0,0,0,0,0,0,0,0,0,0,1,0
0,1,1,69,1,0,20.200000762939453,1412.6500244140625,0,0,0,0,0,1,0,1,0,1,0,1,0,1,0,1,0,1,0,1,0,0,0
0,0,0,19,1,1,86.0,1532.449951171875,1,1,1,0,1,0,0,0,0,0,0,0,0,0,0,0,1,0,0,0,0,0,0
0,1,1,3,1,1,80.30000305175781,250.0500030517578,1,0,0,0,1,0,0,0,0,0,0,0,0,0,0,0,1,0,0,0,0,1,0
0,1,1,54,1,0,20.399999618530273,1090.5999755859375,0,1,0,0,0,1,0,1,0,1,0,1,0,1,0,1,0,1,0,1,1,0,0
0,1,0,62,1,1,23.75,1446.800048828125,0,1,1,0,0,1,0,1,0,1,0,1,0,1,0,1,0,1,1,0,1,0,0
0,0,0,24,1,1,90.55000305175781,2282.550048828125,1,1,1,0,1,0,0,0,1,0,0,0,0,0,1,0,0,0,0,0,1,0,0
0,1,1,62,1,1,70.44999694824219,4300.4501953125,0,0,1,0,0,0,0,0,0,0,0,0,0,0,1,0,1,0,0,0,1,0,0
0,0,0,17,1,0,65.75,1111.199951171875,0,1,1,0,0,0,1,0,0,0,0,0,0,0,0,0,1,0,0,0,0,0,0
0,0,0,9,0,1,24.600000381469727,190.10000610351562,0,1,0,1,0,0,0,0,0,0,0,0,0,0,0,0,0,0,0,0,0,0,1
0,1,1,64,1,0,69.25,4447.75,0,1,0,0,0,0,1,0,0,0,1,0,1,0,1,0,0,0,0,1,0,0,1
0,0,0,2,1,1,75.9000015258789,143.35000610351562,1,0,1,0,1,0,0,0,0,0,0,0,0,0,0,0,0,0,0,0,0,1,0
0,1,1,1,1,1,45.849998474121094,45.849998474121094,1,1,0,0,0,0,0,0,0,0,0,0,0,0,0,0,0,0,0,0,0,0,1
0,1,0,16,0,1,49.95000076293945,810.2000122070312,1,0,0,1,0,0,0,0,0,0,0,0,1,0,1,0,1,0,0,0,0,1,0
0,1,0,72,1,0,24.649999618530273,1830.050048828125,0,0,1,0,0,1,0,1,0,1,0,1,0,1,0,1,0,1,0,1,0,0,0
0,0,0,30,1,0,90.4000015258789,2820.64990234375,0,1,1,0,1,0,1,0,1,0,1,0,0,0,0,0,0,0,1,0,0,0,0
0,1,0,49,1,1,100.8499984741211,4847.35009765625,0,0,1,0,1,0,1,0,0,0,0,0,0,0,1,0,1,0,0,0,0,0,1
0,1,0,61,1,0,75.3499984741211,4729.2998046875,0,1,1,0,0,0,1,0,0,0,1,0,1,0,0,0,1,0,0,1,1,0,0
0,1,1,47,1,0,87.19999694824219,4017.449951171875,0,1,1,0,1,0,0,0,1,0,0,0,0,0,1,0,0,0,0,0,0,1,0
0,0,0,20,1,0,64.4000015258789,1398.5999755859375,0,1,0,0,0,0,1,0,0,0,1,0,0,0,0,0,1,0,0,0,1,0,0
0,1,1,34,1,0,78.30000305175781,2564.300048828125,1,1,0,0,1,0,0,0,0,0,0,0,0,0,1,0,0,0,0,0,0,1,0
0,1,1,70,1,0,24.700000762939453,1685.9000244140625,0,0,1,0,0,1,0,1,0,1,0,1,0,1,0,1,0,1,0,1,0,0,0
0,0,1,54,1,1,105.8499984741211,5826.64990234375,0,1,0,0,1,0,1,0,1,0,0,0,1,0,1,0,1,0,1,0,0,1,0
1,1,0,61,1,1,98.30000305175781,6066.5498046875,0,1,1,0,1,0,0,0,1,0,1,0,1,0,1,0,0,0,1,0,0,0,1
0,0,0,3,1,1,76.94999694824219,228.39999389648438,1,1,1,0,1,0,0,0,0,0,0,0,0,0,0,0,0,0,0,0,0,1,0
0,0,0,13,1,0,19.450000762939453,270.20001220703125,0,1,0,0,0,1,0,1,0,1,0,1,0,1,0,1,0,1,1,0,0,0,1
1,0,0,16,1,1,96.1500015258789,1529.199951171875,1,0,1,0,1,0,0,0,0,0,0,0,0,0,1,0,1,0,0,0,0,1,0
0,1,1,3,1,1,58.70000076293945,168.60000610351562,0,0,0,0,0,0,0,0,1,0,0,0,0,0,1,0,0,0,0,0,1,0,0
0,0,0,25,1,1,20.149999618530273,536.3499755859375,0,1,0,0,0,1,0,1,0,1,0,1,0,1,0,1,0,1,0,0,0,0,1
0,0,0,30,1,1,64.5,1888.449951171875,0,1,1,0,0,0,1,0,0,0,0,0,0,0,0,0,1,0,0,0,0,0,1
0,1,0,21,0,0,28.5,629.3499755859375,0,0,0,1,0,0,1,0,0,0,0,0,0,0,0,0,0,0,0,0,0,1,0
0,0,0,1,1,0,45.29999923706055,45.29999923706055,1,1,0,0,0,0,0,0,0,0,0,0,0,0,0,0,0,0,0,0,0,1,0
0,0,0,15,1,0,19.399999618530273,289.29998779296875,1,0,0,0,0,1,0,1,0,1,0,1,0,1,0,1,0,1,0,0,0,0,0
1,1,0,23,1,1,90.44999694824219,2117.25,0,1,0,0,1,0,0,0,0,0,0,0,0,0,1,0,1,0,0,0,0,1,0
0,1,1,45,1,1,105.1500015258789,4730.89990234375,0,0,1,0,1,0,1,0,1,0,0,0,0,0,1,0,1,0,0,0,0,1,0
0,1,1,24,1,0,83.1500015258789,2033.050048828125,0,0,1,0,1,0,0,0,1,0,1,0,0,0,0,0,0,0,1,0,0,0,0
0,0,0,11,1,0,90.1500015258789,987.9500122070312,1,0,1,0,1,0,0,0,0,0,0,0,1,0,1,0,0,0,0,0,0,1,0
0,0,0,1,1,0,45.04999923706055,45.04999923706055,1,1,0,0,0,0,0,0,0,0,0,0,0,0,0,0,0,0,0,0,0,0,1
0,1,0,56,1,0,103.19999694824219,5744.35009765625,0,0,1,0,1,0,0,0,0,0,1,0,1,0,1,0,1,0,0,1,0,0,0
0,0,0,1,1,0,75.80000305175781,75.80000305175781,1,0,0,0,1,0,0,0,1,0,0,0,0,0,0,0,0,0,0,0,0,1,0
0,0,0,1,1,0,19.450000762939453,19.450000762939453,0,1,0,0,0,1,0,1,0,1,0,1,0,1,0,1,0,1,0,0,0,1,0
0,0,0,7,1,1,79.30000305175781,523.1500244140625,1,0,0,0,1,0,0,0,0,0,0,0,0,0,0,0,1,0,0,0,0,1,0
1,1,0,55,1,0,88.80000305175781,4805.2998046875,0,0,0,0,1,0,0,0,0,0,1,0,1,0,1,0,0,0,0,1,1,0,0
0,0,0,2,0,1,30.899999618530273,59.04999923706055,1,0,0,1,0,0,0,0,0,0,0,0,1,0,0,0,0,0,0,0,0,1,0
0,1,1,72,1,1,85.9000015258789,6110.75,0,0,1,0,0,0,1,0,0,0,1,0,1,0,1,0,1,0,0,1,1,0,0
1,0,0,45,0,0,34.20000076293945,1596.5999755859375,0,0,0,1,0,0,0,0,0,0,0,0,0,0,0,0,1,0,1,0,0,1,0
0,0,0,47,1,0,20.149999618530273,1046.199951171875,0,0,0,0,0,1,0,1,0,1,0,1,0,1,0,1,0,1,0,1,0,0,1
1,0,0,46,1,0,95.25,4424.2001953125,1,0,0,0,1,0,0,0,1,0,0,0,0,0,1,0,1,0,1,0,1,0,0
0,0,0,2,1,1,50.29999923706055,92.75,0,1,0,0,0,0,0,0,1,0,0,0,0,0,0,0,0,0,0,0,0,0,1
0,1,0,2,1,1,80.1500015258789,194.5500030517578,0,0,0,0,1,0,1,0,0,0,0,0,1,0,0,0,0,0,0,0,0,1,0
0,1,0,12,1,1,51.25,612.0999755859375,0,0,0,0,0,0,0,0,1,0,0,0,0,0,0,0,0,0,0,0,0,1,0
1,1,0,68,1,1,89.5999984741211,6127.60009765625,1,0,1,0,1,0,0,0,1,0,0,0,0,0,0,0,1,0,0,0,0,0,0
0,1,1,69,1,1,95.19999694824219,6671.7001953125,0,1,0,0,1,0,0,0,0,0,0,0,1,0,1,0,1,0,0,1,1,0,0
1,0,1,56,1,0,94.80000305175781,5264.2998046875,0,1,0,0,1,0,1,0,0,0,0,0,0,0,1,0,1,0,1,0,1,0,0
1,0,0,4,1,1,80.25,303.70001220703125,0,0,1,0,1,0,1,0,0,0,0,0,0,0,0,0,0,0,0,0,0,1,0
0,1,0,64,1,1,76.0999984741211,4818.7998046875,0,1,1,0,0,0,0,0,1,0,1,0,1,0,1,0,0,0,0,1,0,0,0
0,1,0,59,1,1,110.1500015258789,6448.0498046875,1,1,1,0,1,0,1,0,1,0,1,0,0,0,1,0,1,0,1,0,0,1,0
0,1,1,62,1,0,115.55000305175781,7159.0498046875,0,1,1,0,1,0,1,0,1,0,1,0,1,0,1,0,1,0,0,1,0,0,0
0,1,1,63,1,0,24.649999618530273,1574.5,0,1,1,0,0,1,0,1,0,1,0,1,0,1,0,1,0,1,0,1,1,0,0
0,0,0,53,0,1,53.599998474121094,2879.199951171875,0,0,0,1,0,0,1,0,1,0,1,0,1,0,1,0,0,0,1,0,0,1,0
0,1,1,5,1,0,19.450000762939453,86.05000305175781,0,1,0,0,0,1,0,1,0,1,0,1,0,1,0,1,0,1,0,0,0,0,1
1,1,0,49,1,1,88.19999694824219,4159.4501953125,0,1,1,0,1,0,1,0,1,0,1,0,0,0,0,0,0,0,0,0,0,1,0
0,1,1,62,1,1,101.1500015258789,6638.35009765625,0,0,1,0,1,0,1,0,0,0,0,0,0,0,1,0,1,0,0,1,0,0,0
0,1,0,55,1,0,56.79999923706055,3112.050048828125,0,0,0,0,0,0,1,0,1,0,0,0,1,0,0,0,0,0,0,1,0,0,1
1,1,0,71,1,1,99.4000015258789,7168.25,0,0,0,0,1,0,1,0,1,0,1,0,1,0,1,0,0,0,0,1,0,1,0
0,1,1,72,1,1,20.100000381469727,1326.25,0,0,0,0,0,1,0,1,0,1,0,1,0,1,0,1,0,1,0,1,1,0,0
0,1,1,36,0,0,60.70000076293945,2234.550048828125,0,1,0,1,0,0,1,0,0,0,1,0,1,0,1,0,1,0,1,0,1,0,0
0,1,0,25,1,1,20.950000762939453,495.1499938964844,0,1,0,0,0,1,0,1,0,1,0,1,0,1,0,1,0,1,1,0,0,0,0
1,1,0,72,1,1,114.8499984741211,8317.9501953125,0,0,1,0,1,0,1,0,1,0,1,0,1,0,1,0,1,0,0,1,0,0,0
0,0,0,36,1,1,19.25,679.7999877929688,0,0,0,0,0,1,0,1,0,1,0,1,0,1,0,1,0,1,1,0,0,0,0
0,0,0,1,1,1,62.79999923706055,62.79999923706055,0,1,0,0,0,0,0,0,0,0,0,0,0,0,1,0,1,0,0,0,0,0,1
0,1,0,72,1,1,105.5,7544.0,0,0,1,0,1,0,1,0,0,0,1,0,0,0,1,0,1,0,0,1,0,1,0
0,1,1,59,1,0,19.850000381469727,1188.25,0,1,0,0,0,1,0,1,0,1,0,1,0,1,0,1,0,1,0,1,0,0,1
1,1,0,7,1,1,89.5,676.7000122070312,1,1,0,0,1,0,0,0,0,0,0,0,0,0,1,0,1,0,0,0,0,1,0
0,0,0,1,1,0,74.0999984741211,74.0999984741211,0,0,0,0,0,0,0,0,0,0,1,0,1,0,1,0,1,0,1,0,1,0,0
0,1,1,30,1,1,107.5,3242.5,0,0,1,0,1,0,0,0,1,0,1,0,1,0,1,0,1,0,0,0,0,1,0
0,0,0,64,1,0,19.549999237060547,1240.1500244140625,0,1,0,0,0,1,0,1,0,1,0,1,0,1,0,1,0,1,0,1,0,0,1
0,0,0,63,1,0,68.80000305175781,4111.35009765625,0,1,1,0,0,0,1,0,1,0,1,0,1,0,0,0,0,0,1,0,0,0,0
1,1,0,72,1,0,84.44999694824219,5899.85009765625,0,1,1,0,0,0,1,0,1,0,1,0,0,0,1,0,1,0,0,1,1,0,0
0,1,0,8,1,0,75.0,632.9500122070312,1,1,0,0,1,0,1,0,0,0,0,0,0,0,0,0,0,0,0,0,0,1,0
0,0,0,62,1,0,84.5,5193.2001953125,0,0,1,0,0,0,0,0,1,0,1,0,1,0,1,0,1,0,0,1,0,0,0
0,1,1,67,1,1,111.19999694824219,7530.7998046875,0,1,1,0,1,0,0,0,1,0,1,0,1,0,1,0,1,0,0,1,0,0,0
0,0,0,6,1,0,44.75,270.95001220703125,1,1,0,0,0,0,0,0,0,0,0,0,0,0,0,0,0,0,0,0,0,1,0
0,1,1,70,1,1,80.5999984741211,5460.2001953125,0,0,1,0,0,0,1,0,0,0,0,0,1,0,1,0,1,0,0,1,0,0,0
1,0,0,20,1,0,80.69999694824219,1614.199951171875,0,0,0,0,1,0,0,0,0,0,0,0,0,0,1,0,0,0,0,0,0,0,0
0,0,0,5,1,0,75.5999984741211,402.5,0,0,1,0,1,0,0,0,0,0,0,0,0,0,0,0,0,0,0,0,0,1,0
0,1,1,24,0,0,57.599998474121094,1367.75,0,0,0,1,0,0,1,0,1,0,1,0,0,0,1,0,1,0,1,0,0,1,0
0,1,0,11,1,1,44.04999923706055,483.70001220703125,1,0,0,0,0,0,0,0,0,0,0,0,0,0,0,0,0,0,0,0,0,1,0
0,1,0,72,1,1,110.5999984741211,7962.2001953125,0,1,1,0,1,0,0,0,1,0,1,0,1,0,1,0,1,0,0,1,1,0,0
0,1,1,66,1,1,58.20000076293945,3810.800048828125,0,0,0,0,0,0,1,0,1,0,0,0,1,0,0,0,0,0,0,1,1,0,0
0,1,1,45,1,1,81.0,3533.60009765625,0,0,0,0,0,0,1,0,0,0,1,0,1,0,1,0,1,0,0,1,0,0,1
0,1,1,69,1,0,19.700000762939453,1396.9000244140625,0,0,0,0,0,1,0,1,0,1,0,1,0,1,0,1,0,1,0,1,0,0,0
1,1,0,15,1,1,85.5999984741211,1345.550048828125,1,1,1,0,1,0,0,0,0,0,0,0,0,0,0,0,1,0,0,0,0,0,0
0,0,0,28,1,1,59.54999923706055,1646.449951171875,0,0,0,0,0,0,0,0,0,0,1,0,0,0,1,0,0,0,0,0,0,0,0
0,0,0,70,1,0,115.55000305175781,8127.60009765625,1,0,1,0,1,0,1,0,1,0,1,0,1,0,1,0,1,0,1,0,1,0,0
0,0,0,36,1,1,75.55000305175781,2680.14990234375,0,0,0,0,0,0,1,0,1,0,1,0,1,0,0,0,1,0,1,0,0,0,1
1,0,0,16,1,1,86.5999984741211,1281.0,1,1,1,0,1,0,0,0,0,0,0,0,0,0,1,0,0,0,0,0,0,1,0
0,0,0,18,1,1,85.19999694824219,1553.9000244140625,1,0,1,0,1,0,0,0,0,0,0,0,0,0,1,0,0,0,0,0,0,1,0
0,1,0,34,1,1,97.6500015258789,3207.550048828125,1,0,1,0,1,0,0,0,0,0,0,0,0,0,1,0,1,0,0,0,0,1,0
0,1,1,42,0,1,45.099998474121094,2049.050048828125,0,1,0,1,0,0,0,0,1,0,1,0,0,0,0,0,1,0,1,0,1,0,0
0,0,0,48,1,1,70.94999694824219,3629.199951171875,0,1,1,0,0,0,1,0,0,0,0,0,1,0,0,0,1,0,1,0,0,0,0
0,1,0,47,1,1,109.55000305175781,5124.5498046875,1,1,1,0,1,0,0,0,1,0,1,0,1,0,1,0,1,0,0,0,0,1,0
0,1,1,39,1,1,89.55000305175781,3474.449951171875,1,0,1,0,1,0,0,0,1,0,1,0,1,0,0,0,0,0,1,0,0,1,0
0,1,1,11,1,0,20.899999618530273,202.3000030517578,0,0,0,0,0,1,0,1,0,1,0,1,0,1,0,1,0,1,0,1,1,0,0
0,0,0,7,1,1,19.950000762939453,147.5,0,1,0,0,0,1,0,1,0,1,0,1,0,1,0,1,0,1,0,0,0,0,1
0,0,0,3,1,0,24.600000381469727,86.3499984741211,0,0,1,0,0,1,0,1,0,1,0,1,0,1,0,1,0,1,0,0,0,0,1
0,0,0,8,1,1,66.69999694824219,579.0,0,1,0,0,0,0,1,0,0,0,1,0,0,0,0,0,1,0,0,0,0,1,0
0,0,1,1,1,1,19.450000762939453,19.450000762939453,1,1,0,0,0,1,0,1,0,1,0,1,0,1,0,1,0,1,0,0,0,0,1
0,1,1,32,1,0,94.80000305175781,3131.550048828125,0,1,0,0,1,0,1,0,1,0,1,0,0,0,0,0,1,0,1,0,0,0,1
0,1,1,60,1,1,65.8499984741211,3928.300048828125,0,1,0,0,0,0,1,0,1,0,1,0,1,0,0,0,0,0,1,0,0,0,0
0,1,0,10,1,1,19.950000762939453,187.75,0,0,0,0,0,1,0,1,0,1,0,1,0,1,0,1,0,1,0,0,0,0,0
0,1,0,71,1,1,24.649999618530273,1710.1500244140625,0,0,1,0,0,1,0,1,0,1,0,1,0,1,0,1,0,1,0,1,0,0,0
0,1,1,4,1,0,20.350000381469727,76.3499984741211,1,0,0,0,0,1,0,1,0,1,0,1,0,1,0,1,0,1,0,0,0,0,1
1,0,0,1,1,1,69.25,69.25,1,0,0,0,1,0,0,0,0,0,0,0,0,0,0,0,0,0,0,0,0,1,0
0,1,1,43,0,1,51.25,2151.60009765625,0,0,0,1,0,0,1,0,1,0,0,0,1,0,1,0,0,0,1,0,0,0,0
0,1,0,59,1,1,99.5,5961.10009765625,1,1,1,0,1,0,0,0,0,0,1,0,0,0,1,0,1,0,1,0,0,0,0
0,1,0,23,1,0,54.25,1221.550048828125,0,0,0,0,0,0,0,0,0,0,1,0,1,0,0,0,0,0,0,0,0,1,0
0,1,0,72,1,0,19.399999618530273,1496.449951171875,0,0,0,0,0,1,0,1,0,1,0,1,0,1,0,1,0,1,0,1,0,0,0
0,1,0,22,1,1,56.25,1292.199951171875,0,1,0,0,0,0,1,0,0,0,0,0,1,0,0,0,0,0,1,0,1,0,0
0,0,0,1,0,1,25.149999618530273,25.149999618530273,0,0,0,1,0,0,0,0,0,0,0,0,0,0,0,0,0,0,0,0,0,0,1
0,0,0,69,1,0,23.950000762939453,1713.0999755859375,0,1,1,0,0,1,0,1,0,1,0,1,0,1,0,1,0,1,0,1,0,0,0
0,0,0,50,0,1,35.400001525878906,1748.9000244140625,0,1,0,1,0,0,1,0,0,0,0,0,1,0,0,0,0,0,1,0,0,0,1
1,0,0,1,0,1,25.200000762939453,25.200000762939453,1,0,0,1,0,0,0,0,0,0,0,0,0,0,0,0,0,0,0,0,0,1,0
0,0,0,2,1,1,45.0,96.44999694824219,1,1,0,0,0,0,0,0,0,0,0,0,0,0,0,0,0,0,0,0,0,0,1
0,1,0,15,1,0,75.3499984741211,1114.550048828125,0,0,0,0,1,0,0,0,1,0,0,0,0,0,0,0,0,0,0,0,0,0,0
0,0,0,31,1,0,20.399999618530273,609.0999755859375,0,1,0,0,0,1,0,1,0,1,0,1,0,1,0,1,0,1,0,1,0,0,0
0,0,0,1,1,0,20.149999618530273,20.149999618530273,1,1,0,0,0,1,0,1,0,1,0,1,0,1,0,1,0,1,0,0,0,0,1
0,1,0,66,1,1,105.0,7133.25,1,1,1,0,1,0,0,0,1,0,1,0,0,0,1,0,1,0,0,0,1,0,0
0,1,1,0,0,0,56.04999923706055,0.0,0,0,0,1,0,0,1,0,1,0,1,0,1,0,1,0,0,0,0,1,1,0,0
0,0,1,3,1,1,54.70000076293945,169.4499969482422,1,1,0,0,0,0,0,0,0,0,0,0,0,0,1,0,0,0,0,0,1,0,0
0,0,0,8,1,0,20.0,141.60000610351562,0,0,0,0,0,1,0,1,0,1,0,1,0,1,0,1,0,1,0,1,0,0,1
0,1,1,64,1,1,73.05000305175781,4688.64990234375,0,1,0,0,0,0,1,0,0,0,1,0,0,0,1,0,1,0,1,0,1,0,0
0,1,0,28,1,0,20.5,563.0499877929688,0,0,0,0,0,1,0,1,0,1,0,1,0,1,0,1,0,1,0,0,0,0,1
0,1,0,57,1,1,100.75,5985.0,0,0,1,0,1,0,0,0,0,0,1,0,0,0,1,0,1,0,1,0,1,0,0
0,1,1,14,1,1,87.25,1258.5999755859375,1,0,1,0,1,0,0,0,0,0,1,0,0,0,0,0,1,0,0,0,0,1,0
0,0,0,19,1,1,19.950000762939453,373.5,0,1,0,0,0,1,0,1,0,1,0,1,0,1,0,1,0,1,0,1,0,0,1
0,1,0,10,1,1,79.94999694824219,857.2000122070312,1,1,0,0,1,0,0,0,0,0,0,0,0,0,1,0,0,0,0,0,0,1,0
0,1,0,51,0,1,49.650001525878906,2553.35009765625,0,0,0,1,0,0,0,0,1,0,0,0,0,0,1,0,1,0,0,0,0,1,0
0,1,0,67,1,0,65.6500015258789,4322.85009765625,0,0,1,0,0,0,1,0,1,0,1,0,0,0,0,0,0,0,0,1,0,0,1
0,1,1,11,1,1,20.450000762939453,250.8000030517578,0,1,0,0,0,1,0,1,0,1,0,1,0,1,0,1,0,1,0,0,0,1,0
0,1,1,72,0,0,60.95000076293945,4549.0498046875,0,1,0,1,0,0,1,0,0,0,1,0,1,0,1,0,1,0,0,1,0,0,0
0,1,1,66,1,1,20.350000381469727,1359.5,0,1,0,0,0,1,0,1,0,1,0,1,0,1,0,1,0,1,1,0,0,1,0
0,0,0,18,1,1,88.3499984741211,1639.300048828125,1,0,1,0,1,0,0,0,0,0,0,0,1,0,1,0,0,0,0,0,0,1,0
0,0,0,9,1,1,19.5,178.85000610351562,0,0,0,0,0,1,0,1,0,1,0,1,0,1,0,1,0,1,0,0,0,1,0
0,0,0,9,1,1,75.19999694824219,633.8499755859375,0,0,1,0,1,0,0,0,0,0,0,0,0,0,0,0,0,0,0,0,1,0,0
0,1,0,48,1,1,111.44999694824219,5315.10009765625,0,1,1,0,1,0,1,0,1,0,1,0,0,0,1,0,1,0,0,0,0,0,0
0,0,0,10,1,0,70.1500015258789,735.5,0,1,0,0,1,0,0,0,0,0,0,0,0,0,0,0,0,0,0,0,0,0,1
0,0,0,9,1,1,94.75,889.9000244140625,1,0,1,0,1,0,0,0,0,0,0,0,0,0,1,0,1,0,0,0,0,1,0
1,0,0,13,1,1,95.05000305175781,1290.0,1,0,1,0,1,0,0,0,0,0,0,0,0,0,1,0,1,0,0,0,0,1,0
0,0,0,4,1,0,78.44999694824219,330.04998779296875,1,1,1,0,1,0,0,0,1,0,0,0,0,0,0,0,0,0,0,0,0,1,0
0,0,0,4,1,1,70.19999694824219,237.9499969482422,1,1,0,0,1,0,0,0,0,0,0,0,0,0,0,0,0,0,0,0,0,1,0
0,1,0,72,1,0,92.0,6474.39990234375,0,0,1,0,0,0,1,0,1,0,1,0,1,0,1,0,1,0,0,1,0,0,0
0,1,1,51,1,0,85.5,4421.9501953125,0,0,0,0,0,0,1,0,1,0,1,0,1,0,1,0,1,0,0,1,1,0,0
0,1,0,59,0,1,41.04999923706055,2452.699951171875,1,1,0,1,0,0,0,0,1,0,0,0,0,0,0,0,1,0,0,0,0,0,0
0,1,0,10,1,1,85.5999984741211,813.8499755859375,1,1,1,0,1,0,0,0,0,0,0,0,0,0,1,0,0,0,0,0,0,1,0
1,1,0,61,1,1,82.1500015258789,4904.85009765625,0,1,1,0,1,0,0,0,1,0,0,0,0,0,0,0,0,0,0,0,0,1,0
0,0,0,54,1,0,84.4000015258789,4484.0498046875,0,1,0,0,1,0,1,0,0,0,1,0,1,0,0,0,0,0,1,0,0,1,0
0,0,0,33,1,1,60.900001525878906,2033.8499755859375,0,0,1,0,0,0,1,0,1,0,0,0,0,0,0,0,0,0,0,0,0,0,1
0,0,0,27,1,1,20.25,538.2000122070312,0,0,0,0,0,1,0,1,0,1,0,1,0,1,0,1,0,1,0,1,0,0,0
1,0,0,1,1,1,79.19999694824219,79.19999694824219,1,0,0,0,1,0,0,0,0,0,0,0,0,0,1,0,0,0,0,0,0,1,0
0,0,0,23,1,0,95.30000305175781,2192.89990234375,0,1,0,0,1,0,0,0,1,0,0,0,0,0,1,0,1,0,0,0,0,0,1
0,0,1,1,1,0,19.850000381469727,19.850000381469727,0,1,0,0,0,1,0,1,0,1,0,1,0,1,0,1,0,1,0,0,0,0,1
0,1,1,45,1,1,84.3499984741211,3858.050048828125,0,1,0,0,0,0,1,0,1,0,1,0,1,0,1,0,1,0,0,1,0,0,1
0,1,1,39,1,1,19.850000381469727,854.7999877929688,0,0,0,0,0,1,0,1,0,1,0,1,0,1,0,1,0,1,0,1,0,0,0
0,0,0,5,1,1,70.0,347.3999938964844,1,1,0,0,0,0,0,0,0,0,1,0,0,0,1,0,1,0,1,0,0,0,1
0,1,1,72,1,0,82.30000305175781,5815.14990234375,0,1,1,0,0,0,1,0,1,0,1,0,1,0,1,0,0,0,0,1,0,0,0
0,1,1,58,1,1,66.80000305175781,3970.39990234375,0,0,1,0,0,0,0,0,1,0,0,0,0,0,1,0,0,0,0,0,0,0,0
0,0,0,70,0,1,44.599998474121094,3058.14990234375,0,0,0,1,0,0,1,0,1,0,1,0,1,0,0,0,0,0,0,1,0,0,0
0,1,1,61,1,1,98.44999694824219,6145.2001953125,0,1,0,0,1,0,0,0,1,0,0,0,1,0,1,0,1,0,1,0,0,0,0
0,0,0,2,1,0,70.69999694824219,129.1999969482422,0,1,0,0,1,0,0,0,0,0,0,0,0,0,0,0,0,0,0,0,0,0,1
0,1,1,46,1,0,24.950000762939453,1165.9000244140625,0,0,1,0,0,1,0,1,0,1,0,1,0,1,0,1,0,1,1,0,0,0,1
0,0,0,1,1,1,49.95000076293945,49.95000076293945,1,0,1,0,0,0,0,0,0,0,0,0,0,0,0,0,0,0,0,0,0,0,0
0,1,0,22,1,1,69.25,1554.0,1,0,0,0,1,0,0,0,0,0,0,0,0,0,0,0,0,0,0,0,0,1,0
0,0,0,48,1,1,102.5,4904.25,0,0,0,0,1,0,1,0,0,0,1,0,1,0,1,0,1,0,0,1,1,0,0
0,0,0,64,1,0,86.55000305175781,5632.5498046875,0,1,1,0,0,0,0,0,1,0,1,0,1,0,1,0,1,0,0,1,1,0,0
0,1,1,72,1,0,24.299999237060547,1643.25,0,1,1,0,0,1,0,1,0,1,0,1,0,1,0,1,0,1,0,1,0,0,0
0,1,1,12,1,1,58.349998474121094,740.5499877929688,0,0,0,0,0,0,0,0,0,0,1,0,0,0,1,0,0,0,0,0,1,0,0
1,1,0,34,1,1,94.25,3217.550048828125,1,0,1,0,1,0,0,0,1,0,1,0,0,0,0,0,1,0,0,0,0,1,0
0,1,1,72,1,0,68.75,4888.2001953125,0,0,0,0,0,0,1,0,1,0,1,0,0,0,0,0,1,0,0,1,1,0,0
0,1,0,29,1,1,85.80000305175781,2440.25,0,1,1,0,1,0,0,0,1,0,1,0,0,0,0,0,0,0,0,0,0,1,0
0,1,1,33,1,0,20.100000381469727,620.5499877929688,0,1,0,0,0,1,0,1,0,1,0,1,0,1,0,1,0,1,1,0,1,0,0
0,0,0,1,1,0,20.350000381469727,20.350000381469727,0,0,0,0,0,1,0,1,0,1,0,1,0,1,0,1,0,1,0,0,0,0,1
0,1,1,62,1,1,110.80000305175781,6840.9501953125,0,0,1,0,1,0,0,0,1,0,1,0,1,0,1,0,1,0,1,0,0,1,0
0,1,0,41,1,1,73.0,3001.199951171875,1,1,1,0,0,0,0,0,0,0,1,0,0,0,1,0,1,0,1,0,0,1,0
0,0,0,64,1,1,100.05000305175781,6254.2001953125,1,0,1,0,1,0,0,0,0,0,1,0,0,0,1,0,1,0,1,0,1,0,0
0,0,0,4,1,1,82.8499984741211,319.6000061035156,0,0,0,0,1,0,0,0,0,0,1,0,0,0,0,0,1,0,0,0,1,0,0
0,0,0,24,1,1,84.3499984741211,1938.050048828125,0,0,1,0,1,0,1,0,0,0,0,0,1,0,0,0,0,0,0,0,0,1,0
0,1,1,14,1,0,19.549999237060547,294.5,0,0,0,0,0,1,0,1,0,1,0,1,0,1,0,1,0,1,1,0,0,0,1
0,0,1,3,1,0,19.950000762939453,58.29999923706055,0,1,0,0,0,1,0,1,0,1,0,1,0,1,0,1,0,1,0,0,0,0,1
1,0,0,4,1,1,99.80000305175781,442.8500061035156,1,0,0,0,1,0,0,0,1,0,1,0,0,0,1,0,1,0,0,0,1,0,0
0,0,1,18,0,1,35.0,553.0,1,0,0,1,0,0,0,0,0,0,0,0,0,0,0,0,1,0,0,0,0,1,0
0,0,0,8,1,1,66.25,546.4500122070312,0,1,0,0,0,0,0,0,0,0,0,0,0,0,1,0,1,0,0,0,0,1,0
0,0,0,35,1,0,23.299999237060547,797.0999755859375,0,0,1,0,0,1,0,1,0,1,0,1,0,1,0,1,0,1,0,1,0,0,0
0,0,0,1,1,0,76.0,76.0,1,0,1,0,1,0,0,0,0,0,0,0,0,0,0,0,0,0,0,0,0,1,0
0,0,1,66,1,1,25.299999237060547,1673.800048828125,0,1,1,0,0,1,0,1,0,1,0,1,0,1,0,1,0,1,0,1,1,0,0
0,0,1,8,0,1,44.54999923706055,343.45001220703125,0,1,0,1,0,0,1,0,0,0,0,0,1,0,0,0,1,0,0,1,0,0,1
0,1,0,71,1,1,104.0999984741211,7412.25,0,0,1,0,1,0,1,0,0,0,1,0,0,0,1,0,1,0,1,0,1,0,0
0,1,1,43,1,1,92.55000305175781,4039.0,0,0,1,0,1,0,0,0,0,0,1,0,0,0,0,0,1,0,0,0,0,0,0
1,0,0,2,1,1,93.8499984741211,170.85000610351562,1,0,1,0,1,0,0,0,0,0,0,0,0,0,1,0,1,0,0,0,0,1,0
1,0,0,29,1,1,101.44999694824219,2948.60009765625,0,1,0,0,1,0,0,0,1,0,1,0,0,0,1,0,1,0,0,0,0,0,0
0,1,0,15,1,1,84.30000305175781,1308.4000244140625,1,0,0,0,1,0,0,0,0,0,1,0,0,0,1,0,0,0,0,0,0,1,0
0,1,1,65,1,0,94.55000305175781,6078.75,0,1,1,0,1,0,1,0,1,0,1,0,1,0,0,0,0,0,0,1,1,0,0
0,0,0,35,1,0,95.5,3418.199951171875,0,1,1,0,1,0,0,0,0,0,1,0,1,0,1,0,0,0,0,0,0,1,0
0,0,0,64,1,1,100.30000305175781,6603.7998046875,0,1,0,0,1,0,1,0,1,0,0,0,0,0,1,0,1,0,1,0,1,0,0
0,1,1,58,0,1,55.5,3166.89990234375,0,0,0,1,0,0,0,0,0,0,1,0,1,0,1,0,1,0,0,1,1,0,0
1,0,0,18,1,1,49.849998474121094,865.75,0,0,0,0,0,0,0,0,1,0,0,0,0,0,0,0,0,0,0,0,1,0,0
0,1,1,67,1,1,89.55000305175781,6373.10009765625,0,1,1,0,1,0,0,0,1,0,0,0,0,0,0,0,1,0,0,0,0,0,0
0,1,1,63,1,1,19.149999618530273,1177.050048828125,0,1,0,0,0,1,0,1,0,1,0,1,0,1,0,1,0,1,0,1,0,0,1
0,1,0,60,1,1,99.80000305175781,5985.75,0,0,1,0,1,0,0,0,1,0,0,0,0,0,1,0,1,0,0,0,0,1,0
1,0,0,9,1,1,84.4000015258789,732.5,1,1,1,0,1,0,0,0,0,0,0,0,0,0,0,0,1,0,0,0,1,0,0
0,1,1,70,1,1,113.05000305175781,7869.0498046875,0,0,1,0,1,0,1,0,1,0,1,0,1,0,1,0,1,0,0,1,1,0,0
0,1,0,15,1,1,101.0999984741211,1504.050048828125,1,1,1,0,1,0,0,0,0,0,1,0,0,0,1,0,1,0,0,0,0,1,0
0,0,1,48,1,0,19.950000762939453,936.7000122070312,0,0,0,0,0,1,0,1,0,1,0,1,0,1,0,1,0,1,1,0,0,0,1
0,1,0,12,1,1,74.1500015258789,741.4000244140625,0,1,0,0,0,0,0,0,0,0,1,0,1,0,1,0,1,0,0,0,0,1,0
1,1,0,71,1,1,92.0,6585.2001953125,0,1,1,0,1,0,1,0,1,0,1,0,1,0,0,0,0,0,1,0,0,1,0
1,0,0,44,1,0,73.8499984741211,3122.39990234375,0,1,0,0,1,0,0,0,0,0,1,0,0,0,0,0,0,0,0,0,0,1,0
0,0,0,1,1,1,50.45000076293945,50.45000076293945,1,1,1,0,0,0,0,0,0,0,0,0,0,0,0,0,0,0,0,0,0,1,0
0,1,1,45,1,0,24.450000762939453,1088.25,0,1,1,0,0,1,0,1,0,1,0,1,0,1,0,1,0,1,0,1,0,0,1
0,0,0,23,1,0,24.799999237060547,615.3499755859375,0,0,1,0,0,1,0,1,0,1,0,1,0,1,0,1,0,1,1,0,1,0,0
0,1,0,43,1,1,64.8499984741211,2908.199951171875,0,0,1,0,0,0,0,0,0,0,0,0,1,0,1,0,0,0,1,0,0,0,0
0,0,0,35,1,0,20.75,739.9000244140625,0,1,0,0,0,1,0,1,0,1,0,1,0,1,0,1,0,1,0,0,0,0,0
0,1,0,9,1,1,68.94999694824219,593.8499755859375,0,1,0,0,0,0,1,0,1,0,0,0,1,0,1,0,0,0,0,0,0,0,1
0,0,0,12,1,1,99.94999694824219,1132.75,1,1,1,0,1,0,0,0,0,0,0,0,1,0,1,0,1,0,0,0,0,0,1
1,1,0,65,1,1,109.4000015258789,7227.4501953125,0,0,1,0,1,0,1,0,1,0,1,0,0,0,1,0,1,0,0,0,1,0,0
0,0,0,2,1,1,91.4000015258789,193.60000610351562,1,0,1,0,1,0,0,0,0,0,1,0,0,0,1,0,0,0,0,0,0,1,0
0,0,0,27,1,0,49.0,1291.3499755859375,0,1,1,0,0,0,0,0,0,0,0,0,0,0,0,0,0,0,0,0,0,0,1
0,0,0,40,1,1,50.25,2023.550048828125,0,0,0,0,0,0,0,0,0,0,1,0,0,0,0,0,0,0,1,0,0,0,1
1,0,0,5,1,1,75.55000305175781,349.6499938964844,1,0,0,0,1,0,0,0,0,0,1,0,0,0,0,0,0,0,0,0,1,0,0
0,1,1,8,1,0,19.899999618530273,153.9499969482422,0,1,0,0,0,1,0,1,0,1,0,1,0,1,0,1,0,1,1,0,1,0,0
1,1,0,58,1,1,97.80000305175781,5458.7998046875,0,0,1,0,1,0,0,0,1,0,0,0,0,0,1,0,1,0,1,0,0,0,0
0,1,1,52,1,0,100.30000305175781,5244.4501953125,0,0,0,0,1,0,1,0,0,0,1,0,0,0,1,0,1,0,1,0,0,1,0
0,1,0,3,1,1,55.79999923706055,154.5500030517578,0,1,0,0,0,0,0,0,0,0,1,0,1,0,0,0,0,0,0,0,0,0,1
0,0,1,41,1,1,111.1500015258789,4507.14990234375,0,1,0,0,1,0,1,0,1,0,1,0,1,0,1,0,1,0,0,1,0,1,0
0,0,0,20,1,1,98.55000305175781,2031.949951171875,0,1,1,0,1,0,0,0,0,0,0,0,1,0,1,0,1,0,0,0,0,0,1
0,0,1,1,1,1,50.04999923706055,50.04999923706055,0,1,1,0,0,0,0,0,0,0,0,0,0,0,0,0,0,0,0,0,0,1,0
0,0,1,4,1,0,80.80000305175781,332.45001220703125,1,1,1,0,1,0,0,0,0,0,0,0,1,0,0,0,0,0,0,0,1,0,0
0,0,0,23,1,0,20.850000381469727,473.8999938964844,0,1,0,0,0,1,0,1,0,1,0,1,0,1,0,1,0,1,0,0,0,1,0
1,0,0,6,1,0,19.5,106.80000305175781,0,0,0,0,0,1,0,1,0,1,0,1,0,1,0,1,0,1,0,0,0,0,0
0,1,1,8,1,1,19.350000381469727,152.60000610351562,0,1,0,0,0,1,0,1,0,1,0,1,0,1,0,1,0,1,0,0,0,0,1
0,0,0,18,1,0,69.5,1199.4000244140625,0,1,1,0,0,0,1,0,0,0,1,0,0,0,1,0,0,0,0,0,0,0,1
1,0,0,52,0,1,48.79999923706055,2555.050048828125,0,1,0,1,0,0,1,0,0,0,0,0,0,0,1,0,1,0,0,0,1,0,0
0,0,0,31,1,1,94.5,2979.199951171875,0,1,0,0,1,0,0,0,1,0,0,0,0,0,1,0,1,0,0,0,0,1,0
0,1,1,29,1,1,20.649999618530273,654.8499755859375,0,1,0,0,0,1,0,1,0,1,0,1,0,1,0,1,0,1,0,0,0,0,1
0,1,0,36,1,1,106.05000305175781,3834.39990234375,0,0,1,0,1,0,1,0,1,0,1,0,1,0,0,0,1,0,0,1,1,0,0
0,1,0,16,1,1,100.0,1534.75,1,0,1,0,1,0,0,0,1,0,0,0,0,0,1,0,1,0,0,0,0,1,0
0,1,0,42,1,1,108.30000305175781,4586.14990234375,0,1,1,0,1,0,0,0,0,0,1,0,1,0,1,0,1,0,1,0,0,1,0
0,0,0,1,1,0,20.549999237060547,20.549999237060547,1,1,0,0,0,1,0,1,0,1,0,1,0,1,0,1,0,1,0,0,0,1,0
0,0,0,60,1,1,99.6500015258789,5941.0498046875,0,0,0,0,1,0,0,0,1,0,1,0,0,0,1,0,1,0,0,1,0,1,0
0,0,0,5,1,1,85.30000305175781,424.1499938964844,1,1,1,0,1,0,0,0,1,0,1,0,0,0,0,0,0,0,0,0,0,1,0
0,1,0,22,1,0,95.9000015258789,2234.949951171875,0,1,1,0,1,0,1,0,0,0,0,0,1,0,1,0,0,0,0,0,1,0,0
0,1,0,36,1,0,20.0,666.75,0,1,0,0,0,1,0,1,0,1,0,1,0,1,0,1,0,1,1,0,0,0,1
0,0,0,4,1,0,70.4000015258789,281.0,1,0,0,0,1,0,0,0,0,0,0,0,0,0,0,0,0,0,0,0,0,1,0
0,0,0,9,1,0,64.94999694824219,547.7999877929688,0,1,0,0,0,0,1,0,0,0,0,0,1,0,0,0,1,0,0,0,0,0,1
0,1,1,1,1,0,74.5999984741211,74.5999984741211,0,1,0,0,1,0,0,0,1,0,0,0,0,0,0,0,0,0,0,0,1,0,0
0,1,1,12,1,1,49.20000076293945,571.1500244140625,0,1,0,0,0,0,1,0,0,0,0,0,0,0,0,0,0,0,0,0,0,1,0
0,0,0,23,1,1,73.75,1756.5999755859375,0,0,1,0,0,0,0,0,0,0,0,0,1,0,1,0,1,0,1,0,0,0,1
0,0,0,62,1,1,92.30000305175781,5731.4501953125,0,1,1,0,1,0,1,0,1,0,0,0,0,0,0,0,1,0,1,0,0,0,0
0,0,0,37,1,0,98.80000305175781,3475.550048828125,1,1,1,0,1,0,0,0,0,0,0,0,1,0,1,0,1,0,0,0,0,0,0
0,0,0,8,1,0,19.200000762939453,156.85000610351562,0,0,0,0,0,1,0,1,0,1,0,1,0,1,0,1,0,1,0,0,0,0,1
0,1,0,31,1,0,88.6500015258789,2683.199951171875,0,1,1,0,1,0,0,0,0,0,1,0,0,0,1,0,0,0,0,0,1,0,0
0,1,1,13,1,1,74.4000015258789,896.75,1,1,1,0,1,0,0,0,0,0,0,0,0,0,0,0,0,0,0,0,1,0,0
0,0,0,24,1,1,98.75,2407.300048828125,1,0,1,0,1,0,0,0,0,0,1,0,0,0,1,0,1,0,0,0,0,1,0
0,1,1,45,1,1,95.94999694824219,4456.64990234375,0,1,1,0,1,0,0,0,1,0,1,0,0,0,0,0,1,0,0,0,0,0,0
1,1,0,69,1,0,105.4000015258789,6998.9501953125,0,0,1,0,1,0,0,0,1,0,0,0,1,0,1,0,1,0,0,1,1,0,0
0,0,0,2,1,0,20.25,36.79999923706055,0,1,0,0,0,1,0,1,0,1,0,1,0,1,0,1,0,1,0,0,0,0,1
0,1,1,61,1,1,106.0,6547.7001953125,1,1,1,0,1,0,1,0,1,0,0,0,0,0,1,0,1,0,1,0,0,1,0
0,0,0,41,1,1,104.69999694824219,4346.39990234375,1,1,1,0,1,0,0,0,1,0,1,0,0,0,1,0,1,0,0,0,0,1,0
0,0,0,44,0,1,49.04999923706055,2265.0,0,0,0,1,0,0,0,0,0,0,1,0,0,0,1,0,1,0,1,0,0,1,0
0,0,0,39,0,0,35.54999923706055,1309.1500244140625,0,1,0,1,0,0,0,0,0,0,1,0,1,0,0,0,0,0,1,0,0,0,1
0,1,1,72,0,1,65.0999984741211,4754.2998046875,0,1,0,1,0,0,1,0,1,0,1,0,1,0,1,0,1,0,0,1,1,0,0
1,0,0,13,1,1,96.8499984741211,1235.550048828125,0,0,0,0,1,0,0,0,0,0,1,0,0,0,1,0,1,0,0,0,0,1,0
0,1,1,51,1,1,69.75,3562.5,0,0,0,0,0,0,1,0,1,0,0,0,1,0,0,0,1,0,1,0,1,0,0
1,1,0,71,1,1,99.19999694824219,7213.75,0,0,0,0,1,0,0,0,1,0,1,0,0,0,1,0,1,0,0,1,0,1,0
1,0,0,22,1,1,96.69999694824219,2082.949951171875,1,1,1,0,1,0,0,0,0,0,0,0,0,0,1,0,1,0,0,0,0,1,0
0,0,0,2,1,1,55.04999923706055,102.75,1,0,0,0,0,0,0,0,1,0,0,0,1,0,0,0,0,0,0,0,1,0,0
0,0,0,56,1,1,106.80000305175781,5914.39990234375,0,0,1,0,1,0,0,0,1,0,1,0,0,0,1,0,1,0,1,0,0,1,0
0,0,0,1,1,0,51.25,51.25,0,1,0,0,0,0,1,0,0,0,0,0,0,0,0,0,0,0,0,0,0,0,1
0,1,1,23,1,1,57.75,1282.8499755859375,0,0,0,0,0,0,1,0,1,0,0,0,1,0,0,0,0,0,1,0,0,0,1
1,1,0,66,1,1,70.8499984741211,4738.85009765625,0,0,1,0,0,0,0,0,1,0,1,0,0,0,1,0,0,0,1,0,0,0,0
0,0,0,1,1,0,19.549999237060547,19.549999237060547,0,0,0,0,0,1,0,1,0,1,0,1,0,1,0,1,0,1,0,0,0,0,1
1,0,0,19,1,1,88.19999694824219,1775.800048828125,1,1,1,0,1,0,0,0,1,0,0,0,0,0,1,0,0,0,0,0,0,1,0
0,0,0,11,1,1,79.5,795.6500244140625,0,1,0,0,1,0,1,0,0,0,1,0,0,0,0,0,0,0,0,0,0,0,0
0,1,1,8,1,1,19.75,145.0,1,0,0,0,0,1,0,1,0,1,0,1,0,1,0,1,0,1,1,0,0,0,1
0,1,1,52,1,0,98.1500015258789,4993.39990234375,0,0,1,0,1,0,1,0,1,0,1,0,0,0,0,0,1,0,0,0,0,0,0
0,0,0,3,1,1,20.25,61.45000076293945,0,1,0,0,0,1,0,1,0,1,0,1,0,1,0,1,0,1,0,0,0,1,0
0,1,1,51,1,1,79.1500015258789,4018.550048828125,0,0,0,0,1,0,1,0,1,0,0,0,0,0,0,0,0,0,0,0,0,0,0
1,0,0,15,1,0,75.6500015258789,1146.6500244140625,1,1,1,0,1,0,0,0,0,0,0,0,0,0,0,0,0,0,0,0,0,1,0
1,1,0,64,1,1,94.25,6081.39990234375,0,1,1,0,1,0,0,0,1,0,1,0,0,0,0,0,1,0,0,0,0,1,0
0,0,0,37,0,1,40.20000076293945,1478.8499755859375,0,0,0,1,0,0,0,0,0,0,1,0,0,0,0,0,1,0,0,0,1,0,0
0,0,0,13,1,0,19.950000762939453,243.64999389648438,0,1,0,0,0,1,0,1,0,1,0,1,0,1,0,1,0,1,0,1,0,0,1
0,1,0,49,1,1,55.349998474121094,2633.949951171875,0,1,1,0,0,0,1,0,0,0,0,0,0,0,0,0,0,0,1,0,0,1,0
1,0,0,45,1,1,102.1500015258789,4735.35009765625,0,0,1,0,1,0,0,0,0,0,1,0,0,0,1,0,1,0,1,0,0,0,0
0,0,0,18,1,1,71.0999984741211,1247.75,0,0,0,0,1,0,0,0,0,0,0,0,0,0,0,0,0,0,0,0,0,1,0
1,0,0,1,1,1,74.69999694824219,74.69999694824219,1,1,1,0,1,0,0,0,0,0,0,0,0,0,0,0,0,0,0,0,0,1,0
0,1,0,68,0,1,54.099998474121094,3794.5,0,1,0,1,0,0,1,0,0,0,1,0,0,0,1,0,1,0,0,1,0,0,0
0,0,0,54,1,0,19.649999618530273,1008.7000122070312,0,1,0,0,0,1,0,1,0,1,0,1,0,1,0,1,0,1,0,1,1,0,0
1,1,1,23,1,1,88.44999694824219,2130.550048828125,0,0,0,0,1,0,0,0,1,0,1,0,0,0,0,0,1,0,0,0,0,0,0
0,0,0,17,1,1,76.6500015258789,1313.550048828125,1,1,0,0,1,0,0,0,0,0,1,0,0,0,0,0,0,0,0,0,0,1,0
0,1,0,71,1,0,80.4000015258789,5727.14990234375,0,1,1,0,0,0,1,0,1,0,1,0,1,0,0,0,1,0,0,1,1,0,0
0,1,1,67,1,1,19.25,1372.9000244140625,0,0,0,0,0,1,0,1,0,1,0,1,0,1,0,1,0,1,0,1,0,0,0
0,1,1,14,1,1,84.80000305175781,1203.9000244140625,0,0,1,0,1,0,0,0,0,0,0,0,0,0,1,0,0,0,0,0,0,1,0
1,0,0,1,0,1,25.799999237060547,25.799999237060547,1,0,0,1,0,0,0,0,0,0,0,0,0,0,0,0,0,0,0,0,0,0,1
0,0,1,63,1,0,19.5,1215.0999755859375,0,0,0,0,0,1,0,1,0,1,0,1,0,1,0,1,0,1,0,1,1,0,0
0,0,0,41,1,1,68.5999984741211,2877.050048828125,0,0,1,0,0,0,0,0,0,0,1,0,1,0,0,0,1,0,1,0,0,1,0
0,1,0,17,1,0,92.5999984741211,1579.699951171875,0,0,1,0,1,0,0,0,0,0,0,0,0,0,1,0,1,0,0,0,0,1,0
0,1,0,56,1,1,100.55000305175781,5514.9501953125,0,1,1,0,1,0,1,0,0,0,0,0,0,0,1,0,1,0,1,0,0,1,0
0,0,0,5,1,0,20.549999237060547,96.0999984741211,0,0,0,0,0,1,0,1,0,1,0,1,0,1,0,1,0,1,0,0,1,0,0
0,0,0,2,0,1,42.599998474121094,72.4000015258789,1,0,0,1,0,0,1,0,1,0,0,0,0,0,0,0,1,0,0,0,0,1,0
0,1,0,3,1,1,19.600000381469727,55.25,0,0,0,0,0,1,0,1,0,1,0,1,0,1,0,1,0,1,0,0,0,0,1
0,0,0,37,1,0,67.44999694824219,2443.300048828125,0,1,1,0,0,0,1,0,1,0,1,0,1,0,0,0,0,0,1,0,0,1,0
0,0,0,29,1,1,68.8499984741211,1970.5,1,0,0,0,0,0,1,0,1,0,1,0,0,0,0,0,1,0,0,0,0,0,0
0,0,0,8,1,0,43.54999923706055,335.3999938964844,0,1,0,0,0,0,0,0,0,0,0,0,0,0,0,0,0,0,0,0,0,0,1
0,0,0,63,1,1,109.8499984741211,7002.9501953125,0,0,1,0,1,0,0,0,1,0,1,0,1,0,1,0,1,0,0,0,1,0,0
0,1,1,7,1,0,20.649999618530273,158.9499969482422,0,0,0,0,0,1,0,1,0,1,0,1,0,1,0,1,0,1,0,0,0,0,1
0,0,0,3,1,0,95.4000015258789,293.1499938964844,0,0,0,0,1,0,0,0,1,0,0,0,0,0,1,0,1,0,0,0,0,1,0
0,1,1,72,1,0,21.0,1493.75,0,1,0,0,0,1,0,1,0,1,0,1,0,1,0,1,0,1,0,1,0,0,0
0,0,0,19,1,1,56.20000076293945,1093.4000244140625,0,0,0,0,0,0,0,0,0,0,0,0,0,0,0,0,1,0,0,0,0,1,0
0,1,0,59,1,0,18.399999618530273,1057.8499755859375,0,0,0,0,0,1,0,1,0,1,0,1,0,1,0,1,0,1,0,1,0,0,0
0,1,1,2,1,0,90.0,190.0500030517578,1,1,0,0,1,0,0,0,0,0,1,0,1,0,0,0,1,0,0,0,1,0,0
0,1,1,35,1,1,25.75,882.5499877929688,0,0,1,0,0,1,0,1,0,1,0,1,0,1,0,1,0,1,0,0,0,1,0
0,0,0,14,1,0,19.600000381469727,300.3999938964844,0,1,0,0,0,1,0,1,0,1,0,1,0,1,0,1,0,1,0,0,1,0,0
0,0,0,14,1,0,75.3499984741211,1025.949951171875,1,0,0,0,1,0,0,0,0,0,1,0,0,0,0,0,0,0,0,0,0,1,0
0,1,1,69,1,0,19.799999237060547,1436.949951171875,0,0,0,0,0,1,0,1,0,1,0,1,0,1,0,1,0,1,0,1,1,0,0
1,1,0,7,1,0,64.19999694824219,475.0,0,1,1,0,0,0,1,0,1,0,0,0,1,0,0,0,0,0,0,0,0,1,0
0,1,1,69,1,1,75.75,5388.14990234375,0,1,0,0,0,0,1,0,1,0,1,0,1,0,1,0,0,0,0,1,0,0,0
0,1,1,72,1,1,78.94999694824219,5730.14990234375,0,0,1,0,0,0,0,0,1,0,0,0,1,0,1,0,1,0,0,1,0,1,0
0,0,0,8,1,0,100.8499984741211,819.5499877929688,1,1,1,0,1,0,0,0,1,0,0,0,0,0,1,0,1,0,0,0,0,1,0
0,1,1,4,1,0,50.29999923706055,217.10000610351562,0,0,0,0,0,0,1,0,0,0,0,0,0,0,0,0,0,0,0,0,0,1,0
0,1,1,63,1,1,80.30000305175781,4896.35009765625,0,1,0,0,1,0,0,0,1,0,1,0,0,0,0,0,0,0,0,0,1,0,0
0,0,0,72,1,0,19.850000381469727,1434.0999755859375,0,1,0,0,0,1,0,1,0,1,0,1,0,1,0,1,0,1,0,1,0,0,0
0,0,0,46,1,1,21.100000381469727,937.0999755859375,0,0,0,0,0,1,0,1,0,1,0,1,0,1,0,1,0,1,0,1,0,1,0
0,1,0,5,1,0,69.94999694824219,330.1499938964844,1,0,0,0,1,0,0,0,0,0,0,0,0,0,0,0,0,0,0,0,0,1,0
0,1,0,30,1,1,50.0,1474.9000244140625,0,1,0,0,0,0,0,0,0,0,1,0,0,0,0,0,0,0,0,0,0,0,1
0,0,0,63,1,1,104.75,6536.5,0,1,1,0,1,0,0,0,1,0,1,0,0,0,1,0,1,0,0,1,0,0,0
0,0,0,60,1,0,19.850000381469727,1128.0999755859375,0,0,0,0,0,1,0,1,0,1,0,1,0,1,0,1,0,1,0,1,0,0,0
0,1,0,63,1,1,107.5,6873.75,1,0,1,0,1,0,0,0,1,0,1,0,0,0,1,0,1,0,1,0,0,1,0
0,1,1,25,1,0,85.9000015258789,2199.050048828125,0,1,0,0,1,0,0,0,0,0,0,0,1,0,1,0,0,0,0,0,0,1,0
0,0,0,1,1,1,45.849998474121094,45.849998474121094,1,1,0,0,0,0,0,0,0,0,0,0,0,0,0,0,0,0,0,0,0,0,1
1,1,0,6,1,1,80.80000305175781,457.1000061035156,0,1,1,0,1,0,0,0,0,0,1,0,0,0,0,0,0,0,0,0,0,1,0
0,0,0,22,1,0,25.25,566.5,0,1,1,0,0,1,0,1,0,1,0,1,0,1,0,1,0,1,0,1,0,0,1
0,1,1,31,1,0,80.55000305175781,2471.60009765625,0,0,1,0,0,0,0,0,1,0,0,0,1,0,1,0,1,0,0,1,0,0,0
0,1,1,39,1,1,81.5,3107.300048828125,0,0,0,0,1,0,0,0,0,0,1,0,1,0,0,0,0,0,0,0,0,0,0
0,0,0,26,1,0,20.899999618530273,518.2999877929688,0,1,0,0,0,1,0,1,0,1,0,1,0,1,0,1,0,1,0,0,0,0,1
0,1,0,53,1,1,106.0999984741211,5769.75,1,0,0,0,1,0,1,0,1,0,1,0,0,0,1,0,1,0,1,0,0,0,0
0,0,0,1,1,0,91.69999694824219,91.69999694824219,1,0,0,0,1,0,0,0,1,0,0,0,1,0,1,0,0,0,0,0,0,1,0
0,0,0,12,1,1,67.25,832.2999877929688,0,1,1,0,0,0,1,0,1,0,0,0,1,0,0,0,0,0,0,0,0,1,0
0,0,0,16,1,1,95.5999984741211,1555.6500244140625,1,0,1,0,1,0,0,0,1,0,1,0,0,0,0,0,1,0,0,0,1,0,0
0,0,0,2,1,0,20.350000381469727,45.29999923706055,0,0,0,0,0,1,0,1,0,1,0,1,0,1,0,1,0,1,0,0,0,0,1
0,0,1,39,0,0,45.04999923706055,1790.5999755859375,0,1,0,1,0,0,1,0,0,0,0,0,1,0,1,0,0,0,1,0,0,0,0
0,0,0,1,1,1,74.94999694824219,74.94999694824219,1,1,1,0,1,0,0,0,0,0,0,0,0,0,0,0,0,0,0,0,0,1,0
0,1,1,7,0,0,34.650001525878906,246.60000610351562,0,0,0,1,0,0,1,0,0,0,0,0,1,0,0,0,0,0,0,0,0,0,1
1,0,0,4,1,0,69.3499984741211,261.6499938964844,0,1,0,0,1,0,0,0,0,0,0,0,0,0,0,0,0,0,0,0,0,1,0
1,0,0,10,1,1,95.3499984741211,898.3499755859375,1,1,1,0,1,0,0,0,0,0,0,0,0,0,1,0,1,0,0,0,0,1,0
0,0,0,55,1,1,81.55000305175781,4509.5,0,0,0,0,1,0,0,0,1,0,1,0,0,0,0,0,0,0,0,0,0,1,0
0,1,1,72,1,1,75.4000015258789,5480.25,0,1,0,0,0,0,0,0,1,0,1,0,0,0,1,0,1,0,0,1,0,0,0
0,1,0,10,1,1,67.80000305175781,653.1500244140625,0,0,0,0,0,0,0,0,0,0,1,0,0,0,1,0,1,0,0,0,1,0,0
1,0,0,11,1,1,111.4000015258789,1183.050048828125,0,1,1,0,1,0,0,0,1,0,1,0,1,0,1,0,1,0,0,0,0,1,0
0,1,1,15,1,0,46.29999923706055,639.4500122070312,0,0,0,0,0,0,0,0,0,0,0,0,0,0,0,0,0,0,0,0,0,1,0
0,1,1,23,1,0,20.399999618530273,478.75,0,0,0,0,0,1,0,1,0,1,0,1,0,1,0,1,0,1,0,1,0,0,0
0,0,1,1,1,0,20.049999237060547,20.049999237060547,0,1,0,0,0,1,0,1,0,1,0,1,0,1,0,1,0,1,0,0,0,0,1
1,0,0,3,1,0,45.0,127.0999984741211,1,0,0,0,0,0,0,0,0,0,0,0,0,0,0,0,0,0,0,0,0,1,0
0,1,1,47,1,1,96.0999984741211,4391.4501953125,0,1,0,0,1,0,1,0,1,0,1,0,0,0,0,0,1,0,1,0,0,1,0
0,0,1,15,1,0,19.649999618530273,270.6000061035156,0,0,0,0,0,1,0,1,0,1,0,1,0,1,0,1,0,1,1,0,0,0,1
0,0,0,66,1,0,99.5,6710.5,1,1,0,0,1,0,0,0,1,0,1,0,0,0,1,0,1,0,0,0,0,1,0
1,1,0,68,1,1,60.650001525878906,3975.89990234375,0,0,0,0,0,0,0,0,1,0,1,0,1,0,0,0,0,0,1,0,0,0,0
0,1,1,17,1,0,98.5999984741211,1704.949951171875,1,0,0,0,1,0,0,0,0,0,1,0,1,0,1,0,1,0,1,0,0,0,0
0,0,0,7,1,1,59.5,415.95001220703125,1,0,0,0,0,0,0,0,0,0,0,0,1,0,1,0,0,0,0,0,0,0,1
1,1,0,12,1,1,80.44999694824219,950.2000122070312,1,1,0,0,1,0,0,0,0,0,0,0,0,0,0,0,1,0,0,0,0,1,0
1,1,0,21,1,0,71.69999694824219,1497.050048828125,0,0,1,0,0,0,0,0,1,0,1,0,0,0,0,0,1,0,1,0,0,0,0
0,0,0,21,0,1,36.0,780.1500244140625,0,1,0,1,0,0,0,0,1,0,0,0,1,0,0,0,0,0,0,0,0,0,1
0,1,1,56,1,0,65.19999694824219,3512.14990234375,0,0,1,0,0,0,1,0,0,0,0,0,0,0,1,0,0,0,1,0,0,0,0
0,1,1,6,1,1,48.95000076293945,273.25,0,0,1,0,0,0,0,0,0,0,0,0,0,0,0,0,0,0,0,0,1,0,0
1,0,0,65,0,1,53.5,3517.89990234375,0,0,0,1,0,0,0,0,1,0,1,0,0,0,1,0,1,0,0,1,0,0,0
0,1,0,42,1,0,80.44999694824219,3375.89990234375,0,1,1,0,0,0,1,0,0,0,0,0,1,0,1,0,1,0,1,0,1,0,0
0,1,1,68,1,1,109.05000305175781,7508.5498046875,0,0,1,0,1,0,1,0,0,0,1,0,1,0,1,0,1,0,0,1,0,0,0
0,1,1,48,1,0,26.299999237060547,1245.050048828125,0,1,1,0,0,1,0,1,0,1,0,1,0,1,0,1,0,1,0,1,0,0,0
1,0,0,50,1,1,106.80000305175781,5347.9501953125,0,0,1,0,1,0,0,0,1,0,0,0,1,0,1,0,1,0,1,0,0,1,0
1,0,0,7,1,1,64.94999694824219,493.6499938964844,0,0,0,0,0,0,0,0,1,0,1,0,0,0,1,0,0,0,0,0,0,1,0
0,1,1,63,1,0,19.350000381469727,1263.8499755859375,0,0,0,0,0,1,0,1,0,1,0,1,0,1,0,1,0,1,0,1,0,1,0
0,0,0,17,1,0,21.100000381469727,385.54998779296875,0,1,0,0,0,1,0,1,0,1,0,1,0,1,0,1,0,1,0,0,1,0,0
0,1,1,42,1,1,77.94999694824219,3384.0,1,0,0,0,1,0,0,0,0,0,0,0,0,0,1,0,0,0,0,0,1,0,0
0,1,1,4,1,0,18.850000381469727,84.19999694824219,0,1,0,0,0,1,0,1,0,1,0,1,0,1,0,1,0,1,0,0,0,0,1
0,0,1,62,1,0,26.0,1638.699951171875,0,0,1,0,0,1,0,1,0,1,0,1,0,1,0,1,0,1,0,1,0,0,0
1,0,0,2,1,1,74.69999694824219,165.39999389648438,1,1,0,0,1,0,0,0,1,0,0,0,0,0,0,0,0,0,0,0,0,1,0
0,1,0,2,1,1,70.3499984741211,120.25,0,0,0,0,1,0,0,0,0,0,0,0,0,0,0,0,0,0,0,0,0,1,0
0,1,0,48,1,1,96.9000015258789,4473.4501953125,0,1,1,0,1,0,1,0,1,0,1,0,0,0,1,0,0,0,0,1,0,0,0
0,1,0,27,1,0,19.549999237060547,520.5499877929688,0,1,0,0,0,1,0,1,0,1,0,1,0,1,0,1,0,1,0,1,0,0,0
0,1,1,70,1,1,80.4000015258789,5717.85009765625,0,0,0,0,0,0,0,0,1,0,1,0,1,0,1,0,1,0,0,1,0,0,0
1,0,0,1,1,1,88.80000305175781,88.80000305175781,1,1,1,0,1,0,0,0,0,0,1,0,0,0,1,0,0,0,0,0,0,1,0
0,1,0,46,1,1,94.6500015258789,4312.5,0,1,1,0,1,0,0,0,1,0,1,0,0,0,1,0,0,0,1,0,0,1,0
0,0,0,30,1,1,90.25,2755.35009765625,1,1,0,0,1,0,0,0,0,0,0,0,0,0,1,0,1,0,0,0,0,1,0
0,0,0,15,1,1,64.6500015258789,994.5499877929688,1,0,1,0,0,0,1,0,0,0,0,0,0,0,0,0,1,0,0,0,0,0,0
0,1,1,69,1,0,95.75,6511.25,0,1,1,0,1,0,0,0,1,0,1,0,0,0,1,0,0,0,1,0,1,0,0
0,0,0,65,1,1,19.549999237060547,1218.6500244140625,0,1,0,0,0,1,0,1,0,1,0,1,0,1,0,1,0,1,0,1,1,0,0
1,1,1,72,1,1,104.0999984741211,7447.7001953125,0,1,0,0,1,0,1,0,0,0,1,0,1,0,1,0,1,0,0,1,1,0,0
1,1,0,13,1,1,89.05000305175781,1169.3499755859375,1,1,0,0,1,0,0,0,1,0,0,0,1,0,0,0,1,0,0,0,0,0,0
0,0,0,17,1,1,20.100000381469727,279.5,0,1,0,0,0,1,0,1,0,1,0,1,0,1,0,1,0,1,1,0,0,0,1
0,1,0,51,1,1,111.55000305175781,5720.35009765625,0,1,1,0,1,0,1,0,0,0,1,0,1,0,1,0,1,0,1,0,0,1,0
0,1,1,51,1,0,60.5,3121.449951171875,0,1,0,0,0,0,1,0,1,0,0,0,1,0,0,0,0,0,0,1,1,0,0
0,1,0,72,1,1,90.94999694824219,6468.60009765625,0,0,1,0,0,0,1,0,1,0,1,0,1,0,1,0,1,0,0,1,0,0,0
0,1,1,67,1,0,87.4000015258789,5918.7998046875,1,1,1,0,1,0,0,0,1,0,1,0,0,0,0,0,0,0,1,0,0,1,0
0,0,0,34,1,0,19.700000762939453,675.5999755859375,0,1,0,0,0,1,0,1,0,1,0,1,0,1,0,1,0,1,0,0,0,0,1
0,1,0,67,0,1,50.95000076293945,3521.699951171875,0,1,0,1,0,0,1,0,1,0,0,0,1,0,0,0,1,0,0,1,0,0,0
0,1,0,49,1,1,20.049999237060547,923.0999755859375,0,0,0,0,0,1,0,1,0,1,0,1,0,1,0,1,0,1,1,0,0,0,0
0,1,1,53,1,1,19.399999618530273,1110.3499755859375,0,1,0,0,0,1,0,1,0,1,0,1,0,1,0,1,0,1,0,1,0,0,1
0,0,0,27,1,0,59.45000076293945,1611.6500244140625,0,1,1,0,0,0,0,0,0,0,1,0,1,0,0,0,0,0,0,0,0,1,0
1,0,0,23,1,1,94.75,2293.60009765625,1,0,0,0,1,0,0,0,1,0,0,0,0,0,1,0,1,0,0,0,0,1,0
0,0,0,69,1,1,81.5,5553.25,0,1,1,0,0,0,1,0,1,0,1,0,1,0,0,0,1,0,0,1,1,0,0
0,1,1,2,0,0,29.049999237060547,44.75,0,0,0,1,0,0,0,0,0,0,0,0,1,0,0,0,0,0,0,0,0,0,0
0,0,0,35,1,1,86.44999694824219,3029.10009765625,1,0,1,0,1,0,0,0,0,0,0,0,0,0,1,0,0,0,0,0,0,1,0
0,1,0,46,1,0,70.5999984741211,3231.050048828125,0,0,0,0,0,0,1,0,1,0,0,0,1,0,0,0,1,0,1,0,0,0,1
0,0,0,54,1,1,97.19999694824219,5129.4501953125,0,0,1,0,1,0,0,0,1,0,0,0,0,0,1,0,1,0,0,1,0,0,0
0,1,0,56,1,1,98.25,5508.35009765625,1,0,1,0,1,0,0,0,1,0,0,0,0,0,1,0,1,0,1,0,0,1,0
0,1,0,9,1,1,75.75,655.9000244140625,1,0,0,0,1,0,0,0,0,0,1,0,0,0,0,0,0,0,0,0,0,0,0
0,0,0,20,1,0,59.20000076293945,1191.199951171875,0,1,1,0,0,0,1,0,0,0,0,0,1,0,0,0,0,0,0,0,0,0,0
0,0,0,11,1,1,75.9000015258789,866.4000244140625,0,1,0,0,1,0,0,0,1,0,0,0,0,0,0,0,0,0,0,0,0,0,1
1,1,0,30,1,1,90.05000305175781,2627.199951171875,0,0,1,0,1,0,0,0,1,0,0,0,0,0,1,0,0,0,0,0,0,1,0
0,1,0,68,1,0,70.94999694824219,4741.4501953125,0,1,0,0,0,0,1,0,1,0,1,0,0,0,0,0,1,0,0,1,0,0,0
1,1,0,38,1,1,102.5999984741211,4009.199951171875,0,1,1,0,1,0,0,0,1,0,1,0,0,0,1,0,1,0,0,0,0,1,0
1,1,0,17,1,1,85.3499984741211,1463.449951171875,1,0,1,0,1,0,1,0,0,0,1,0,0,0,0,0,0,0,0,0,0,0,0
0,0,0,48,1,1,106.0999984741211,5082.7998046875,1,1,1,0,1,0,0,0,1,0,1,0,0,0,1,0,1,0,1,0,1,0,0
0,0,0,1,1,0,43.79999923706055,43.79999923706055,0,0,0,0,0,0,0,0,0,0,0,0,0,0,0,0,0,0,0,0,0,1,0
0,1,1,63,0,0,59.0,3707.60009765625,0,1,0,1,0,0,1,0,1,0,1,0,0,0,1,0,1,0,0,1,0,1,0
0,0,0,3,1,1,69.94999694824219,220.4499969482422,0,0,0,0,0,0,0,0,0,0,1,0,0,0,1,0,1,0,1,0,0,1,0
0,0,0,48,1,0,24.350000381469727,1133.699951171875,0,0,1,0,0,1,0,1,0,1,0,1,0,1,0,1,0,1,1,0,0,0,0
0,0,0,66,0,0,29.450000762939453,1983.1500244140625,0,1,0,1,0,0,0,0,0,0,0,0,1,0,0,0,0,0,1,0,1,0,0
0,1,1,68,1,1,84.4000015258789,5746.75,0,0,1,0,1,0,0,0,1,0,1,0,0,0,0,0,0,0,0,1,1,0,0
1,0,0,17,1,1,45.04999923706055,770.5999755859375,1,1,0,0,0,0,0,0,0,0,0,0,0,0,0,0,0,0,0,0,0,1,0
0,1,1,7,1,0,20.649999618530273,134.0500030517578,0,0,0,0,0,1,0,1,0,1,0,1,0,1,0,1,0,1,1,0,0,0,1
0,1,0,72,1,1,87.0999984741211,6230.10009765625,0,1,1,0,0,0,1,0,1,0,1,0,1,0,1,0,1,0,0,1,0,0,0
0,1,0,29,1,0,19.850000381469727,573.0499877929688,0,0,0,0,0,1,0,1,0,1,0,1,0,1,0,1,0,1,0,0,0,0,1
0,1,0,37,1,1,90.3499984741211,3419.300048828125,0,1,0,0,1,0,0,0,0,0,1,0,1,0,0,0,1,0,0,0,0,1,0
0,0,0,34,1,1,109.80000305175781,3587.25,1,0,1,0,1,0,1,0,1,0,1,0,0,0,1,0,1,0,0,0,0,0,1
1,0,0,42,1,1,84.6500015258789,3541.35009765625,1,0,1,0,1,0,0,0,0,0,0,0,0,0,1,0,0,0,0,0,0,1,0
0,1,1,59,1,0,65.5,3801.300048828125,0,0,1,0,0,0,1,0,1,0,0,0,1,0,0,0,0,0,1,0,0,0,1
0,1,1,11,1,1,79.5,868.5,1,1,0,0,1,0,0,0,0,0,0,0,0,0,1,0,0,0,0,0,0,0,0
1,1,1,60,1,1,80.94999694824219,4859.10009765625,0,1,1,0,1,0,1,0,0,0,0,0,0,0,0,0,0,0,0,0,0,1,0
0,0,0,27,1,1,56.150001525878906,1439.3499755859375,0,0,0,0,0,0,0,0,1,0,0,0,1,0,0,0,0,0,0,0,0,0,1
0,0,0,1,1,0,85.80000305175781,85.80000305175781,1,0,1,0,1,0,0,0,0,0,0,0,0,0,0,0,1,0,0,0,0,0,1
1,0,0,1,1,1,79.0999984741211,79.0999984741211,1,1,0,0,1,0,0,0,0,0,0,0,0,0,1,0,0,0,0,0,0,1,0
0,1,0,17,0,0,34.400001525878906,592.75,0,1,0,1,0,0,1,0,0,0,1,0,0,0,0,0,0,0,0,0,0,0,1
0,1,0,58,1,0,20.75,1185.949951171875,0,1,0,0,0,1,0,1,0,1,0,1,0,1,0,1,0,1,0,1,0,0,1
0,1,1,1,1,0,18.799999237060547,18.799999237060547,0,1,0,0,0,1,0,1,0,1,0,1,0,1,0,1,0,1,1,0,0,0,1
0,1,1,3,1,0,44.29999923706055,134.5,1,0,0,0,0,0,0,0,0,0,0,0,0,0,0,0,0,0,0,0,0,0,1
0,0,0,53,1,0,90.80000305175781,4921.2001953125,0,0,1,0,1,0,1,0,1,0,1,0,0,0,0,0,0,0,0,0,0,1,0
0,0,0,35,1,1,25.600000381469727,901.25,0,1,1,0,0,1,0,1,0,1,0,1,0,1,0,1,0,1,0,0,0,1,0
0,1,1,50,1,0,105.94999694824219,5341.7998046875,1,1,1,0,1,0,1,0,0,0,1,0,0,0,1,0,1,0,0,0,1,0,0
0,1,1,68,1,0,70.80000305175781,4859.9501953125,0,1,1,0,0,0,0,0,1,0,0,0,1,0,0,0,1,0,0,1,1,0,0
0,1,0,47,1,0,25.399999618530273,1139.199951171875,0,1,1,0,0,1,0,1,0,1,0,1,0,1,0,1,0,1,0,0,0,1,0
1,1,0,65,1,1,108.80000305175781,7082.4501953125,0,0,1,0,1,0,0,0,1,0,1,0,0,0,1,0,1,0,0,0,0,0,0
0,0,0,5,1,1,69.75,324.6000061035156,1,1,0,0,1,0,0,0,0,0,0,0,0,0,0,0,0,0,0,0,0,1,0
0,1,0,51,1,1,94.6500015258789,4812.75,1,1,1,0,1,0,0,0,0,0,0,0,0,0,1,0,1,0,0,0,0,1,0
0,0,0,46,1,0,96.05000305175781,4399.5,1,0,1,0,1,0,0,0,0,0,0,0,0,0,1,0,1,0,0,0,0,0,0
0,0,0,9,1,1,76.8499984741211,663.5499877929688,0,0,1,0,1,0,0,0,0,0,0,0,0,0,0,0,0,0,0,0,0,1,0
0,0,0,8,1,0,20.25,174.64999389648438,0,0,0,0,0,1,0,1,0,1,0,1,0,1,0,1,0,1,0,1,0,0,1
0,0,0,14,1,1,24.799999237060547,321.70001220703125,0,1,1,0,0,1,0,1,0,1,0,1,0,1,0,1,0,1,1,0,1,0,0
0,0,0,45,1,1,115.6500015258789,5125.5,0,0,1,0,1,0,1,0,1,0,1,0,1,0,1,0,1,0,0,0,0,1,0
0,0,0,8,1,1,74.5999984741211,548.9000244140625,0,0,1,0,1,0,0,0,0,0,0,0,0,0,0,0,0,0,0,0,1,0,0
1,0,1,1,1,1,50.150001525878906,50.150001525878906,1,1,0,0,0,0,0,0,0,0,1,0,0,0,0,0,0,0,0,0,0,0,1
0,1,1,66,1,1,103.1500015258789,7031.2998046875,0,1,0,0,1,0,1,0,1,0,1,0,0,0,1,0,1,0,1,0,0,0,0
0,1,1,72,1,0,72.0999984741211,5016.64990234375,0,1,1,0,0,0,1,0,1,0,1,0,1,0,0,0,0,0,0,1,1,0,0
0,1,0,41,1,1,113.5999984741211,4594.9501953125,1,0,1,0,1,0,1,0,1,0,1,0,1,0,1,0,1,0,0,0,0,0,0
0,1,1,23,1,0,25.100000381469727,611.4500122070312,0,0,1,0,0,1,0,1,0,1,0,1,0,1,0,1,0,1,0,1,0,0,1
0,0,0,29,1,1,78.9000015258789,2384.14990234375,1,0,0,0,1,0,0,0,0,0,0,0,0,0,1,0,0,0,0,0,0,1,0
0,0,0,4,1,1,80.1500015258789,319.8500061035156,0,0,1,0,1,0,1,0,0,0,0,0,0,0,0,0,0,0,0,0,0,1,0
0,1,1,6,1,0,25.399999618530273,153.3000030517578,0,1,1,0,0,1,0,1,0,1,0,1,0,1,0,1,0,1,0,1,0,0,1
1,1,0,67,1,1,105.4000015258789,7035.60009765625,0,0,1,0,1,0,1,0,1,0,1,0,1,0,0,0,1,0,1,0,1,0,0
1,0,1,7,1,1,45.75,344.20001220703125,0,1,0,0,0,0,0,0,0,0,0,0,0,0,0,0,0,0,0,0,0,0,1
0,1,1,56,1,1,24.450000762939453,1431.6500244140625,0,1,1,0,0,1,0,1,0,1,0,1,0,1,0,1,0,1,1,0,0,0,1
0,1,0,72,1,0,25.0,1849.199951171875,0,0,1,0,0,1,0,1,0,1,0,1,0,1,0,1,0,1,0,1,1,0,0
0,1,0,72,1,1,85.25,6083.10009765625,0,1,1,0,0,0,1,0,1,0,1,0,0,0,1,0,1,0,0,1,0,1,0
0,1,1,23,1,0,19.600000381469727,426.6499938964844,0,1,0,0,0,1,0,1,0,1,0,1,0,1,0,1,0,1,0,1,1,0,0
0,0,1,35,1,0,50.150001525878906,1655.3499755859375,0,0,1,0,0,0,0,0,0,0,0,0,0,0,0,0,0,0,0,0,0,0,1
1,1,0,27,1,1,70.55000305175781,1943.9000244140625,0,1,0,0,1,0,0,0,0,0,0,0,0,0,0,0,0,0,0,0,0,1,0
0,1,1,26,1,1,60.04999923706055,1616.1500244140625,1,0,1,0,0,0,0,0,1,0,0,0,1,0,0,0,0,0,0,0,0,1,0
0,1,1,12,1,0,26.399999618530273,314.95001220703125,0,1,1,0,0,1,0,1,0,1,0,1,0,1,0,1,0,1,1,0,0,0,1
0,0,0,40,1,0,20.149999618530273,804.8499755859375,0,0,0,0,0,1,0,1,0,1,0,1,0,1,0,1,0,1,0,1,0,0,1
0,1,1,7,0,0,58.849998474121094,465.70001220703125,0,1,0,1,0,0,1,0,1,0,1,0,0,0,1,0,1,0,0,0,0,0,1
0,1,1,70,1,1,97.55000305175781,6669.0498046875,0,1,1,0,1,0,1,0,1,0,0,0,0,0,1,0,0,0,0,0,1,0,0
0,1,1,60,1,0,19.649999618530273,1161.75,0,1,0,0,0,1,0,1,0,1,0,1,0,1,0,1,0,1,0,1,1,0,0
0,1,1,39,0,1,25.25,947.75,0,1,0,1,0,0,0,0,0,0,0,0,0,0,0,0,0,0,1,0,1,0,0
0,1,0,72,1,0,114.44999694824219,8375.0498046875,0,1,1,0,1,0,1,0,1,0,1,0,1,0,1,0,1,0,0,1,1,0,0
0,0,0,1,0,1,34.70000076293945,34.70000076293945,1,0,0,1,0,0,0,0,0,0,0,0,0,0,1,0,0,0,0,0,0,1,0
0,1,1,54,1,1,70.69999694824219,3770.0,0,1,1,0,0,0,0,0,1,0,0,0,1,0,1,0,0,0,1,0,0,1,0
0,0,0,3,1,1,85.30000305175781,264.79998779296875,1,1,1,0,1,0,0,0,0,0,0,0,0,0,0,0,1,0,0,0,0,1,0
0,1,1,63,1,0,75.55000305175781,4707.85009765625,0,0,0,0,0,0,1,0,1,0,1,0,1,0,1,0,0,0,0,1,1,0,0
0,1,1,71,1,1,84.80000305175781,6152.39990234375,0,1,1,0,1,0,0,0,1,0,0,0,1,0,0,0,0,0,0,1,0,1,0
0,0,0,42,1,1,20.649999618530273,958.0999755859375,0,0,0,0,0,1,0,1,0,1,0,1,0,1,0,1,0,1,1,0,0,0,1
0,0,0,47,1,0,20.450000762939453,943.0,0,1,0,0,0,1,0,1,0,1,0,1,0,1,0,1,0,1,0,1,0,0,0
0,1,1,66,1,1,102.44999694824219,6615.14990234375,1,0,1,0,1,0,0,0,1,0,1,0,0,0,1,0,1,0,1,0,1,0,0
0,1,0,21,1,1,104.4000015258789,2200.25,1,0,1,0,1,0,1,0,0,0,1,0,0,0,1,0,1,0,0,0,0,0,0
0,0,0,11,0,1,35.650001525878906,425.1000061035156,0,1,0,1,0,0,0,0,1,0,0,0,1,0,0,0,0,0,0,0,0,1,0
0,0,1,1,1,1,99.75,99.75,1,1,1,0,1,0,0,0,0,0,1,0,0,0,1,0,1,0,0,0,0,1,0
1,1,0,55,1,0,90.44999694824219,5044.7998046875,0,0,1,0,1,0,0,0,1,0,1,0,1,0,0,0,0,0,0,0,0,1,0
0,0,0,69,1,1,97.6500015258789,6743.5498046875,0,1,1,0,1,0,0,0,1,0,1,0,1,0,1,0,0,0,0,1,1,0,0
1,0,0,3,1,0,73.8499984741211,196.39999389648438,0,0,0,0,1,0,0,0,0,0,1,0,0,0,0,0,0,0,0,0,0,1,0
0,0,0,4,1,1,74.4000015258789,299.70001220703125,1,1,0,0,0,0,0,0,0,0,1,0,1,0,1,0,1,0,0,0,0,1,0
1,0,0,30,1,1,69.0999984741211,2093.89990234375,0,1,1,0,0,0,0,0,0,0,1,0,1,0,1,0,0,0,0,1,1,0,0
0,0,0,5,1,1,82.75,417.75,0,0,1,0,1,0,0,0,0,0,1,0,1,0,0,0,0,0,0,0,0,1,0
0,1,0,71,1,1,24.399999618530273,1725.4000244140625,0,0,1,0,0,1,0,1,0,1,0,1,0,1,0,1,0,1,0,1,1,0,0
0,0,0,29,1,1,55.25,1620.199951171875,0,0,1,0,0,0,0,0,1,0,0,0,0,0,0,0,0,0,1,0,0,1,0
0,1,0,52,1,0,61.349998474121094,3169.550048828125,0,1,1,0,0,0,0,0,1,0,0,0,1,0,0,0,0,0,0,0,0,0,0
0,0,0,68,1,0,76.75,5233.25,0,1,1,0,0,0,1,0,1,0,1,0,0,0,0,0,1,0,1,0,1,0,0
0,1,1,46,1,0,19.399999618530273,967.8499755859375,0,0,0,0,0,1,0,1,0,1,0,1,0,1,0,1,0,1,0,1,0,0,1
0,0,0,8,1,1,54.75,438.04998779296875,0,1,0,0,0,0,0,0,0,0,0,0,0,0,0,0,1,0,0,0,1,0,0
0,1,0,72,1,0,19.700000762939453,1421.9000244140625,0,1,0,0,0,1,0,1,0,1,0,1,0,1,0,1,0,1,0,1,1,0,0
0,0,0,17,1,0,19.899999618530273,323.1499938964844,0,0,0,0,0,1,0,1,0,1,0,1,0,1,0,1,0,1,1,0,0,0,0
0,0,0,3,1,1,107.94999694824219,318.6000061035156,0,1,0,0,1,0,0,0,1,0,1,0,1,0,1,0,1,0,0,0,0,1,0
1,0,0,2,1,1,83.80000305175781,163.6999969482422,0,0,0,0,1,0,0,0,1,0,0,0,0,0,1,0,0,0,0,0,0,0,0
0,0,0,9,1,1,74.25,639.6500244140625,1,0,0,0,1,0,1,0,0,0,0,0,0,0,0,0,0,0,0,0,1,0,0
0,0,0,51,0,1,56.400001525878906,2928.5,0,0,0,1,0,0,0,0,1,0,1,0,0,0,1,0,1,0,1,0,1,0,0
0,1,1,6,1,0,20.100000381469727,100.3499984741211,0,0,0,0,0,1,0,1,0,1,0,1,0,1,0,1,0,1,0,1,0,0,1
0,1,0,3,1,0,94.9000015258789,273.20001220703125,0,0,1,0,1,0,0,0,0,0,0,0,0,0,1,0,1,0,0,0,0,1,0
1,0,0,17,1,1,94.19999694824219,1608.1500244140625,0,0,1,0,1,0,0,0,0,0,0,0,0,0,1,0,1,0,0,0,0,1,0
0,1,0,30,1,0,49.900001525878906,1441.949951171875,0,1,1,0,0,0,0,0,0,0,0,0,0,0,0,0,0,0,0,0,0,1,0
0,0,0,31,1,1,71.05000305175781,2168.14990234375,0,1,1,0,0,0,0,0,1,0,0,0,1,0,1,0,0,0,0,0,0,1,0
0,0,0,45,1,0,81.6500015258789,3618.699951171875,0,0,0,0,0,0,1,0,0,0,1,0,1,0,1,0,1,0,0,1,0,0,0
0,1,0,64,1,0,89.44999694824219,5692.64990234375,0,1,1,0,1,0,1,0,1,0,1,0,0,0,0,0,0,0,1,0,0,0,0
0,0,0,1,1,1,59.849998474121094,59.849998474121094,1,1,1,0,0,0,0,0,0,0,0,0,0,0,1,0,0,0,0,0,0,1,0
1,0,0,1,1,1,69.5999984741211,69.5999984741211,1,0,0,0,1,0,0,0,0,0,0,0,0,0,0,0,0,0,0,0,0,1,0
1,1,1,61,1,0,99.0,5969.2998046875,0,1,1,0,1,0,0,0,1,0,0,0,0,0,1,0,1,0,1,0,0,1,0
0,0,0,1,1,0,19.049999237060547,19.049999237060547,0,1,0,0,0,1,0,1,0,1,0,1,0,1,0,1,0,1,0,0,0,0,1
0,0,0,9,0,1,45.400001525878906,418.79998779296875,1,1,0,1,0,0,0,0,0,0,0,0,0,0,1,0,1,0,0,0,0,1,0
0,1,1,72,1,0,114.44999694824219,8100.5498046875,0,1,1,0,1,0,1,0,1,0,1,0,1,0,1,0,1,0,0,1,0,0,0
0,0,0,1,1,0,19.5,19.5,1,0,0,0,0,1,0,1,0,1,0,1,0,1,0,1,0,1,0,0,0,0,1
0,1,0,7,1,1,44.25,313.45001220703125,0,0,0,0,0,0,0,0,0,0,0,0,0,0,0,0,0,0,0,0,0,0,1
0,1,0,66,1,1,90.55000305175781,6130.9501953125,0,0,1,0,1,0,0,0,1,0,1,0,1,0,0,0,0,0,1,0,0,0,0
0,0,0,1,1,1,69.9000015258789,69.9000015258789,1,1,0,0,1,0,0,0,0,0,0,0,0,0,0,0,0,0,0,0,0,1,0
0,1,1,40,1,1,20.399999618530273,745.2999877929688,0,1,0,0,0,1,0,1,0,1,0,1,0,1,0,1,0,1,0,0,0,0,0
0,0,0,16,1,1,71.4000015258789,1212.0999755859375,0,1,1,0,0,0,0,0,1,0,1,0,0,0,0,0,1,0,0,0,0,0,0
0,0,0,2,1,1,87.1500015258789,183.75,1,0,0,0,1,0,0,0,1,0,0,0,0,0,1,0,0,0,0,0,0,0,0
0,1,0,67,1,0,24.850000381469727,1583.5,0,1,1,0,0,1,0,1,0,1,0,1,0,1,0,1,0,1,0,1,1,0,0
0,1,0,41,1,1,104.44999694824219,4162.0498046875,0,0,0,0,1,0,1,0,1,0,1,0,0,0,1,0,1,0,1,0,0,0,0
0,1,1,56,1,1,19.799999237060547,1119.9000244140625,0,0,0,0,0,1,0,1,0,1,0,1,0,1,0,1,0,1,0,1,1,0,0
0,0,0,72,1,1,116.44999694824219,8013.5498046875,0,0,1,0,1,0,1,0,1,0,1,0,1,0,1,0,1,0,0,1,0,0,0
0,1,1,3,1,1,84.75,264.8500061035156,1,0,1,0,1,0,0,0,0,0,0,0,0,0,0,0,1,0,0,0,0,0,0
0,1,0,54,1,0,20.049999237060547,1102.4000244140625,0,0,0,0,0,1,0,1,0,1,0,1,0,1,0,1,0,1,0,1,1,0,0
1,0,0,52,1,1,110.75,5832.0,0,1,1,0,1,0,0,0,1,0,1,0,1,0,1,0,1,0,0,0,0,1,0
0,0,0,50,1,1,89.69999694824219,4304.5,0,0,0,0,1,0,0,0,0,0,1,0,1,0,0,0,1,0,0,1,0,0,0
0,0,0,14,1,1,89.94999694824219,1178.4000244140625,1,1,1,0,1,0,0,0,0,0,0,0,1,0,1,0,0,0,0,0,0,1,0
0,1,0,27,1,0,48.70000076293945,1421.75,0,1,0,0,0,0,1,0,0,0,0,0,0,0,0,0,0,0,1,0,1,0,0
1,1,0,72,1,1,96.5999984741211,6827.5,0,0,1,0,1,0,1,0,1,0,1,0,1,0,0,0,0,0,0,1,0,0,0
0,0,0,62,1,1,74.30000305175781,4698.0498046875,0,1,0,0,0,0,1,0,1,0,0,0,0,0,1,0,1,0,1,0,1,0,0
0,0,0,12,1,1,54.29999923706055,654.5,0,0,0,0,0,0,0,0,1,0,0,0,1,0,0,0,0,0,0,0,0,1,0
1,0,0,44,1,0,74.8499984741211,3268.050048828125,0,0,0,0,0,0,0,0,0,0,1,0,1,0,1,0,1,0,1,0,0,0,0
0,1,1,54,1,1,79.94999694824219,4362.0498046875,0,1,0,0,1,0,0,0,1,0,0,0,1,0,0,0,0,0,0,1,0,0,0
0,0,0,68,1,0,20.049999237060547,1386.9000244140625,0,0,0,0,0,1,0,1,0,1,0,1,0,1,0,1,0,1,0,1,0,0,0
0,0,0,20,1,0,19.399999618530273,415.3999938964844,0,1,0,0,0,1,0,1,0,1,0,1,0,1,0,1,0,1,0,0,0,0,1
0,1,1,50,1,0,54.900001525878906,2614.10009765625,0,1,1,0,0,0,0,0,0,0,1,0,0,0,0,0,0,0,1,0,0,0,0
0,0,0,58,1,1,24.450000762939453,1513.5999755859375,0,1,1,0,0,1,0,1,0,1,0,1,0,1,0,1,0,1,0,1,1,0,0
0,1,1,35,1,1,89.6500015258789,3161.60009765625,0,1,1,0,1,0,0,0,1,0,0,0,0,0,1,0,0,0,0,0,0,0,0
0,0,0,2,1,1,45.400001525878906,80.94999694824219,0,0,0,0,0,0,0,0,0,0,0,0,0,0,0,0,0,0,0,0,0,1,0
0,1,1,63,1,0,75.69999694824219,4676.7001953125,0,1,1,0,0,0,1,0,0,0,1,0,1,0,0,0,1,0,0,1,0,0,1
0,1,0,58,1,1,110.6500015258789,6526.64990234375,0,0,1,0,1,0,1,0,1,0,1,0,0,0,1,0,1,0,1,0,1,0,0
0,1,1,27,1,1,20.549999237060547,583.2999877929688,0,0,0,0,0,1,0,1,0,1,0,1,0,1,0,1,0,1,1,0,0,0,1
0,1,0,71,1,1,115.1500015258789,8078.10009765625,0,0,1,0,1,0,1,0,1,0,1,0,1,0,1,0,1,0,0,1,1,0,0
0,0,0,63,1,0,58.54999923706055,3503.5,0,0,0,0,0,0,0,0,0,0,1,0,0,0,0,0,1,0,1,0,1,0,0
0,1,0,71,1,1,93.25,6669.4501953125,0,1,1,0,1,0,0,0,1,0,1,0,0,0,0,0,1,0,0,0,0,0,0
1,0,0,41,1,1,113.19999694824219,4689.5,1,0,1,0,1,0,1,0,1,0,1,0,0,0,1,0,1,0,0,0,0,1,0
1,0,0,13,1,1,90.5,1201.1500244140625,1,1,0,0,1,0,0,0,0,0,0,0,0,0,1,0,1,0,0,0,0,1,0
0,0,0,2,1,0,79.0,143.64999389648438,1,1,0,0,1,0,0,0,0,0,0,0,0,0,1,0,0,0,0,0,0,1,0
0,1,1,68,1,1,19.350000381469727,1292.6500244140625,0,0,0,0,0,1,0,1,0,1,0,1,0,1,0,1,0,1,0,1,0,0,0
0,1,1,1,1,1,48.75,48.75,0,1,0,0,0,0,1,0,0,0,0,0,0,0,0,0,0,0,0,0,0,0,1
1,0,0,65,1,1,109.05000305175781,7108.2001953125,0,1,1,0,1,0,1,0,0,0,1,0,1,0,1,0,1,0,0,1,0,1,0
1,1,0,72,1,1,25.0,1802.550048828125,0,1,1,0,0,1,0,1,0,1,0,1,0,1,0,1,0,1,0,1,0,0,0
0,0,0,28,1,1,54.900001525878906,1505.1500244140625,0,0,1,0,0,0,0,0,0,0,0,0,1,0,0,0,0,0,0,0,1,0,0
0,1,1,72,1,0,24.75,1859.0999755859375,0,1,1,0,0,1,0,1,0,1,0,1,0,1,0,1,0,1,0,1,1,0,0
0,0,0,2,1,1,91.1500015258789,168.5,0,0,0,0,1,0,1,0,1,0,0,0,0,0,1,0,0,0,0,0,0,1,0
0,0,1,18,1,0,20.149999618530273,390.8500061035156,1,0,0,0,0,1,0,1,0,1,0,1,0,1,0,1,0,1,1,0,0,0,0
1,1,0,60,1,1,104.3499984741211,6339.4501953125,0,1,1,0,1,0,0,0,1,0,1,0,0,0,1,0,1,0,1,0,0,1,0
1,0,0,26,1,1,66.05000305175781,1652.4000244140625,0,0,1,0,0,0,0,0,0,0,0,0,1,0,0,0,1,0,0,0,0,1,0
0,0,1,1,1,1,71.6500015258789,71.6500015258789,1,1,0,0,1,0,0,0,0,0,0,0,0,0,0,0,0,0,0,0,0,1,0
0,0,0,4,1,0,20.350000381469727,77.5,1,0,0,0,0,1,0,1,0,1,0,1,0,1,0,1,0,1,0,0,0,0,1
0,1,1,68,1,1,92.19999694824219,6392.85009765625,0,1,1,0,0,0,1,0,1,0,1,0,1,0,1,0,1,0,0,1,1,0,0
0,0,0,38,1,1,84.25,3264.5,1,0,0,0,1,0,0,0,1,0,1,0,1,0,0,0,0,0,0,0,1,0,0
1,1,0,42,1,1,105.19999694824219,4599.14990234375,0,0,1,0,1,0,1,0,0,0,1,0,0,0,1,0,1,0,1,0,0,0,0
0,1,0,57,1,1,19.600000381469727,1134.25,0,0,0,0,0,1,0,1,0,1,0,1,0,1,0,1,0,1,0,1,0,0,0
0,1,0,54,0,0,30.399999618530273,1621.3499755859375,0,1,0,1,0,0,0,0,1,0,0,0,0,0,0,0,0,0,0,0,0,1,0
0,0,0,12,1,0,78.0999984741211,947.2999877929688,1,0,0,0,1,0,0,0,0,0,0,0,0,0,0,0,1,0,0,0,0,0,0
0,1,0,44,1,1,61.5,2722.199951171875,0,0,0,0,0,0,1,0,1,0,1,0,0,0,0,0,0,0,1,0,0,0,1
0,1,1,42,1,1,69.4000015258789,3058.300048828125,0,1,1,0,0,0,1,0,1,0,0,0,0,0,1,0,0,0,0,0,0,0,0
0,1,1,72,1,0,24.75,1769.5999755859375,0,1,1,0,0,1,0,1,0,1,0,1,0,1,0,1,0,1,0,1,0,0,0
0,1,1,71,1,0,91.05000305175781,6293.75,0,0,1,0,0,0,1,0,1,0,1,0,1,0,1,0,1,0,0,1,0,0,1
0,1,0,19,1,0,89.6500015258789,1761.050048828125,1,0,1,0,1,0,0,0,0,0,1,0,0,0,0,0,1,0,0,0,0,0,1
0,1,0,23,1,1,73.6500015258789,1642.75,0,0,1,0,0,0,0,0,0,0,0,0,1,0,1,0,1,0,0,0,1,0,0
0,0,0,30,1,0,19.399999618530273,578.5,0,0,0,0,0,1,0,1,0,1,0,1,0,1,0,1,0,1,0,1,1,0,0
0,0,0,35,1,0,26.200000762939453,954.9000244140625,0,1,1,0,0,1,0,1,0,1,0,1,0,1,0,1,0,1,1,0,0,0,0
0,0,0,10,1,1,98.69999694824219,973.25,1,0,1,0,1,0,1,0,0,0,0,0,0,0,1,0,1,0,0,0,0,1,0
0,0,0,1,1,1,43.849998474121094,43.849998474121094,0,1,0,0,0,0,0,0,0,0,0,0,0,0,0,0,0,0,0,0,0,0,0
0,0,0,22,1,1,69.69999694824219,1490.4000244140625,0,1,0,0,1,0,0,0,0,0,0,0,0,0,0,0,0,0,0,0,0,0,1
0,1,1,7,0,0,38.54999923706055,280.0,0,1,0,1,0,0,1,0,1,0,1,0,0,0,0,0,0,0,0,1,0,0,1
0,0,0,36,0,1,53.099998474121094,1901.25,0,0,0,1,0,0,1,0,1,0,1,0,1,0,0,0,1,0,0,1,0,0,1
0,1,1,34,1,0,20.649999618530273,716.4000244140625,0,0,0,0,0,1,0,1,0,1,0,1,0,1,0,1,0,1,0,0,0,0,1
0,1,1,72,1,0,64.44999694824219,4720.0,0,1,1,0,0,0,1,0,1,0,1,0,0,0,0,0,0,0,0,1,1,0,0
0,1,1,36,1,0,25.100000381469727,930.9500122070312,0,1,1,0,0,1,0,1,0,1,0,1,0,1,0,1,0,1,0,1,1,0,0
0,0,0,1,1,0,76.3499984741211,76.3499984741211,1,0,0,0,1,0,0,0,0,0,1,0,0,0,0,0,0,0,0,0,0,1,0
0,0,0,23,1,1,79.1500015258789,1676.949951171875,1,0,1,0,1,0,0,0,1,0,0,0,0,0,0,0,0,0,0,0,0,1,0
1,1,0,32,1,1,85.0,2642.050048828125,1,1,1,0,1,0,0,0,0,0,0,0,0,0,0,0,1,0,0,0,0,1,0
0,1,1,71,1,1,95.1500015258789,6770.85009765625,0,0,1,0,1,0,1,0,1,0,1,0,1,0,0,0,0,0,1,0,1,0,0
1,0,0,23,1,1,79.3499984741211,1835.300048828125,0,0,1,0,1,0,0,0,0,0,1,0,0,0,0,0,0,0,0,0,0,0,1
0,1,0,17,1,1,96.6500015258789,1588.25,0,1,0,0,1,0,0,0,0,0,1,0,0,0,1,0,1,0,1,0,0,0,0
0,0,0,1,1,1,75.5,75.5,0,1,0,0,0,0,0,0,0,0,1,0,1,0,1,0,1,0,0,0,0,1,0
0,1,1,12,1,0,19.700000762939453,258.3500061035156,0,1,0,0,0,1,0,1,0,1,0,1,0,1,0,1,0,1,0,1,0,0,1
0,1,0,72,1,0,20.5,1502.25,0,0,0,0,0,1,0,1,0,1,0,1,0,1,0,1,0,1,0,1,1,0,0
0,0,0,1,1,0,19.200000762939453,19.200000762939453,0,1,0,0,0,1,0,1,0,1,0,1,0,1,0,1,0,1,0,0,0,0,1
1,1,0,72,1,0,98.3499984741211,6929.39990234375,0,1,1,0,1,0,0,0,1,0,0,0,0,0,1,0,1,0,0,1,0,0,0
0,1,1,60,1,0,74.3499984741211,4453.2998046875,0,1,1,0,1,0,0,0,0,0,0,0,0,0,0,0,0,0,0,0,0,0,0
0,1,1,61,0,0,51.349998474121094,3244.39990234375,0,0,0,1,0,0,0,0,1,0,1,0,1,0,1,0,0,0,0,1,1,0,0
0,1,0,6,1,0,45.650001525878906,323.45001220703125,0,0,0,0,0,0,0,0,0,0,0,0,0,0,0,0,0,0,0,0,0,0,1
1,1,0,32,1,0,85.30000305175781,2661.10009765625,1,1,1,0,1,0,0,0,0,0,0,0,0,0,0,0,1,0,0,0,0,1,0
0,0,1,31,1,1,86.55000305175781,2697.39990234375,1,0,1,0,1,0,0,0,0,0,0,0,0,0,1,0,0,0,0,0,1,0,0
0,0,0,19,1,1,73.8499984741211,1424.5,1,1,0,0,1,0,0,0,1,0,0,0,0,0,0,0,0,0,0,0,1,0,0
0,1,1,72,1,0,20.299999237060547,1401.1500244140625,0,1,0,0,0,1,0,1,0,1,0,1,0,1,0,1,0,1,0,1,0,0,0
0,0,0,32,1,1,54.20000076293945,1739.5999755859375,0,0,1,0,0,0,0,0,1,0,0,0,0,0,0,0,0,0,0,0,0,1,0
0,1,0,65,1,1,90.6500015258789,5931.0,0,1,1,0,1,0,0,0,1,0,0,0,0,0,0,0,1,0,0,0,0,1,0
0,1,1,45,0,1,50.900001525878906,2333.85009765625,0,0,0,1,0,0,1,0,0,0,0,0,0,0,1,0,1,0,0,0,0,0,0
0,0,0,42,1,0,25.049999237060547,949.8499755859375,0,1,1,0,0,1,0,1,0,1,0,1,0,1,0,1,0,1,1,0,0,1,0
0,0,0,8,1,1,74.8499984741211,572.4500122070312,0,1,1,0,1,0,0,0,0,0,0,0,0,0,0,0,0,0,0,0,0,1,0
0,0,1,32,1,0,20.5,696.7999877929688,0,1,0,0,0,1,0,1,0,1,0,1,0,1,0,1,0,1,0,1,0,0,1
1,1,0,22,1,1,63.54999923706055,1381.800048828125,0,0,1,0,0,0,1,0,1,0,0,0,1,0,0,0,0,0,0,0,0,0,1
1,1,0,57,0,1,44.849998474121094,2572.949951171875,1,1,0,1,0,0,0,0,0,0,0,0,0,0,1,0,1,0,0,0,0,1,0
0,0,0,1,1,0,47.95000076293945,47.95000076293945,0,1,0,0,0,0,1,0,0,0,0,0,0,0,0,0,0,0,0,0,0,1,0
1,0,0,1,1,0,45.099998474121094,45.099998474121094,1,1,0,0,0,0,0,0,0,0,0,0,0,0,0,0,0,0,0,0,0,1,0
0,1,0,1,1,1,45.0,45.0,0,0,0,0,0,0,0,0,0,0,0,0,0,0,0,0,0,0,0,0,0,1,0
0,0,0,24,1,1,96.0,2122.449951171875,1,1,0,0,1,0,0,0,0,0,0,0,1,0,1,0,1,0,0,0,0,1,0
0,0,0,1,1,0,20.049999237060547,20.049999237060547,1,1,0,0,0,1,0,1,0,1,0,1,0,1,0,1,0,1,0,0,0,0,0
1,0,0,54,1,1,90.05000305175781,4931.7998046875,0,1,1,0,1,0,0,0,1,0,0,0,0,0,0,0,1,0,0,0,0,1,0
0,0,0,4,1,1,25.299999237060547,116.94999694824219,0,0,1,0,0,1,0,1,0,1,0,1,0,1,0,1,0,1,0,1,1,0,0
0,1,1,65,1,0,108.6500015258789,6937.9501953125,1,1,1,0,1,0,1,0,0,0,1,0,1,0,1,0,1,0,0,1,0,0,0
0,1,0,56,1,0,24.299999237060547,1261.699951171875,0,0,1,0,0,1,0,1,0,1,0,1,0,1,0,1,0,1,1,0,0,1,0
0,0,0,45,1,1,75.94999694824219,3273.800048828125,0,1,0,0,0,0,1,0,0,0,1,0,0,0,1,0,1,0,0,0,0,1,0
0,1,1,71,1,0,19.700000762939453,1415.8499755859375,0,0,0,0,0,1,0,1,0,1,0,1,0,1,0,1,0,1,0,1,1,0,0
0,1,0,59,1,0,66.4000015258789,3958.199951171875,0,1,0,0,0,0,1,0,1,0,1,0,0,0,1,0,0,0,1,0,1,0,0
0,0,0,69,0,1,35.75,2492.25,0,1,0,1,0,0,0,0,1,0,1,0,0,0,0,0,0,0,1,0,0,0,0
0,0,0,19,1,0,18.799999237060547,279.20001220703125,0,1,0,0,0,1,0,1,0,1,0,1,0,1,0,1,0,1,1,0,0,0,1
0,1,1,55,1,0,19.399999618530273,1083.0,0,0,0,0,0,1,0,1,0,1,0,1,0,1,0,1,0,1,0,1,1,0,0
0,0,0,38,1,0,19.299999237060547,755.5,0,0,0,0,0,1,0,1,0,1,0,1,0,1,0,1,0,1,1,0,0,0,1
0,0,0,10,1,1,45.54999923706055,402.6000061035156,1,1,0,0,0,0,0,0,0,0,0,0,0,0,0,0,0,0,0,0,0,1,0
1,1,0,47,1,1,67.44999694824219,3252.0,0,0,1,0,0,0,1,0,1,0,1,0,0,0,0,0,0,0,0,0,1,0,0
0,1,0,2,0,1,35.099998474121094,68.75,1,0,0,1,0,0,0,0,0,0,0,0,0,0,0,0,1,0,0,0,0,1,0
0,0,0,1,1,0,46.20000076293945,46.20000076293945,1,1,0,0,0,0,0,0,0,0,0,0,0,0,0,0,0,0,0,0,1,0,0
0,0,0,1,1,0,45.150001525878906,45.150001525878906,1,0,0,0,0,0,0,0,0,0,0,0,0,0,0,0,0,0,0,0,0,1,0
1,0,0,1,0,1,43.29999923706055,43.29999923706055,1,1,0,1,0,0,0,0,1,0,1,0,0,0,0,0,1,0,0,0,0,1,0
0,1,1,46,1,1,20.100000381469727,936.8499755859375,0,1,0,0,0,1,0,1,0,1,0,1,0,1,0,1,0,1,0,1,0,0,1
1,0,0,38,1,1,57.150001525878906,2250.64990234375,1,0,0,0,0,0,1,0,1,0,0,0,0,0,0,0,0,0,0,0,1,0,0
0,1,0,65,1,0,58.900001525878906,3857.10009765625,0,0,0,0,0,0,1,0,0,0,1,0,1,0,0,0,0,0,0,1,1,0,0
0,1,0,19,1,1,73.19999694824219,1441.0999755859375,1,0,0,0,1,0,1,0,0,0,0,0,0,0,0,0,0,0,0,0,0,1,0
0,0,0,52,1,1,85.3499984741211,4338.60009765625,1,1,0,0,1,0,0,0,1,0,0,0,0,0,0,0,1,0,0,0,0,1,0
0,1,1,71,1,0,19.450000762939453,1378.449951171875,0,1,0,0,0,1,0,1,0,1,0,1,0,1,0,1,0,1,0,1,0,0,1
0,0,0,1,1,0,45.95000076293945,45.95000076293945,1,0,0,0,0,0,0,0,0,0,0,0,0,0,0,0,0,0,0,0,0,0,1
1,0,0,52,0,1,50.5,2566.300048828125,0,0,0,1,0,0,0,0,1,0,1,0,1,0,1,0,0,0,0,0,0,1,0
0,1,0,6,1,0,25.100000381469727,171.0,0,1,1,0,0,1,0,1,0,1,0,1,0,1,0,1,0,1,1,0,0,0,1
1,1,0,26,1,0,60.70000076293945,1597.4000244140625,0,0,0,0,0,0,0,0,0,0,1,0,0,0,0,0,1,0,1,0,0,0,1
1,0,0,48,1,1,99.0,4744.35009765625,0,1,1,0,1,0,0,0,1,0,0,0,0,0,1,0,1,0,1,0,0,1,0
0,1,1,64,1,1,104.4000015258789,6721.60009765625,0,0,1,0,1,0,1,0,0,0,0,0,1,0,1,0,1,0,1,0,0,0,0
0,0,0,3,1,0,83.75,247.25,1,0,0,0,1,0,0,0,1,0,0,0,0,0,1,0,0,0,0,0,0,1,0
0,0,0,1,1,1,44.04999923706055,44.04999923706055,0,1,0,0,0,0,0,0,0,0,0,0,0,0,0,0,0,0,0,0,0,0,0
0,1,1,72,1,0,24.100000381469727,1734.6500244140625,0,1,1,0,0,1,0,1,0,1,0,1,0,1,0,1,0,1,0,1,1,0,0
0,0,0,1,1,1,45.54999923706055,45.54999923706055,0,1,0,0,0,0,0,0,0,0,0,0,0,0,0,0,0,0,0,0,0,0,1
0,1,1,51,1,1,93.80000305175781,4539.35009765625,0,0,1,0,1,0,1,0,1,0,0,0,0,0,0,0,1,0,0,0,0,1,0
0,1,1,41,1,0,19.700000762939453,804.25,0,0,0,0,0,1,0,1,0,1,0,1,0,1,0,1,0,1,0,1,0,0,0
0,1,1,72,1,1,70.6500015258789,5011.14990234375,0,0,0,0,0,0,1,0,1,0,1,0,0,0,1,0,0,0,0,1,1,0,0
0,1,0,43,1,0,86.44999694824219,3574.5,0,0,1,0,0,0,1,0,1,0,0,0,1,0,1,0,1,0,0,1,1,0,0
0,1,0,72,1,1,114.0999984741211,8086.39990234375,0,1,1,0,1,0,1,0,1,0,1,0,1,0,1,0,1,0,0,1,1,0,0
0,1,0,47,1,1,95.19999694824219,4563.0,0,1,1,0,1,0,0,0,0,0,0,0,0,0,1,0,1,0,1,0,1,0,0
0,0,0,72,1,0,88.55000305175781,6362.35009765625,0,1,1,0,0,0,1,0,1,0,1,0,1,0,1,0,1,0,0,1,1,0,0
0,0,0,3,1,1,20.75,67.0999984741211,0,1,0,0,0,1,0,1,0,1,0,1,0,1,0,1,0,1,0,0,1,0,0
0,0,0,1,1,1,70.05000305175781,70.05000305175781,1,1,0,0,1,0,0,0,0,0,0,0,0,0,0,0,0,0,0,0,0,1,0
0,0,0,2,1,1,86.0,165.4499969482422,1,1,1,0,1,0,0,0,0,0,0,0,0,0,0,0,1,0,0,0,0,1,0
0,0,0,26,0,1,44.650001525878906,1156.550048828125,0,1,0,1,0,0,1,0,1,0,0,0,0,0,0,0,1,0,0,0,0,0,0
0,1,1,29,1,1,60.20000076293945,1834.1500244140625,0,1,0,0,0,0,1,0,0,0,0,0,0,0,0,0,1,0,0,0,0,0,1
1,1,0,35,1,1,100.5,3653.35009765625,1,0,1,0,1,0,1,0,1,0,0,0,1,0,1,0,0,0,0,0,0,0,0
0,0,0,27,1,0,55.45000076293945,1477.6500244140625,0,1,0,0,0,0,1,0,1,0,0,0,0,0,0,0,0,0,1,0,0,0,0
0,1,1,24,1,1,70.30000305175781,1706.449951171875,0,1,0,0,0,0,1,0,1,0,0,0,1,0,0,0,1,0,0,0,1,0,0
0,1,1,67,1,1,60.400001525878906,3953.699951171875,0,1,0,0,0,0,1,0,0,0,1,0,1,0,0,0,0,0,0,1,0,0,0
0,0,0,16,1,0,72.6500015258789,1194.300048828125,1,0,1,0,1,0,0,0,0,0,0,0,0,0,0,0,0,0,0,0,0,1,0
0,0,0,23,1,0,55.79999923706055,1327.8499755859375,0,0,0,0,0,0,0,0,1,0,1,0,0,0,0,0,0,0,1,0,0,0,0
0,0,0,14,0,1,31.100000381469727,419.70001220703125,0,1,0,1,0,0,0,0,1,0,0,0,0,0,0,0,0,0,0,0,0,0,1
0,1,1,1,1,1,21.0,21.0,1,0,0,0,0,1,0,1,0,1,0,1,0,1,0,1,0,1,0,0,0,1,0
1,0,0,1,1,0,45.099998474121094,45.099998474121094,1,0,0,0,0,0,0,0,0,0,0,0,0,0,0,0,0,0,0,0,0,0,1
1,0,0,4,0,1,50.95000076293945,207.35000610351562,0,1,0,1,0,0,0,0,1,0,0,0,0,0,1,0,1,0,0,0,1,0,0
0,0,1,16,1,1,69.0999984741211,1083.699951171875,0,1,1,0,0,0,1,0,1,0,0,0,0,0,0,0,1,0,0,0,0,1,0
0,1,0,46,0,1,43.95000076293945,2007.8499755859375,0,0,0,1,0,0,0,0,0,0,0,0,0,0,1,0,1,0,0,0,0,1,0
0,0,1,68,1,1,86.5,5882.75,0,1,1,0,0,0,1,0,1,0,0,0,1,0,1,0,1,0,0,1,0,0,0
0,0,0,38,1,0,69.94999694824219,2657.550048828125,0,1,1,0,0,0,1,0,1,0,1,0,1,0,0,0,0,0,0,0,0,1,0
1,1,0,30,1,1,50.400001525878906,1527.5,1,1,0,0,0,0,0,0,1,0,0,0,0,0,0,0,0,0,0,0,0,0,0
1,0,0,5,1,0,78.94999694824219,378.3999938964844,1,0,0,0,1,0,0,0,0,0,0,0,0,0,0,0,1,0,0,0,0,1,0
0,0,0,17,1,1,90.94999694824219,1612.199951171875,0,1,0,0,1,0,0,0,1,0,1,0,0,0,0,0,1,0,0,0,1,0,0
0,1,1,4,1,0,19.899999618530273,76.6500015258789,0,1,0,0,0,1,0,1,0,1,0,1,0,1,0,1,0,1,0,1,0,0,1
0,0,0,12,1,0,20.149999618530273,260.70001220703125,0,0,0,0,0,1,0,1,0,1,0,1,0,1,0,1,0,1,1,0,0,1,0
0,1,1,72,1,1,90.5999984741211,6441.85009765625,0,1,1,0,0,0,1,0,1,0,1,0,1,0,1,0,1,0,0,1,1,0,0
0,0,0,3,1,1,92.0,266.79998779296875,0,1,0,0,1,0,0,0,0,0,0,0,0,0,1,0,1,0,0,0,0,1,0
0,0,0,56,1,1,94.44999694824219,5124.60009765625,1,1,1,0,1,0,0,0,1,0,0,0,1,0,0,0,1,0,0,0,0,1,0
0,0,0,41,1,1,24.850000381469727,962.25,0,0,1,0,0,1,0,1,0,1,0,1,0,1,0,1,0,1,1,0,0,0,1
0,0,0,40,0,0,36.0,1382.9000244140625,0,1,0,1,0,0,0,0,1,0,0,0,1,0,0,0,0,0,1,0,1,0,0
0,0,0,7,1,1,78.5,571.0499877929688,0,0,0,0,0,0,1,0,1,0,0,0,1,0,1,0,1,0,0,0,0,1,0
0,0,0,69,1,0,19.950000762939453,1399.3499755859375,0,1,0,0,0,1,0,1,0,1,0,1,0,1,0,1,0,1,0,1,1,0,0
0,1,1,7,1,0,20.649999618530273,150.0,0,1,0,0,0,1,0,1,0,1,0,1,0,1,0,1,0,1,1,0,0,0,1
0,1,1,5,0,1,30.5,167.1999969482422,0,0,0,1,0,0,0,0,1,0,0,0,0,0,0,0,0,0,0,0,0,1,0
0,1,1,72,1,0,106.0999984741211,7657.39990234375,0,0,1,0,1,0,1,0,1,0,1,0,1,0,1,0,0,0,0,1,1,0,0
0,1,1,44,1,1,20.5,865.0499877929688,0,1,0,0,0,1,0,1,0,1,0,1,0,1,0,1,0,1,1,0,0,0,0
0,0,0,65,1,1,95.5,6153.85009765625,0,0,1,0,1,0,0,0,1,0,1,0,0,0,1,0,0,0,1,0,0,1,0
0,0,0,3,1,0,64.5999984741211,174.1999969482422,0,0,1,0,0,0,0,0,0,0,0,0,1,0,1,0,0,0,0,0,0,1,0
0,0,0,24,1,1,51.099998474121094,1269.5999755859375,0,1,0,0,0,0,0,0,0,0,0,0,1,0,0,0,0,0,0,0,1,0,0
0,0,0,44,1,1,84.80000305175781,3862.550048828125,1,0,1,0,1,0,0,0,1,0,1,0,0,0,0,0,0,0,0,0,0,0,0
1,1,0,72,1,0,89.0999984741211,6352.39990234375,0,0,1,0,0,0,1,0,1,0,1,0,1,0,1,0,1,0,0,1,1,0,0
0,0,0,24,1,0,54.95000076293945,1348.5,0,1,0,0,0,0,1,0,0,0,0,0,1,0,0,0,0,0,0,0,0,1,0
0,0,0,1,1,0,50.900001525878906,50.900001525878906,1,1,0,0,0,0,0,0,0,0,1,0,0,0,0,0,0,0,0,0,0,0,1
0,1,0,22,1,1,20.450000762939453,471.54998779296875,0,1,0,0,0,1,0,1,0,1,0,1,0,1,0,1,0,1,0,0,0,0,0
0,1,1,70,1,1,85.94999694824219,5931.75,0,1,1,0,0,0,0,0,1,0,1,0,1,0,1,0,1,0,0,1,1,0,0
0,1,1,25,1,0,60.349998474121094,1404.6500244140625,0,1,1,0,0,0,0,0,0,0,0,0,0,0,1,0,0,0,0,0,0,1,0
0,1,1,37,1,0,19.799999237060547,726.0999755859375,0,1,0,0,0,1,0,1,0,1,0,1,0,1,0,1,0,1,0,1,0,0,0
1,1,1,22,1,0,85.3499984741211,1961.5999755859375,0,0,1,0,1,0,0,0,0,0,0,0,0,0,1,0,0,0,0,0,0,0,0
0,1,1,59,1,1,72.0999984741211,4194.85009765625,0,0,1,0,0,0,0,0,0,0,1,0,1,0,1,0,0,0,0,1,0,0,0
0,1,1,49,1,1,99.80000305175781,4872.4501953125,1,1,1,0,1,0,0,0,0,0,1,0,0,0,1,0,1,0,0,0,0,1,0
0,1,1,47,1,1,107.3499984741211,5118.9501953125,1,1,1,0,1,0,0,0,0,0,1,0,1,0,1,0,1,0,0,0,0,0,0
0,1,1,31,1,1,19.549999237060547,658.9500122070312,1,0,0,0,0,1,0,1,0,1,0,1,0,1,0,1,0,1,0,0,0,0,1
0,1,1,1,1,1,81.05000305175781,81.05000305175781,0,1,0,0,1,0,0,0,0,0,0,0,0,0,0,0,1,0,0,0,0,1,0
0,0,0,3,1,1,20.5,76.94999694824219,0,1,0,0,0,1,0,1,0,1,0,1,0,1,0,1,0,1,0,0,0,1,0
0,1,0,53,1,1,111.80000305175781,5809.75,0,0,1,0,1,0,0,0,1,0,1,0,1,0,1,0,1,0,1,0,0,0,0
0,0,0,1,1,0,20.200000762939453,20.200000762939453,0,1,0,0,0,1,0,1,0,1,0,1,0,1,0,1,0,1,0,0,0,0,1
0,0,0,20,1,1,19.700000762939453,415.8999938964844,0,1,0,0,0,1,0,1,0,1,0,1,0,1,0,1,0,1,1,0,0,0,1
0,0,0,3,1,1,79.0999984741211,246.5,1,0,0,0,1,0,1,0,1,0,0,0,0,0,0,0,0,0,0,0,0,1,0
0,0,0,51,1,1,19.850000381469727,996.9500122070312,0,0,0,0,0,1,0,1,0,1,0,1,0,1,0,1,0,1,1,0,0,0,0
0,1,0,51,1,1,60.5,3145.14990234375,0,0,0,0,0,0,1,0,1,0,0,0,1,0,0,0,0,0,1,0,0,0,0
0,1,1,13,1,0,19.549999237060547,265.29998779296875,0,0,0,0,0,1,0,1,0,1,0,1,0,1,0,1,0,1,0,1,0,0,1
0,0,0,1,1,0,20.899999618530273,20.899999618530273,0,0,0,0,0,1,0,1,0,1,0,1,0,1,0,1,0,1,0,0,0,0,1
0,0,1,1,1,1,21.049999237060547,21.049999237060547,0,1,0,0,0,1,0,1,0,1,0,1,0,1,0,1,0,1,0,0,0,0,1
0,0,0,63,1,0,71.5,4576.2998046875,0,1,1,0,0,0,1,0,1,0,1,0,1,0,0,0,0,0,1,0,0,1,0
0,0,0,3,1,0,54.650001525878906,189.10000610351562,0,1,0,0,0,0,0,0,0,0,0,0,0,0,0,0,1,0,0,0,0,0,1
0,0,0,46,1,0,19.200000762939453,908.1500244140625,0,1,0,0,0,1,0,1,0,1,0,1,0,1,0,1,0,1,0,1,1,0,0
0,0,0,1,1,1,49.79999923706055,49.79999923706055,0,1,1,0,0,0,0,0,0,0,0,0,0,0,0,0,0,0,0,0,1,0,0
0,0,1,8,0,0,25.5,215.1999969482422,1,1,0,1,0,0,0,0,0,0,0,0,0,0,0,0,0,0,0,0,0,0,1
0,1,1,71,1,0,20.5,1500.949951171875,0,0,0,0,0,1,0,1,0,1,0,1,0,1,0,1,0,1,0,1,0,0,0
0,1,1,55,1,1,90.4000015258789,5099.14990234375,0,1,1,0,1,0,0,0,0,0,1,0,0,0,1,0,0,0,0,0,1,0,0
0,0,0,70,1,1,90.25,6385.9501953125,0,0,1,0,1,0,0,0,1,0,1,0,1,0,0,0,0,0,1,0,0,0,0
0,0,0,2,1,0,80.75,159.4499969482422,1,0,0,0,1,0,0,0,0,0,0,0,0,0,0,0,1,0,0,0,0,1,0
0,1,1,67,1,0,104.5999984741211,6885.75,0,1,1,0,1,0,1,0,0,0,0,0,1,0,1,0,1,0,0,1,0,0,0
0,1,0,65,1,1,91.8499984741211,5940.85009765625,1,1,1,0,1,0,0,0,1,0,0,0,0,0,1,0,0,0,0,0,0,0,0
0,1,0,14,1,0,50.20000076293945,668.8499755859375,0,1,0,0,0,0,0,0,0,0,1,0,0,0,0,0,0,0,0,0,1,0,0
0,1,1,20,1,1,95.5,1916.199951171875,0,0,1,0,1,0,0,0,0,0,1,0,1,0,0,0,1,0,0,0,0,0,0
0,0,1,1,1,1,75.3499984741211,75.3499984741211,1,1,0,0,1,0,0,0,1,0,0,0,0,0,0,0,0,0,0,0,0,1,0
0,0,0,1,1,1,75.44999694824219,75.44999694824219,1,1,1,0,1,0,0,0,0,0,0,0,0,0,0,0,0,0,0,0,0,1,0
0,1,1,49,1,1,95.4000015258789,4613.9501953125,0,0,1,0,1,0,0,0,0,0,0,0,0,0,1,0,1,0,0,0,0,0,0
0,0,0,72,1,1,101.30000305175781,7261.25,0,0,1,0,1,0,1,0,1,0,1,0,0,0,1,0,0,0,0,1,0,0,0
0,1,0,46,1,0,53.099998474121094,2459.800048828125,0,0,1,0,0,0,1,0,0,0,0,0,0,0,0,0,0,0,0,0,0,1,0
0,0,0,24,1,1,84.8499984741211,2048.800048828125,0,1,1,0,1,0,0,0,1,0,1,0,0,0,0,0,0,0,0,0,0,0,0
0,1,1,5,0,0,34.25,163.5500030517578,0,0,0,1,0,0,0,0,1,0,0,0,1,0,0,0,0,0,0,0,0,1,0
0,1,1,33,1,0,88.5999984741211,2888.699951171875,0,0,1,0,1,0,0,0,1,0,1,0,1,0,0,0,0,0,0,0,1,0,0
0,0,0,42,1,1,60.150001525878906,2421.60009765625,0,0,1,0,0,0,1,0,1,0,0,0,0,0,0,0,0,0,1,0,0,0,0
0,0,0,23,1,1,99.94999694824219,2292.75,0,1,0,0,1,0,1,0,0,0,1,0,0,0,1,0,1,0,1,0,1,0,0
0,0,0,8,1,0,70.69999694824219,553.4000244140625,0,1,0,0,1,0,0,0,0,0,0,0,0,0,0,0,0,0,0,0,0,0,0
0,0,0,66,1,1,54.79999923706055,3465.699951171875,0,1,0,0,0,0,1,0,1,0,0,0,0,0,0,0,0,0,1,0,0,0,1
0,0,0,24,1,1,49.54999923706055,1210.4000244140625,1,1,0,0,0,0,1,0,0,0,0,0,0,0,0,0,0,0,0,0,0,0,0
1,0,0,24,1,0,54.79999923706055,1291.300048828125,0,1,1,0,0,0,0,0,1,0,0,0,0,0,0,0,0,0,0,0,1,0,0
0,0,0,69,1,1,78.5999984741211,5356.4501953125,1,1,1,0,0,0,1,0,1,0,1,0,1,0,0,0,1,0,1,0,1,0,0
0,0,0,53,1,1,100.30000305175781,5200.7998046875,0,0,0,0,1,0,0,0,1,0,1,0,0,0,1,0,1,0,1,0,0,0,1
0,0,0,60,0,0,53.599998474121094,3237.050048828125,0,0,0,1,0,0,1,0,0,0,1,0,0,0,1,0,1,0,0,1,0,1,0
0,1,0,7,1,1,81.0999984741211,576.6500244140625,1,0,0,0,1,0,0,0,0,0,0,0,0,0,1,0,0,0,0,0,0,1,0
0,0,0,20,1,1,19.350000381469727,433.75,0,0,0,0,0,1,0,1,0,1,0,1,0,1,0,1,0,1,1,0,1,0,0
0,1,1,23,1,0,85.5999984741211,1868.4000244140625,0,0,1,0,1,0,0,0,0,0,0,0,0,0,0,0,1,0,0,0,0,1,0
0,1,1,72,1,1,80.80000305175781,5728.5498046875,0,1,0,0,0,0,1,0,0,0,1,0,1,0,1,0,1,0,0,1,0,1,0
0,1,0,11,1,1,74.94999694824219,825.7000122070312,1,1,1,0,1,0,0,0,0,0,0,0,0,0,0,0,0,0,0,0,0,1,0
0,0,0,21,1,0,19.600000381469727,390.3999938964844,0,1,0,0,0,1,0,1,0,1,0,1,0,1,0,1,0,1,0,1,0,0,1
1,0,0,1,1,1,93.55000305175781,93.55000305175781,1,1,1,0,1,0,0,0,0,0,0,0,0,0,1,0,1,0,0,0,0,1,0
1,0,0,31,1,1,90.69999694824219,2845.14990234375,0,1,1,0,1,0,0,0,1,0,0,0,0,0,1,0,0,0,0,0,0,1,0
0,0,0,57,1,0,69.75,3894.39990234375,0,0,0,0,0,0,0,0,1,0,1,0,1,0,1,0,0,0,0,1,0,0,1
0,1,1,45,1,1,20.0,886.4000244140625,0,0,0,0,0,1,0,1,0,1,0,1,0,1,0,1,0,1,0,1,0,0,0
0,0,0,10,1,1,95.25,1021.5499877929688,0,1,1,0,1,0,0,0,1,0,1,0,0,0,0,0,1,0,0,0,0,1,0
0,1,0,58,1,1,102.0999984741211,5885.39990234375,1,0,1,0,1,0,0,0,0,0,1,0,1,0,1,0,1,0,0,0,1,0,0
0,0,1,14,1,0,19.950000762939453,268.3999938964844,0,1,0,0,0,1,0,1,0,1,0,1,0,1,0,1,0,1,0,0,0,0,1
0,1,0,27,1,0,80.8499984741211,2204.35009765625,0,1,1,0,0,0,1,0,0,0,0,0,1,0,1,0,1,0,1,0,0,0,1
0,1,1,14,1,1,90.9000015258789,1259.0,1,0,1,0,1,0,0,0,1,0,0,0,0,0,0,0,1,0,0,0,0,0,0
0,1,1,12,0,0,29.200000762939453,309.1000061035156,1,0,0,1,0,0,0,0,1,0,0,0,0,0,0,0,0,0,0,0,0,0,1
0,1,1,69,1,1,93.30000305175781,6398.0498046875,0,0,1,0,1,0,0,0,1,0,0,0,1,0,0,0,1,0,0,1,0,0,0
0,1,1,25,1,1,89.1500015258789,2257.75,1,0,0,0,1,0,0,0,1,0,1,0,0,0,1,0,0,0,0,0,0,0,0
1,1,0,58,1,1,108.8499984741211,6287.25,1,1,1,0,1,0,1,0,1,0,1,0,0,0,1,0,1,0,1,0,0,1,0
0,1,1,35,0,1,46.349998474121094,1662.050048828125,0,0,0,1,0,0,1,0,0,0,0,0,1,0,1,0,0,0,0,1,1,0,0
1,0,0,16,1,1,84.75,1350.1500244140625,1,0,1,0,1,0,0,0,0,0,0,0,0,0,1,0,0,0,0,0,0,1,0
0,1,1,45,1,0,78.75,3600.64990234375,0,1,1,0,0,0,0,0,1,0,1,0,0,0,1,0,1,0,1,0,1,0,0
0,0,0,17,1,1,83.55000305175781,1329.1500244140625,0,0,0,0,1,0,0,0,1,0,0,0,0,0,1,0,0,0,0,0,0,1,0
0,1,1,1,1,1,45.70000076293945,45.70000076293945,1,0,0,0,0,0,0,0,0,0,0,0,0,0,0,0,0,0,0,0,0,1,0
0,0,0,22,1,0,19.600000381469727,422.5,0,1,0,0,0,1,0,1,0,1,0,1,0,1,0,1,0,1,1,0,0,0,1
1,0,0,1,1,1,69.94999694824219,69.94999694824219,1,0,0,0,1,0,0,0,0,0,0,0,0,0,0,0,0,0,0,0,0,1,0
0,1,1,67,1,0,67.8499984741211,4627.64990234375,0,1,0,0,0,0,1,0,0,0,1,0,1,0,0,0,1,0,0,1,0,0,1
0,1,1,67,1,1,105.6500015258789,6717.89990234375,0,0,1,0,1,0,0,0,0,0,1,0,1,0,1,0,1,0,0,1,0,0,0
0,1,0,2,0,0,44.599998474121094,97.0999984741211,1,0,0,1,0,0,0,0,0,0,0,0,0,0,1,0,1,0,0,0,0,1,0
0,0,0,23,1,1,74.94999694824219,1710.449951171875,1,1,1,0,1,0,0,0,0,0,0,0,0,0,0,0,0,0,0,0,0,1,0
1,0,0,9,1,0,75.5,637.4000244140625,0,0,0,0,1,0,0,0,0,0,1,0,0,0,0,0,0,0,0,0,1,0,0
0,0,0,5,1,0,20.149999618530273,117.94999694824219,0,0,0,0,0,1,0,1,0,1,0,1,0,1,0,1,0,1,0,0,0,0,1
0,0,0,54,0,0,45.20000076293945,2460.550048828125,0,1,0,1,0,0,1,0,0,0,0,0,1,0,1,0,0,0,0,1,1,0,0
0,0,0,57,1,1,95.25,5464.64990234375,1,0,0,0,1,0,0,0,0,0,1,0,0,0,1,0,1,0,0,1,0,1,0
0,0,0,24,1,1,89.8499984741211,2165.050048828125,1,1,1,0,1,0,0,0,0,0,1,0,0,0,1,0,0,0,0,0,0,0,1
0,1,1,49,1,0,100.44999694824219,4941.7998046875,1,0,1,0,1,0,0,0,1,0,0,0,0,0,1,0,1,0,1,0,0,0,1
0,0,0,5,1,0,47.150001525878906,223.14999389648438,1,1,1,0,0,0,0,0,0,0,0,0,0,0,0,0,0,0,0,0,0,1,0
0,0,0,2,1,1,80.19999694824219,181.10000610351562,1,1,0,0,1,0,0,0,0,0,0,0,0,0,0,0,1,0,0,0,0,1,0
0,0,1,4,1,1,87.0999984741211,341.45001220703125,1,0,1,0,1,0,0,0,0,0,1,0,1,0,0,0,0,0,0,0,0,0,1
0,1,1,70,1,1,79.25,5731.85009765625,0,1,1,0,0,0,1,0,1,0,1,0,1,0,1,0,0,0,0,1,0,0,0
0,0,0,5,1,1,75.9000015258789,357.75,1,1,1,0,1,0,0,0,0,0,0,0,0,0,0,0,0,0,0,0,0,0,0
0,1,1,53,1,0,85.69999694824219,4616.10009765625,0,1,1,0,0,0,1,0,0,0,1,0,1,0,1,0,1,0,0,0,0,1,0
0,1,0,47,1,1,98.75,4533.7001953125,1,0,1,0,1,0,1,0,1,0,1,0,0,0,1,0,0,0,0,0,0,1,0
0,0,1,31,1,0,20.100000381469727,589.25,0,0,0,0,0,1,0,1,0,1,0,1,0,1,0,1,0,1,1,0,1,0,0
0,1,1,13,1,0,61.79999923706055,750.0999755859375,0,1,0,0,0,0,0,0,1,0,1,0,1,0,0,0,0,0,0,0,0,0,0
0,1,1,28,1,0,49.900001525878906,1410.25,0,0,1,0,0,0,0,0,0,0,0,0,0,0,0,0,0,0,0,0,0,0,1
0,0,0,10,1,0,86.44999694824219,830.8499755859375,1,0,1,0,1,0,0,0,0,0,0,0,0,0,0,0,1,0,0,0,0,1,0
0,1,0,38,1,0,20.399999618530273,743.5,0,1,0,0,0,1,0,1,0,1,0,1,0,1,0,1,0,1,0,1,0,0,0
0,0,0,1,1,1,45.29999923706055,45.29999923706055,1,0,0,0,0,0,0,0,0,0,0,0,0,0,0,0,0,0,0,0,0,0,1
0,1,0,67,1,0,104.0999984741211,7040.85009765625,1,1,1,0,1,0,0,0,1,0,1,0,0,0,1,0,1,0,1,0,0,1,0
0,1,0,52,1,1,75.4000015258789,3865.449951171875,0,1,0,0,0,0,1,0,1,0,0,0,0,0,1,0,1,0,1,0,0,0,1
0,1,1,62,1,0,108.1500015258789,6825.64990234375,0,1,0,0,1,0,1,0,1,0,1,0,1,0,1,0,1,0,0,1,0,0,1
0,0,0,16,1,1,86.25,1340.0999755859375,0,0,0,0,1,0,0,0,1,0,0,0,0,0,0,0,1,0,0,0,0,1,0
1,1,0,5,1,1,81.0,371.6499938964844,1,0,1,0,1,0,0,0,1,0,0,0,0,0,0,0,0,0,0,0,0,1,0
0,0,0,12,1,0,95.69999694824219,1184.0,0,1,0,0,1,0,0,0,0,0,1,0,0,0,1,0,1,0,1,0,0,1,0
0,1,1,72,1,1,116.8499984741211,8477.7001953125,0,0,1,0,1,0,1,0,1,0,1,0,1,0,1,0,1,0,0,1,0,0,0
1,0,0,71,1,0,105.75,7382.85009765625,0,1,1,0,1,0,0,0,1,0,0,0,1,0,1,0,1,0,1,0,0,0,0
0,1,0,24,1,0,20.149999618530273,456.8500061035156,0,0,0,0,0,1,0,1,0,1,0,1,0,1,0,1,0,1,1,0,0,0,1
0,0,0,15,1,0,19.600000381469727,331.6000061035156,0,0,0,0,0,1,0,1,0,1,0,1,0,1,0,1,0,1,0,1,0,0,1
0,1,0,67,1,1,90.5999984741211,6056.14990234375,1,1,0,0,1,0,1,0,1,0,0,0,0,0,0,0,1,0,1,0,1,0,0
0,0,1,2,1,0,60.95000076293945,134.60000610351562,0,1,1,0,0,0,1,0,1,0,0,0,0,0,0,0,0,0,0,0,0,0,0
0,1,1,5,0,0,25.049999237060547,125.5,0,0,0,1,0,0,0,0,0,0,0,0,0,0,0,0,0,0,0,0,0,0,1
0,1,0,15,1,0,88.1500015258789,1390.5999755859375,1,0,0,0,1,0,0,0,0,0,0,0,0,0,1,0,1,0,0,0,0,1,0
0,0,0,1,1,1,20.200000762939453,20.200000762939453,1,1,0,0,0,1,0,1,0,1,0,1,0,1,0,1,0,1,0,0,0,0,1
0,1,1,41,1,1,60.29999923706055,2511.300048828125,0,1,0,0,0,0,1,0,1,0,1,0,0,0,0,0,0,0,1,0,0,0,0
0,0,1,43,1,1,63.95000076293945,2737.050048828125,0,0,0,0,0,0,1,0,1,0,0,0,0,0,0,0,1,0,0,0,0,1,0
1,1,0,1,1,0,74.30000305175781,74.30000305175781,0,1,1,0,1,0,0,0,0,0,0,0,0,0,0,0,0,0,0,0,0,1,0
1,0,0,1,1,1,70.5999984741211,70.5999984741211,0,0,0,0,1,0,0,0,0,0,0,0,0,0,0,0,0,0,0,0,0,0,1
0,1,1,26,1,1,90.80000305175781,2361.800048828125,1,0,0,0,1,0,0,0,0,0,0,0,0,0,1,0,1,0,0,0,0,1,0
0,0,0,22,1,1,79.3499984741211,1730.3499755859375,1,1,1,0,1,0,0,0,1,0,0,0,0,0,0,0,0,0,0,0,0,1,0
0,1,0,71,1,0,90.55000305175781,6404.0,0,1,1,0,0,0,1,0,1,0,1,0,1,0,1,0,1,0,0,1,0,0,0
0,0,0,7,1,0,19.450000762939453,165.35000610351562,0,1,0,0,0,1,0,1,0,1,0,1,0,1,0,1,0,1,0,1,0,0,1
1,0,0,28,1,0,64.44999694824219,1867.5999755859375,0,0,1,0,0,0,0,0,1,0,1,0,1,0,0,0,0,0,0,0,0,0,0
1,0,0,16,1,0,69.6500015258789,1043.300048828125,0,1,0,0,1,0,0,0,0,0,0,0,0,0,0,0,0,0,0,0,0,1,0
0,0,0,7,1,0,19.5,128.60000610351562,0,1,0,0,0,1,0,1,0,1,0,1,0,1,0,1,0,1,1,0,0,0,1
0,0,0,69,1,1,110.5,7455.4501953125,0,0,1,0,1,0,0,0,1,0,1,0,1,0,1,0,1,0,0,1,0,0,0
0,0,1,1,0,0,24.700000762939453,24.700000762939453,0,0,0,1,0,0,0,0,0,0,0,0,0,0,0,0,0,0,0,0,0,0,1
0,0,0,3,1,1,77.4000015258789,206.14999389648438,0,1,0,0,0,0,1,0,0,0,1,0,0,0,1,0,1,0,0,0,0,1,0
1,0,0,21,1,1,96.80000305175781,2030.300048828125,1,1,0,0,1,0,0,0,0,0,1,0,0,0,1,0,1,0,0,0,0,0,0
0,1,0,69,1,1,85.4000015258789,5869.39990234375,0,0,1,0,1,0,0,0,1,0,1,0,0,0,0,0,0,0,0,0,0,0,0
0,1,0,71,0,1,47.599998474121094,3377.800048828125,0,0,0,1,0,0,1,0,1,0,1,0,1,0,0,0,0,0,0,1,0,0,0
0,1,1,69,1,0,19.399999618530273,1346.199951171875,0,0,0,0,0,1,0,1,0,1,0,1,0,1,0,1,0,1,0,1,0,0,1
0,0,0,48,1,1,103.8499984741211,4946.0498046875,0,0,1,0,1,0,0,0,0,0,1,0,1,0,1,0,1,0,0,0,0,1,0
0,1,0,47,1,1,83.3499984741211,4065.0,1,1,1,0,1,0,0,0,1,0,1,0,0,0,0,0,0,0,0,0,0,0,0
0,0,0,2,1,1,49.400001525878906,106.55000305175781,1,0,1,0,0,0,0,0,0,0,0,0,0,0,0,0,0,0,0,0,0,1,0
0,0,0,45,1,1,108.44999694824219,4964.7001953125,0,1,1,0,1,0,1,0,0,0,1,0,1,0,1,0,1,0,0,0,1,0,0
0,0,0,51,1,0,81.0,4085.75,0,1,1,0,1,0,0,0,1,0,0,0,0,0,0,0,0,0,0,0,0,0,0
0,1,0,22,1,1,79.19999694824219,1742.75,1,0,1,0,0,0,1,0,0,0,0,0,1,0,1,0,1,0,0,0,0,1,0
0,0,0,72,1,0,86.6500015258789,6224.7998046875,0,1,1,0,0,0,1,0,1,0,1,0,1,0,1,0,1,0,0,1,0,0,0
0,1,1,37,1,1,92.94999694824219,3415.25,0,1,1,0,1,0,0,0,1,0,1,0,0,0,1,0,0,0,0,0,0,1,0
0,1,1,71,1,0,90.3499984741211,6325.25,0,1,1,0,0,0,1,0,1,0,1,0,1,0,1,0,1,0,0,1,0,1,0
0,1,1,7,1,0,48.70000076293945,340.25,1,1,0,0,0,0,0,0,0,0,1,0,0,0,0,0,0,0,0,0,0,1,0
0,0,0,66,1,1,25.149999618530273,1683.5999755859375,0,0,1,0,0,1,0,1,0,1,0,1,0,1,0,1,0,1,0,1,1,0,0
0,1,1,51,1,1,76.4000015258789,3966.300048828125,0,1,0,0,0,0,1,0,0,0,0,0,1,0,1,0,1,0,1,0,0,0,0
0,1,1,30,1,0,19.549999237060547,608.5,0,0,0,0,0,1,0,1,0,1,0,1,0,1,0,1,0,1,1,0,0,0,0
0,0,0,34,1,0,85.3499984741211,2896.60009765625,0,0,1,0,1,0,0,0,0,0,0,0,0,0,1,0,0,0,0,0,0,1,0
0,1,1,64,1,1,24.799999237060547,1514.8499755859375,0,1,1,0,0,1,0,1,0,1,0,1,0,1,0,1,0,1,0,1,0,0,1
1,1,0,65,1,1,103.1500015258789,6792.4501953125,0,1,1,0,1,0,0,0,1,0,1,0,0,0,1,0,1,0,1,0,0,0,0
0,0,0,47,1,0,100.75,4669.2001953125,0,1,1,0,1,0,1,0,1,0,0,0,1,0,1,0,0,0,0,0,0,0,1
0,0,0,1,1,1,95.5999984741211,95.5999984741211,1,0,0,0,1,0,1,0,0,0,0,0,0,0,1,0,1,0,0,0,0,1,0
0,0,0,49,1,1,59.75,2934.300048828125,1,0,1,0,0,0,1,0,1,0,0,0,0,0,0,0,0,0,0,0,1,0,0
0,1,1,67,1,0,94.0999984741211,6302.7998046875,0,0,1,0,1,0,0,0,1,0,0,0,1,0,1,0,0,0,0,1,1,0,0
0,0,1,39,1,0,19.350000381469727,779.2000122070312,0,1,0,0,0,1,0,1,0,1,0,1,0,1,0,1,0,1,1,0,0,0,0
0,0,0,14,1,0,19.899999618530273,283.75,0,1,0,0,0,1,0,1,0,1,0,1,0,1,0,1,0,1,0,0,0,0,1
1,0,0,43,1,1,108.1500015258789,4600.7001953125,1,0,0,0,1,0,1,0,1,0,0,0,1,0,1,0,1,0,0,0,1,0,0
1,0,0,56,1,1,101.05000305175781,5594.0,0,1,1,0,1,0,0,0,0,0,1,0,0,0,1,0,1,0,0,0,0,1,0
0,0,0,14,1,0,59.099998474121094,772.8499755859375,0,0,0,0,0,0,0,0,0,0,0,0,1,0,0,0,1,0,1,0,1,0,0
0,0,0,1,1,0,71.3499984741211,71.3499984741211,1,0,0,0,1,0,0,0,0,0,0,0,0,0,0,0,0,0,0,0,0,1,0
0,1,1,16,1,1,55.849998474121094,857.7999877929688,0,1,0,0,0,0,1,0,1,0,0,0,0,0,0,0,0,0,1,0,0,0,1
0,1,1,70,1,1,106.05000305175781,7554.0498046875,0,1,1,0,1,0,1,0,1,0,0,0,0,0,1,0,1,0,0,0,0,1,0
1,1,0,72,1,1,84.0999984741211,5981.64990234375,0,1,1,0,0,0,1,0,1,0,1,0,0,0,1,0,1,0,0,1,1,0,0
0,1,1,23,1,1,75.30000305175781,1702.9000244140625,0,0,0,0,1,0,0,0,0,0,1,0,0,0,0,0,0,0,0,0,1,0,0
0,0,1,21,1,0,24.700000762939453,467.1499938964844,0,1,1,0,0,1,0,1,0,1,0,1,0,1,0,1,0,1,0,0,0,0,1
0,0,0,1,1,1,20.149999618530273,20.149999618530273,1,0,0,0,0,1,0,1,0,1,0,1,0,1,0,1,0,1,0,0,0,0,1
0,0,1,1,1,0,69.75,69.75,1,1,0,0,1,0,0,0,0,0,0,0,0,0,0,0,0,0,0,0,0,0,0
1,1,0,32,1,1,93.19999694824219,2931.0,1,0,1,0,1,0,0,0,0,0,0,0,0,0,1,0,1,0,0,0,0,1,0
0,1,1,17,1,0,80.8499984741211,1400.8499755859375,1,1,0,0,1,0,0,0,0,0,0,0,0,0,1,0,0,0,0,0,0,1,0
0,0,0,4,0,1,33.650001525878906,137.85000610351562,1,0,0,1,0,0,1,0,1,0,0,0,0,0,0,0,0,0,0,0,0,1,0
0,0,0,36,1,0,55.79999923706055,1941.5,0,0,1,0,0,0,0,0,0,0,1,0,0,0,0,0,0,0,1,0,0,1,0
0,0,0,50,0,0,39.70000076293945,1932.75,0,0,0,1,0,0,0,0,1,0,1,0,1,0,0,0,0,0,0,1,1,0,0
0,1,1,48,0,1,29.5,1423.050048828125,0,0,0,1,0,0,0,0,0,0,0,0,1,0,0,0,0,0,0,0,1,0,0
0,0,1,50,1,0,20.149999618530273,970.8499755859375,0,0,0,0,0,1,0,1,0,1,0,1,0,1,0,1,0,1,0,1,1,0,0
0,1,0,72,1,0,79.55000305175781,5810.89990234375,0,1,1,0,0,0,1,0,1,0,1,0,1,0,0,0,1,0,0,1,1,0,0
0,0,1,10,1,0,24.799999237060547,223.89999389648438,0,1,1,0,0,1,0,1,0,1,0,1,0,1,0,1,0,1,0,0,1,0,0
0,0,0,18,1,0,19.649999618530273,391.70001220703125,0,0,0,0,0,1,0,1,0,1,0,1,0,1,0,1,0,1,0,0,0,0,1
0,0,0,1,1,1,79.94999694824219,79.94999694824219,1,1,0,0,1,0,0,0,0,0,0,0,0,0,1,0,0,0,0,0,0,1,0
0,0,0,1,1,0,19.299999237060547,19.299999237060547,1,0,0,0,0,1,0,1,0,1,0,1,0,1,0,1,0,1,0,0,0,1,0
0,0,0,9,1,1,94.05000305175781,811.6500244140625,0,1,0,0,1,0,0,0,0,0,1,0,0,0,1,0,1,0,0,0,0,1,0
0,0,0,2,1,0,90.75,174.75,0,1,1,0,1,0,1,0,0,0,0,0,0,0,0,0,1,0,0,0,0,0,1
0,1,0,40,1,1,78.8499984741211,3126.85009765625,0,0,1,0,1,0,0,0,0,0,0,0,1,0,0,0,0,0,0,0,1,0,0
0,1,0,69,1,0,99.5,6841.4501953125,0,1,1,0,1,0,0,0,0,0,1,0,0,0,1,0,1,0,1,0,0,0,0
0,1,0,37,1,1,99.19999694824219,3754.60009765625,1,0,1,0,1,0,1,0,0,0,1,0,1,0,0,0,1,0,1,0,0,1,0
0,0,1,18,1,1,80.55000305175781,1406.6500244140625,0,1,1,0,1,0,0,0,0,0,1,0,0,0,0,0,0,0,0,0,1,0,0
1,1,0,11,1,1,70.19999694824219,834.7000122070312,0,1,0,0,1,0,0,0,0,0,0,0,0,0,0,0,0,0,0,0,0,1,0
0,1,0,8,1,1,85.19999694824219,627.4000244140625,1,0,1,0,1,0,0,0,0,0,0,0,0,0,0,0,1,0,0,0,1,0,0
0,0,0,3,1,0,75.25,242.0,1,0,1,0,1,0,0,0,0,0,0,0,0,0,0,0,0,0,0,0,0,1,0
0,1,1,55,1,0,59.45000076293945,3157.0,0,1,0,0,0,0,1,0,0,0,0,0,0,0,0,0,1,0,1,0,1,0,0
0,1,0,33,1,1,93.3499984741211,3092.0,0,1,1,0,1,0,0,0,1,0,1,0,0,0,0,0,1,0,0,0,0,1,0
0,0,0,46,1,0,44.95000076293945,2168.89990234375,0,0,0,0,0,0,0,0,0,0,0,0,0,0,0,0,0,0,0,0,0,0,0
0,0,0,34,1,0,26.100000381469727,980.3499755859375,0,1,1,0,0,1,0,1,0,1,0,1,0,1,0,1,0,1,0,1,0,0,0
0,0,0,3,1,0,20.200000762939453,65.94999694824219,0,0,0,0,0,1,0,1,0,1,0,1,0,1,0,1,0,1,0,0,0,1,0
0,1,1,30,1,0,21.25,711.9000244140625,0,1,0,0,0,1,0,1,0,1,0,1,0,1,0,1,0,1,0,1,0,0,1
0,0,0,33,1,0,59.400001525878906,1952.800048828125,0,0,1,0,0,0,1,0,0,0,0,0,1,0,0,0,0,0,1,0,0,1,0
0,1,1,45,1,1,95.0,4368.85009765625,0,1,1,0,1,0,0,0,1,0,1,0,0,0,0,0,1,0,1,0,1,0,0
0,0,0,40,1,1,61.900001525878906,2647.10009765625,0,1,0,0,0,0,1,0,1,0,0,0,1,0,0,0,0,0,0,0,0,0,1
0,0,0,71,1,1,118.6500015258789,8477.599609375,0,0,1,0,1,0,1,0,1,0,1,0,1,0,1,0,1,0,0,1,0,1,0
0,0,0,1,1,0,54.349998474121094,54.349998474121094,1,1,1,0,0,0,0,0,0,0,1,0,0,0,0,0,0,0,0,0,0,1,0
0,1,1,72,0,0,64.44999694824219,4528.0,0,0,0,1,0,0,1,0,1,0,1,0,1,0,1,0,1,0,0,1,0,0,0
0,1,1,22,1,1,80.1500015258789,1790.6500244140625,0,0,0,0,1,0,0,0,0,0,0,0,0,0,0,0,1,0,0,0,0,1,0
0,1,1,46,1,1,20.200000762939453,845.5999755859375,0,1,0,0,0,1,0,1,0,1,0,1,0,1,0,1,0,1,1,0,0,0,0
0,1,1,55,1,0,21.0,1210.300048828125,0,0,0,0,0,1,0,1,0,1,0,1,0,1,0,1,0,1,0,1,0,0,1
0,0,0,1,1,0,20.450000762939453,20.450000762939453,0,1,0,0,0,1,0,1,0,1,0,1,0,1,0,1,0,1,0,0,0,0,1
0,0,0,12,1,1,75.8499984741211,854.4500122070312,0,0,1,0,0,0,0,0,0,0,0,0,1,0,1,0,1,0,1,0,0,0,1
0,0,0,31,1,1,80.44999694824219,2429.10009765625,0,1,1,0,1,0,0,0,1,0,0,0,0,0,0,0,0,0,0,0,0,1,0
0,1,0,5,0,1,24.950000762939453,100.4000015258789,1,1,0,1,0,0,0,0,0,0,0,0,0,0,0,0,0,0,0,0,0,1,0
0,1,1,67,1,1,75.5,5229.4501953125,0,0,1,0,0,0,1,0,0,0,0,0,0,0,1,0,1,0,0,1,0,1,0
0,0,0,1,1,0,44.45000076293945,44.45000076293945,0,1,0,0,0,0,0,0,0,0,0,0,0,0,0,0,0,0,0,0,0,0,1
0,1,0,40,0,1,42.349998474121094,1716.449951171875,1,1,0,1,0,0,1,0,1,0,1,0,0,0,0,0,0,0,1,0,0,1,0
0,1,1,41,1,1,74.55000305175781,3023.550048828125,0,1,1,0,0,0,1,0,1,0,1,0,0,0,1,0,0,0,0,0,1,0,0
0,0,0,1,1,1,75.30000305175781,75.30000305175781,1,1,1,0,1,0,0,0,0,0,0,0,0,0,0,0,0,0,0,0,0,1,0
0,0,0,51,1,1,94.80000305175781,4837.60009765625,1,1,1,0,1,0,1,0,1,0,0,0,0,0,1,0,0,0,1,0,0,1,0
0,1,1,42,0,0,48.150001525878906,2032.300048828125,0,1,0,1,0,0,1,0,0,0,1,0,1,0,1,0,0,0,0,1,1,0,0
0,1,1,23,1,0,19.649999618530273,436.8999938964844,0,1,0,0,0,1,0,1,0,1,0,1,0,1,0,1,0,1,1,0,0,0,1
1,0,0,1,1,1,70.55000305175781,70.55000305175781,1,0,0,0,1,0,0,0,0,0,0,0,0,0,0,0,0,0,0,0,0,1,0
0,0,0,1,1,0,20.149999618530273,20.149999618530273,0,0,0,0,0,1,0,1,0,1,0,1,0,1,0,1,0,1,0,0,0,0,1
0,0,0,56,1,1,106.5999984741211,5893.9501953125,0,0,1,0,1,0,1,0,1,0,0,0,0,0,1,0,1,0,0,0,1,0,0
0,0,1,15,1,1,91.0,1430.050048828125,0,1,1,0,1,0,0,0,1,0,0,0,0,0,1,0,0,0,0,0,0,1,0
0,1,1,12,1,1,25.399999618530273,313.0,0,1,1,0,0,1,0,1,0,1,0,1,0,1,0,1,0,1,0,1,0,0,0
0,1,1,54,1,0,69.94999694824219,3871.85009765625,0,0,0,0,0,0,1,0,0,0,1,0,1,0,0,0,1,0,0,1,0,0,0
0,0,0,7,1,1,66.8499984741211,458.1000061035156,0,0,0,0,0,0,0,0,0,0,0,0,0,0,1,0,1,0,0,0,0,1,0
0,1,1,33,1,0,86.1500015258789,2745.699951171875,1,0,1,0,1,0,0,0,0,0,0,0,0,0,0,0,1,0,0,0,1,0,0
0,1,1,16,1,0,20.149999618530273,341.3500061035156,0,1,0,0,0,1,0,1,0,1,0,1,0,1,0,1,0,1,0,0,0,1,0
0,0,1,21,1,0,64.8499984741211,1336.800048828125,0,0,0,0,0,0,1,0,0,0,1,0,0,0,0,0,1,0,1,0,0,0,1
1,1,0,30,1,0,74.8499984741211,2181.75,0,1,1,0,0,0,0,0,0,0,1,0,0,0,1,0,1,0,0,1,0,1,0
0,0,0,3,1,1,50.5,147.75,0,1,0,0,0,0,0,0,0,0,0,0,1,0,0,0,0,0,0,0,0,0,1
0,0,0,11,1,0,72.9000015258789,818.4500122070312,0,1,0,0,1,0,0,0,0,0,1,0,0,0,0,0,0,0,0,0,0,1,0
0,0,0,62,1,1,115.05000305175781,7133.4501953125,0,0,1,0,1,0,1,0,1,0,1,0,1,0,1,0,1,0,1,0,1,0,0
0,0,0,18,1,0,19.0,348.79998779296875,0,1,0,0,0,1,0,1,0,1,0,1,0,1,0,1,0,1,0,0,0,1,0
0,0,1,6,1,0,19.549999237060547,128.60000610351562,0,1,0,0,0,1,0,1,0,1,0,1,0,1,0,1,0,1,0,0,0,0,1
0,0,0,46,1,1,101.0999984741211,4674.39990234375,0,0,1,0,1,0,0,0,0,0,1,0,0,0,1,0,1,0,1,0,0,1,0
0,0,0,21,1,1,84.0999984741211,1737.449951171875,0,1,1,0,1,0,0,0,0,0,0,0,0,0,0,0,1,0,0,0,0,1,0
0,0,0,68,1,1,24.149999618530273,1498.8499755859375,0,1,1,0,0,1,0,1,0,1,0,1,0,1,0,1,0,1,0,1,0,0,0
0,0,0,1,1,1,50.099998474121094,50.099998474121094,0,0,1,0,0,0,0,0,0,0,0,0,0,0,0,0,0,0,0,0,0,1,0
0,1,0,25,1,1,74.5999984741211,1797.75,0,0,0,0,1,0,0,0,0,0,1,0,0,0,0,0,0,0,0,0,0,1,0
0,0,1,24,1,0,19.75,498.1000061035156,0,0,0,0,0,1,0,1,0,1,0,1,0,1,0,1,0,1,0,1,0,0,1
0,1,0,30,1,1,85.0,2624.25,1,0,1,0,1,0,0,0,0,0,0,0,0,0,0,0,1,0,0,0,0,1,0
0,0,0,2,1,0,80.55000305175781,184.10000610351562,1,0,0,0,1,0,0,0,0,0,0,0,0,0,0,0,1,0,0,0,0,1,0
0,1,0,51,1,1,106.80000305175781,5498.7998046875,0,1,1,0,1,0,0,0,1,0,1,0,0,0,1,0,1,0,1,0,0,0,0
0,1,1,57,1,1,84.5,4845.39990234375,0,0,1,0,0,0,1,0,0,0,1,0,1,0,1,0,1,0,0,1,0,1,0
0,0,0,15,1,0,25.049999237060547,369.1000061035156,0,0,1,0,0,1,0,1,0,1,0,1,0,1,0,1,0,1,0,1,0,0,0
0,1,1,72,1,1,83.69999694824219,6096.89990234375,0,0,0,0,0,0,1,0,1,0,1,0,1,0,1,0,1,0,0,1,0,0,0
0,0,0,2,1,1,75.80000305175781,160.75,1,0,0,0,1,0,0,0,0,0,1,0,0,0,0,0,0,0,0,0,0,1,0
0,1,0,28,1,0,96.5999984741211,2684.35009765625,0,1,1,0,1,0,0,0,1,0,1,0,0,0,1,0,0,0,0,0,1,0,0
1,1,0,29,1,1,98.5,3004.14990234375,1,1,1,0,1,0,0,0,0,0,1,0,0,0,1,0,1,0,0,0,0,1,0
0,1,1,70,1,1,101.0999984741211,6994.7998046875,0,1,0,0,1,0,1,0,1,0,1,0,1,0,1,0,0,0,0,1,1,0,0
0,0,0,13,1,0,20.200000762939453,273.25,0,0,0,0,0,1,0,1,0,1,0,1,0,1,0,1,0,1,1,0,0,0,1
1,1,0,59,1,1,94.05000305175781,5483.89990234375,0,0,1,0,1,0,1,0,1,0,1,0,1,0,0,0,0,0,1,0,0,1,0
1,1,0,13,1,1,95.25,1233.6500244140625,1,1,1,0,1,0,0,0,0,0,0,0,0,0,1,0,1,0,0,0,0,1,0
1,1,0,7,1,1,74.4000015258789,527.9000244140625,1,1,1,0,1,0,0,0,0,0,0,0,0,0,0,0,0,0,0,0,0,0,1
0,1,0,62,1,0,81.0,4985.89990234375,0,0,0,0,0,0,1,0,0,0,1,0,1,0,1,0,1,0,0,1,0,0,1
0,0,0,21,1,1,60.25,1258.3499755859375,0,0,0,0,0,0,1,0,0,0,1,0,1,0,0,0,0,0,1,0,0,1,0
0,0,0,2,1,0,60.849998474121094,111.4000015258789,0,0,0,0,0,0,0,0,0,0,1,0,0,0,0,0,1,0,0,0,0,1,0
0,0,0,1,1,0,43.95000076293945,43.95000076293945,0,0,0,0,0,0,0,0,0,0,0,0,0,0,0,0,0,0,0,0,1,0,0
0,0,0,4,1,0,86.05000305175781,308.1000061035156,0,1,0,0,1,0,0,0,0,0,1,0,0,0,0,0,1,0,0,0,0,1,0
0,0,0,19,1,0,20.25,383.6499938964844,0,0,0,0,0,1,0,1,0,1,0,1,0,1,0,1,0,1,1,0,1,0,0
0,0,0,30,1,0,85.1500015258789,2555.89990234375,1,0,0,0,1,0,0,0,0,0,0,0,1,0,1,0,0,0,0,0,0,1,0
0,1,1,67,1,1,19.399999618530273,1284.199951171875,0,1,0,0,0,1,0,1,0,1,0,1,0,1,0,1,0,1,0,1,1,0,0
1,1,0,72,1,1,102.6500015258789,7550.2998046875,0,1,1,0,1,0,1,0,1,0,1,0,0,0,0,0,1,0,0,1,1,0,0
0,1,0,53,1,0,19.899999618530273,1110.050048828125,0,1,0,0,0,1,0,1,0,1,0,1,0,1,0,1,0,1,0,1,1,0,0
0,0,0,5,1,0,19.549999237060547,99.5999984741211,0,0,0,0,0,1,0,1,0,1,0,1,0,1,0,1,0,1,1,0,0,1,0
1,1,0,71,1,1,95.5,6707.14990234375,0,1,0,0,1,0,0,0,1,0,1,0,1,0,0,0,1,0,0,1,1,0,0
0,1,1,50,1,1,84.1500015258789,4164.39990234375,0,0,1,0,0,0,0,0,1,0,1,0,1,0,1,0,1,0,1,0,1,0,0
0,1,1,56,1,1,103.19999694824219,5873.75,0,1,1,0,1,0,0,0,0,0,1,0,1,0,1,0,1,0,0,1,0,1,0
0,0,0,2,1,1,50.20000076293945,109.25,0,1,0,0,0,0,0,0,0,0,0,0,1,0,0,0,0,0,0,0,1,0,0
1,0,0,2,1,1,88.55000305175781,179.25,1,0,1,0,1,0,0,0,0,0,1,0,0,0,0,0,1,0,0,0,0,1,0
0,1,1,24,1,0,54.75,1338.1500244140625,1,1,1,0,0,0,1,0,0,0,0,0,0,0,0,0,0,0,0,0,0,1,0
0,1,1,46,1,0,19.950000762939453,862.4000244140625,0,1,0,0,0,1,0,1,0,1,0,1,0,1,0,1,0,1,0,1,1,0,0
0,1,0,71,1,1,116.25,8564.75,0,1,1,0,1,0,1,0,1,0,1,0,1,0,1,0,1,0,0,1,0,1,0
0,0,0,29,0,1,31.200000762939453,926.2000122070312,0,0,0,1,0,0,0,0,0,0,0,0,1,0,0,0,0,0,0,0,0,1,0
0,1,1,69,1,0,24.450000762939453,1718.199951171875,0,1,1,0,0,1,0,1,0,1,0,1,0,1,0,1,0,1,0,1,0,0,0
0,1,0,71,1,0,84.19999694824219,5956.85009765625,0,1,1,0,0,0,0,0,1,0,1,0,1,0,1,0,1,0,0,1,1,0,0
1,0,0,1,1,1,91.30000305175781,91.30000305175781,1,0,0,0,1,0,0,0,0,0,0,0,0,0,1,0,1,0,0,0,0,1,0
1,1,0,56,1,1,85.6500015258789,4824.4501953125,0,1,0,0,0,0,1,0,1,0,1,0,1,0,1,0,1,0,0,1,0,0,0
0,0,1,56,1,1,21.200000762939453,1238.6500244140625,0,1,0,0,0,1,0,1,0,1,0,1,0,1,0,1,0,1,1,0,0,0,1
0,0,0,1,1,1,79.5,79.5,1,1,0,0,1,0,0,0,0,0,0,0,0,0,1,0,0,0,0,0,0,1,0
0,1,0,28,1,0,25.549999237060547,672.2000122070312,0,0,1,0,0,1,0,1,0,1,0,1,0,1,0,1,0,1,1,0,0,0,1
0,1,1,19,1,0,20.200000762939453,382.20001220703125,0,0,0,0,0,1,0,1,0,1,0,1,0,1,0,1,0,1,0,0,0,0,1
0,1,0,66,1,0,63.849998474121094,4264.60009765625,0,1,1,0,0,0,0,0,0,0,0,0,1,0,0,0,1,0,0,0,0,1,0
0,1,1,17,1,1,61.95000076293945,1070.699951171875,0,0,1,0,0,0,0,0,0,0,1,0,1,0,0,0,0,0,1,0,0,0,1
0,1,1,52,1,0,25.75,1345.8499755859375,0,1,1,0,0,1,0,1,0,1,0,1,0,1,0,1,0,1,0,1,0,0,1
0,0,0,19,1,0,58.20000076293945,1045.25,0,0,0,0,0,0,0,0,1,0,0,0,0,0,1,0,0,0,1,0,0,1,0
0,0,0,36,1,0,85.8499984741211,3003.550048828125,0,0,0,0,0,0,1,0,1,0,1,0,1,0,1,0,1,0,1,0,0,0,0
1,1,0,7,1,1,70.0999984741211,467.54998779296875,1,1,0,0,1,0,0,0,0,0,0,0,0,0,0,0,0,0,0,0,0,0,1
0,1,1,72,1,1,104.9000015258789,7537.5,0,1,1,0,1,0,1,0,1,0,1,0,1,0,0,0,1,0,1,0,1,0,0
0,1,1,67,1,1,111.30000305175781,7482.10009765625,1,1,1,0,1,0,1,0,1,0,1,0,0,0,1,0,1,0,1,0,0,1,0
1,0,0,34,1,1,99.8499984741211,3343.14990234375,0,1,0,0,1,0,0,0,1,0,1,0,0,0,1,0,1,0,1,0,0,1,0
1,1,0,57,1,1,95.25,5427.0498046875,1,1,1,0,1,0,0,0,1,0,1,0,0,0,0,0,1,0,0,0,0,0,0
0,1,0,7,1,1,86.25,587.0999755859375,1,0,0,0,1,0,0,0,0,0,1,0,0,0,1,0,0,0,0,0,0,1,0
1,1,0,1,1,1,100.80000305175781,100.80000305175781,1,0,1,0,1,0,0,0,0,0,1,0,0,0,1,0,1,0,0,0,0,1,0
0,1,0,8,1,1,19.549999237060547,161.14999389648438,0,1,0,0,0,1,0,1,0,1,0,1,0,1,0,1,0,1,0,0,0,0,0
0,0,0,69,1,0,104.0,7028.5,0,0,1,0,1,0,0,0,0,0,1,0,1,0,1,0,1,0,0,1,0,1,0
0,1,0,50,1,1,104.4000015258789,5232.89990234375,0,0,1,0,1,0,1,0,0,0,1,0,0,0,1,0,1,0,1,0,0,0,1
0,0,0,10,1,0,19.5,225.85000610351562,0,1,0,0,0,1,0,1,0,1,0,1,0,1,0,1,0,1,1,0,0,0,1
0,1,1,12,1,0,25.25,274.70001220703125,0,0,1,0,0,1,0,1,0,1,0,1,0,1,0,1,0,1,0,1,1,0,0
0,0,0,14,1,1,86.30000305175781,1180.949951171875,1,0,0,0,1,0,0,0,1,0,0,0,0,0,0,0,1,0,0,0,0,1,0
0,1,0,70,0,1,49.849998474121094,3370.199951171875,0,0,0,1,0,0,1,0,0,0,1,0,1,0,0,0,1,0,0,1,0,0,0
1,0,0,64,1,1,108.94999694824219,7111.2998046875,0,0,1,0,1,0,1,0,0,0,1,0,1,0,1,0,1,0,0,0,0,0,0
0,1,1,66,1,0,89.9000015258789,5958.85009765625,0,0,1,0,0,0,1,0,1,0,1,0,1,0,1,0,1,0,0,1,1,0,0
0,1,1,71,1,1,82.0,5999.85009765625,0,0,0,0,0,0,1,0,0,0,1,0,1,0,1,0,1,0,0,1,1,0,0
1,0,0,20,1,0,89.94999694824219,1648.449951171875,0,1,0,0,1,0,0,0,0,0,0,0,0,0,1,0,1,0,0,0,0,1,0
0,1,0,72,1,1,79.3499984741211,5753.25,0,1,0,0,0,0,1,0,1,0,0,0,1,0,1,0,1,0,0,1,0,0,0
0,1,1,71,1,0,64.05000305175781,4492.89990234375,0,0,0,0,0,0,1,0,1,0,1,0,1,0,0,0,0,0,0,1,1,0,0
0,1,1,38,1,1,101.1500015258789,3956.699951171875,0,1,1,0,1,0,0,0,0,0,1,0,0,0,1,0,1,0,0,0,1,0,0
0,0,0,28,1,1,89.94999694824219,2625.550048828125,1,0,1,0,1,0,0,0,1,0,0,0,0,0,0,0,1,0,0,0,0,1,0
1,1,0,17,1,1,76.44999694824219,1233.4000244140625,1,1,0,0,1,0,0,0,1,0,0,0,0,0,0,0,0,0,0,0,0,1,0
0,0,0,33,0,1,39.099998474121094,1309.0,0,1,0,1,0,0,0,0,1,0,0,0,0,0,1,0,0,0,1,0,0,1,0
0,1,1,23,0,0,34.599998474121094,813.4500122070312,0,0,0,1,0,0,1,0,0,0,0,0,1,0,0,0,0,0,0,1,0,0,1
0,1,1,58,1,1,19.549999237060547,1108.800048828125,0,1,0,0,0,1,0,1,0,1,0,1,0,1,0,1,0,1,1,0,0,1,0
1,1,0,70,1,1,104.44999694824219,7349.35009765625,0,0,1,0,1,0,0,0,1,0,0,0,1,0,1,0,1,0,0,1,0,0,0
0,1,0,4,1,0,70.5,294.20001220703125,0,1,0,0,1,0,0,0,0,0,0,0,0,0,0,0,0,0,0,0,0,1,0
0,1,1,45,1,0,20.350000381469727,929.2000122070312,0,1,0,0,0,1,0,1,0,1,0,1,0,1,0,1,0,1,0,1,0,0,1
0,0,0,10,1,1,70.0,740.0,1,1,0,0,1,0,0,0,0,0,0,0,0,0,0,0,0,0,0,0,0,1,0
0,1,1,36,1,0,19.450000762939453,754.5,0,1,0,0,0,1,0,1,0,1,0,1,0,1,0,1,0,1,0,1,1,0,0
0,0,0,54,1,1,69.9000015258789,3883.300048828125,0,1,0,0,0,0,1,0,1,0,0,0,1,0,1,0,0,0,0,0,0,0,1
0,1,1,23,1,0,59.70000076293945,1414.199951171875,0,1,1,0,0,0,0,0,1,0,0,0,1,0,0,0,0,0,0,1,0,0,1
0,1,1,41,1,1,78.3499984741211,3211.199951171875,0,0,1,0,0,0,1,0,1,0,1,0,0,0,1,0,0,0,1,0,1,0,0
1,0,0,5,1,1,71.44999694824219,371.6000061035156,0,1,0,0,1,0,0,0,0,0,0,0,0,0,0,0,0,0,0,0,0,0,1
0,1,1,27,0,1,45.849998474121094,1246.4000244140625,0,1,0,1,0,0,0,0,1,0,1,0,0,0,0,0,1,0,1,0,1,0,0
0,0,0,1,1,1,95.8499984741211,95.8499984741211,0,0,0,0,1,0,0,0,0,0,0,0,1,0,1,0,1,0,0,0,0,1,0
0,1,1,67,0,0,35.70000076293945,2545.699951171875,0,0,0,1,0,0,1,0,0,0,0,0,1,0,0,0,0,0,0,1,1,0,0
1,1,1,72,1,1,89.55000305175781,6448.85009765625,0,0,1,0,0,0,1,0,1,0,1,0,1,0,1,0,1,0,0,1,1,0,0
0,1,1,56,1,1,24.950000762939453,1468.9000244140625,0,0,1,0,0,1,0,1,0,1,0,1,0,1,0,1,0,1,0,1,1,0,0
0,1,1,44,1,0,24.850000381469727,1013.5999755859375,0,1,1,0,0,1,0,1,0,1,0,1,0,1,0,1,0,1,1,0,0,1,0
1,1,0,66,1,1,100.80000305175781,6690.75,0,0,1,0,1,0,0,0,1,0,0,0,0,0,1,0,1,0,0,0,0,1,0
0,0,0,34,1,1,64.4000015258789,2088.75,1,0,1,0,0,0,1,0,1,0,0,0,1,0,0,0,0,0,1,0,0,0,1
0,1,0,69,1,0,105.3499984741211,7240.64990234375,0,0,1,0,1,0,0,0,0,0,1,0,1,0,1,0,1,0,0,1,0,0,0
0,1,1,1,1,1,102.44999694824219,102.44999694824219,1,0,1,0,1,0,1,0,0,0,1,0,0,0,1,0,1,0,0,0,0,1,0
0,0,0,40,1,0,19.649999618530273,830.25,0,0,0,0,0,1,0,1,0,1,0,1,0,1,0,1,0,1,0,1,1,0,0
0,1,1,30,1,1,54.45000076293945,1588.699951171875,0,1,1,0,0,0,1,0,0,0,0,0,0,0,0,0,0,0,0,0,0,0,0
0,0,0,11,1,0,70.5,829.2999877929688,0,0,0,0,0,0,0,0,0,0,0,0,1,0,1,0,1,0,0,0,0,0,1
0,0,0,15,1,0,20.100000381469727,302.45001220703125,0,0,0,0,0,1,0,1,0,1,0,1,0,1,0,1,0,1,1,0,1,0,0
0,0,0,11,1,1,69.3499984741211,712.25,0,1,0,0,0,0,0,0,0,0,1,0,0,0,1,0,1,0,0,0,0,1,0
0,1,1,64,1,0,19.799999237060547,1336.6500244140625,0,0,0,0,0,1,0,1,0,1,0,1,0,1,0,1,0,1,1,0,0,0,0
1,1,0,72,1,0,74.4000015258789,5360.75,0,1,0,0,0,0,1,0,1,0,1,0,1,0,1,0,0,0,0,1,0,0,0
1,1,0,72,1,1,93.05000305175781,6735.0498046875,0,1,1,0,1,0,1,0,1,0,1,0,1,0,0,0,0,0,0,1,0,0,0
0,0,1,1,1,0,51.20000076293945,51.20000076293945,0,0,0,0,0,0,1,0,0,0,0,0,0,0,0,0,0,0,0,0,0,0,1
0,0,1,15,1,0,65.5999984741211,1010.0,0,0,0,0,0,0,1,0,1,0,1,0,1,0,0,0,0,0,1,0,1,0,0
0,0,0,60,1,0,80.55000305175781,4847.0498046875,0,0,1,0,0,0,0,0,0,0,1,0,1,0,1,0,1,0,1,0,1,0,0
0,0,0,56,1,0,52.70000076293945,3019.699951171875,0,1,0,0,0,0,1,0,0,0,1,0,0,0,0,0,0,0,1,0,0,0,1
0,0,0,8,1,0,20.850000381469727,161.64999389648438,0,0,0,0,0,1,0,1,0,1,0,1,0,1,0,1,0,1,0,1,0,0,1
0,0,0,3,1,0,80.0999984741211,217.5500030517578,1,0,0,0,1,0,0,0,0,0,1,0,1,0,0,0,0,0,0,0,1,0,0
0,1,0,49,1,1,52.150001525878906,2583.75,0,0,1,0,0,0,0,0,0,0,0,0,0,0,0,0,0,0,0,0,1,0,0
0,0,0,2,1,1,80.19999694824219,146.0500030517578,1,0,0,0,1,0,0,0,0,0,0,0,0,0,1,0,0,0,0,0,0,1,0
0,0,0,6,1,1,98.1500015258789,567.4500122070312,1,0,0,0,1,0,1,0,1,0,1,0,1,0,0,0,1,0,0,0,0,0,0
0,0,0,70,1,1,114.94999694824219,7711.25,0,1,1,0,1,0,1,0,1,0,1,0,1,0,1,0,1,0,0,1,0,0,0
0,0,0,12,1,1,112.94999694824219,1384.75,1,1,1,0,1,0,0,0,1,0,1,0,1,0,1,0,1,0,0,0,0,0,1
1,1,0,52,1,1,104.44999694824219,5481.25,0,1,0,0,1,0,1,0,0,0,1,0,1,0,1,0,1,0,1,0,0,0,0
0,1,0,72,1,1,113.6500015258789,8124.2001953125,0,0,1,0,1,0,1,0,1,0,1,0,1,0,1,0,1,0,0,1,1,0,0
0,0,0,40,1,1,20.600000381469727,827.2999877929688,0,0,0,0,0,1,0,1,0,1,0,1,0,1,0,1,0,1,0,1,0,0,0
0,0,0,1,1,0,70.9000015258789,70.9000015258789,1,0,0,0,1,0,0,0,0,0,0,0,0,0,0,0,0,0,0,0,0,0,1
1,0,0,3,1,1,86.8499984741211,220.9499969482422,1,0,0,0,1,0,0,0,0,0,1,0,0,0,1,0,0,0,0,0,0,1,0
1,0,0,40,1,1,91.55000305175781,3673.60009765625,0,0,0,0,1,0,0,0,0,0,0,0,0,0,1,0,1,0,0,0,0,1,0
0,0,1,1,1,1,49.849998474121094,49.849998474121094,0,1,0,0,0,0,0,0,0,0,1,0,0,0,0,0,0,0,0,0,0,1,0
0,1,0,30,1,0,19.799999237060547,576.6500244140625,0,1,0,0,0,1,0,1,0,1,0,1,0,1,0,1,0,1,1,0,1,0,0
0,1,1,23,1,1,99.8499984741211,2331.300048828125,1,1,0,0,1,0,1,0,0,0,0,0,1,0,1,0,1,0,0,0,0,1,0
0,1,1,1,1,1,74.5,74.5,1,1,1,0,1,0,0,0,0,0,0,0,0,0,0,0,0,0,0,0,0,1,0
1,1,0,44,1,0,104.1500015258789,4495.64990234375,0,0,1,0,1,0,0,0,0,0,1,0,1,0,1,0,1,0,0,0,0,1,0
0,0,0,65,1,1,109.1500015258789,6941.2001953125,1,1,1,0,1,0,0,0,1,0,1,0,1,0,1,0,1,0,0,0,0,1,0
1,0,0,7,1,1,48.20000076293945,340.3500061035156,0,0,0,0,0,0,1,0,0,0,0,0,0,0,0,0,0,0,0,0,0,1,0
1,0,0,72,1,1,25.100000381469727,1789.9000244140625,0,1,1,0,0,1,0,1,0,1,0,1,0,1,0,1,0,1,0,1,1,0,0
1,0,0,8,1,1,100.1500015258789,908.5499877929688,0,0,1,0,1,0,0,0,0,0,0,0,1,0,1,0,1,0,0,0,1,0,0
0,0,0,16,1,1,65.19999694824219,1043.3499755859375,1,0,1,0,0,0,0,0,0,0,1,0,0,0,0,0,1,0,0,0,1,0,0
1,1,1,66,1,1,99.5,6822.14990234375,1,1,1,0,1,0,0,0,0,0,1,0,0,0,1,0,1,0,0,0,1,0,0
0,0,0,1,1,1,71.55000305175781,71.55000305175781,1,1,0,0,1,0,0,0,0,0,0,0,0,0,0,0,0,0,0,0,0,0,1
0,0,1,3,1,0,55.900001525878906,157.5500030517578,0,1,0,0,0,0,1,0,0,0,1,0,0,0,0,0,0,0,0,0,0,0,1
0,1,0,53,1,0,93.9000015258789,5029.2001953125,1,1,1,0,1,0,1,0,0,0,1,0,0,0,0,0,1,0,0,0,0,1,0
1,1,0,8,1,1,64.4000015258789,581.7000122070312,0,1,0,0,0,0,0,0,0,0,1,0,1,0,0,0,1,0,0,0,1,0,0
1,1,0,69,1,1,108.4000015258789,7318.2001953125,1,1,1,0,1,0,0,0,1,0,1,0,1,0,1,0,1,0,0,1,0,0,0
0,0,0,5,1,1,85.30000305175781,420.45001220703125,0,0,0,0,1,0,0,0,1,0,0,0,0,0,1,0,0,0,0,0,0,0,1
0,1,1,72,1,0,107.44999694824219,7576.7001953125,0,0,1,0,1,0,1,0,0,0,1,0,1,0,1,0,1,0,0,1,0,0,1
0,1,0,13,0,1,48.75,633.4000244140625,1,0,0,1,0,0,0,0,0,0,1,0,0,0,1,0,1,0,0,0,0,0,0
0,0,0,4,1,1,85.6500015258789,321.6499938964844,1,0,1,0,1,0,0,0,0,0,0,0,0,0,1,0,0,0,0,0,0,1,0
0,1,1,54,1,0,91.30000305175781,4965.0,0,0,1,0,0,0,1,0,1,0,1,0,1,0,1,0,1,0,0,1,1,0,0
0,1,0,72,1,0,85.94999694824219,6151.89990234375,0,1,1,0,0,0,0,0,1,0,1,0,1,0,1,0,1,0,0,1,0,0,0
0,0,0,12,1,1,106.69999694824219,1253.9000244140625,1,1,1,0,1,0,0,0,1,0,1,0,0,0,1,0,1,0,0,0,0,1,0
0,0,0,1,0,1,25.149999618530273,25.149999618530273,1,1,0,1,0,0,0,0,0,0,0,0,0,0,0,0,0,0,0,0,0,1,0
1,0,0,1,1,0,45.20000076293945,45.20000076293945,0,1,0,0,0,0,0,0,0,0,0,0,0,0,0,0,0,0,0,0,0,1,0
0,1,0,54,1,0,110.3499984741211,5893.14990234375,1,0,1,0,1,0,0,0,1,0,1,0,1,0,1,0,1,0,1,0,0,1,0
0,1,1,69,1,1,79.19999694824219,5420.64990234375,0,1,1,0,1,0,0,0,0,0,1,0,0,0,0,0,0,0,0,1,1,0,0
0,0,0,48,1,0,55.5,2627.35009765625,0,0,0,0,0,0,1,0,1,0,0,0,0,0,0,0,0,0,0,1,1,0,0
0,1,1,48,1,1,103.25,5037.5498046875,1,0,1,0,1,0,1,0,1,0,0,0,0,0,1,0,1,0,1,0,1,0,0
0,1,0,8,1,1,90.25,743.75,0,0,1,0,1,0,0,0,0,0,0,0,1,0,0,0,1,0,0,0,0,1,0
0,1,1,71,1,1,91.25,6589.60009765625,0,1,1,0,0,0,1,0,1,0,1,0,1,0,1,0,1,0,0,1,0,0,1
0,0,0,2,1,1,47.79999923706055,92.44999694824219,1,1,0,0,0,0,1,0,0,0,0,0,0,0,0,0,0,0,0,0,0,1,0
0,1,0,67,1,1,100.9000015258789,6733.14990234375,0,1,0,0,1,0,1,0,1,0,0,0,0,0,1,0,1,0,1,0,1,0,0
0,1,1,34,1,1,97.69999694824219,3410.0,0,1,1,0,1,0,0,0,1,0,0,0,0,0,1,0,1,0,0,0,0,0,0
0,0,0,3,1,1,69.8499984741211,199.85000610351562,0,0,0,0,1,0,0,0,0,0,0,0,0,0,0,0,0,0,0,0,0,1,0
0,1,1,9,1,1,65.5999984741211,593.2999877929688,0,0,0,0,0,0,0,0,1,0,0,0,1,0,1,0,0,0,1,0,0,0,1
0,1,1,71,1,1,104.6500015258789,7288.39990234375,0,1,0,0,1,0,1,0,1,0,1,0,0,0,1,0,1,0,1,0,0,0,0
0,0,0,57,1,1,90.44999694824219,5229.7998046875,0,1,1,0,1,0,0,0,0,0,0,0,1,0,1,0,0,0,0,1,1,0,0
0,0,0,72,0,1,63.70000076293945,4464.7998046875,0,1,0,1,0,0,1,0,1,0,1,0,1,0,1,0,1,0,0,1,0,0,0
1,1,1,48,1,1,104.5,5068.0498046875,0,0,0,0,1,0,1,0,0,0,1,0,1,0,1,0,1,0,0,0,0,1,0
0,0,0,18,1,0,20.100000381469727,401.8500061035156,0,1,0,0,0,1,0,1,0,1,0,1,0,1,0,1,0,1,1,0,0,0,1
0,1,1,43,1,1,104.30000305175781,4451.85009765625,0,1,1,0,1,0,0,0,0,0,1,0,1,0,1,0,1,0,1,0,1,0,0
0,1,1,72,1,1,93.25,6688.9501953125,0,0,1,0,0,0,1,0,1,0,1,0,1,0,1,0,1,0,0,1,0,0,0
0,1,1,35,1,1,73.44999694824219,2661.10009765625,0,1,1,0,0,0,0,0,0,0,0,0,1,0,1,0,1,0,1,0,0,0,0
0,0,0,4,1,0,20.700000762939453,73.05000305175781,0,1,0,0,0,1,0,1,0,1,0,1,0,1,0,1,0,1,0,0,0,0,1
0,1,1,49,1,0,25.25,1211.6500244140625,0,0,1,0,0,1,0,1,0,1,0,1,0,1,0,1,0,1,0,1,0,0,1
0,1,1,71,1,0,100.5,7030.64990234375,0,0,1,0,1,0,1,0,1,0,1,0,0,0,1,0,0,0,0,1,0,0,0
0,1,1,11,1,0,90.5999984741211,1020.2000122070312,0,1,0,0,1,0,0,0,0,0,0,0,0,0,1,0,1,0,0,0,0,1,0
0,1,1,63,1,1,89.4000015258789,5597.64990234375,0,1,1,0,0,0,1,0,1,0,1,0,1,0,1,0,1,0,0,1,1,0,0
1,0,0,65,1,1,95.44999694824219,6223.2998046875,0,0,1,0,1,0,0,0,1,0,1,0,0,0,1,0,0,0,0,0,0,0,0
0,0,1,49,1,0,20.450000762939453,1024.6500244140625,0,0,0,0,0,1,0,1,0,1,0,1,0,1,0,1,0,1,0,1,1,0,0
0,0,0,29,1,1,98.5999984741211,2933.199951171875,1,0,1,0,1,0,0,0,0,0,1,0,0,0,1,0,1,0,0,0,1,0,0
1,1,0,15,1,1,83.05000305175781,1258.300048828125,1,0,1,0,1,0,0,0,0,0,1,0,1,0,0,0,0,0,0,0,0,1,0
0,1,1,4,1,1,19.950000762939453,82.9000015258789,0,0,0,0,0,1,0,1,0,1,0,1,0,1,0,1,0,1,0,0,0,1,0
0,1,0,72,1,0,109.1500015258789,7789.60009765625,0,0,1,0,1,0,0,0,1,0,1,0,1,0,1,0,1,0,1,0,1,0,0
1,1,0,26,1,1,85.69999694824219,2067.0,0,0,0,0,1,0,0,0,0,0,1,0,0,0,1,0,0,0,0,0,1,0,0
1,1,0,35,1,0,102.05000305175781,3452.550048828125,0,0,1,0,1,0,0,0,0,0,1,0,0,0,1,0,1,0,0,0,0,0,0
0,0,0,57,1,0,94.69999694824219,5468.9501953125,0,0,1,0,1,0,0,0,1,0,0,0,1,0,0,0,1,0,1,0,0,1,0
0,1,1,28,1,0,64.4000015258789,1802.1500244140625,0,1,1,0,0,0,0,0,1,0,0,0,0,0,0,0,1,0,0,0,0,1,0
0,1,0,25,1,1,26.799999237060547,733.5499877929688,0,0,1,0,0,1,0,1,0,1,0,1,0,1,0,1,0,1,1,0,0,0,1
0,1,0,47,1,1,66.05000305175781,3021.449951171875,0,0,0,0,0,0,1,0,0,0,1,0,0,0,1,0,0,0,1,0,1,0,0
0,1,1,57,1,0,65.19999694824219,3687.85009765625,0,0,1,0,0,0,1,0,1,0,0,0,1,0,0,0,0,0,0,0,0,0,0
1,1,0,16,1,1,85.05000305175781,1391.1500244140625,0,1,1,0,1,0,0,0,0,0,0,0,0,0,1,0,0,0,0,0,1,0,0
0,0,0,5,1,1,55.79999923706055,274.3500061035156,0,1,0,0,0,0,1,0,0,0,1,0,0,0,0,0,0,0,0,0,0,0,1
0,1,0,17,1,1,70.4000015258789,1214.050048828125,1,1,0,0,1,0,0,0,0,0,0,0,0,0,0,0,0,0,0,0,0,0,0
1,0,0,56,1,1,104.75,5510.64990234375,1,0,1,0,1,0,0,0,1,0,1,0,0,0,1,0,1,0,1,0,0,0,0
0,1,1,72,1,0,19.950000762939453,1322.8499755859375,0,1,0,0,0,1,0,1,0,1,0,1,0,1,0,1,0,1,0,1,0,0,0
1,0,0,21,1,1,94.25,1973.75,1,0,1,0,1,0,0,0,0,0,0,0,0,0,1,0,1,0,0,0,0,1,0
0,1,1,48,0,0,45.0,2196.300048828125,0,0,0,1,0,0,1,0,0,0,1,0,0,0,0,0,1,0,1,0,1,0,0
0,1,0,68,1,0,114.9000015258789,7843.5498046875,0,0,1,0,1,0,1,0,1,0,1,0,1,0,1,0,1,0,0,1,0,0,0
0,0,0,30,1,0,106.4000015258789,3211.89990234375,0,0,1,0,1,0,1,0,0,0,0,0,1,0,1,0,1,0,0,0,0,0,0
0,1,0,3,1,1,46.099998474121094,130.14999389648438,0,0,0,0,0,0,0,0,0,0,0,0,0,0,0,0,0,0,0,0,0,0,1
1,0,0,14,0,0,39.70000076293945,692.3499755859375,0,0,0,1,0,0,1,0,0,0,1,0,1,0,0,0,0,0,0,1,0,0,1
0,0,1,4,1,1,20.049999237060547,85.5,0,0,0,0,0,1,0,1,0,1,0,1,0,1,0,1,0,1,0,0,0,0,0
0,1,1,71,1,1,95.75,6849.39990234375,0,0,1,0,1,0,0,0,1,0,1,0,0,0,0,0,1,0,0,1,1,0,0
0,1,1,8,1,0,24.399999618530273,203.9499969482422,0,1,1,0,0,1,0,1,0,1,0,1,0,1,0,1,0,1,1,0,0,0,1
0,1,1,61,0,0,33.599998474121094,2117.199951171875,0,1,0,1,0,0,1,0,0,0,1,0,0,0,0,0,0,0,0,0,0,0,0
0,1,1,72,1,0,90.44999694824219,6565.85009765625,0,1,1,0,1,0,0,0,1,0,1,0,1,0,0,0,0,0,0,1,0,0,0
0,0,0,5,1,1,84.0,424.75,0,0,1,0,1,0,0,0,0,0,0,0,0,0,1,0,0,0,0,0,0,1,0
0,0,0,49,1,0,67.4000015258789,3306.85009765625,0,0,0,0,0,0,1,0,1,0,1,0,1,0,0,0,0,0,0,1,0,0,0
0,0,0,8,1,1,19.700000762939453,168.89999389648438,0,1,0,0,0,1,0,1,0,1,0,1,0,1,0,1,0,1,0,0,0,0,0
0,0,0,3,1,1,80.3499984741211,253.8000030517578,0,1,0,0,1,0,0,0,0,0,0,0,0,0,0,0,1,0,0,0,0,1,0
0,1,1,9,1,0,19.600000381469727,197.39999389648438,0,1,0,0,0,1,0,1,0,1,0,1,0,1,0,1,0,1,0,1,0,0,1
0,1,1,67,1,1,54.20000076293945,3838.199951171875,0,1,0,0,0,0,1,0,1,0,0,0,0,0,0,0,0,0,0,1,0,0,0
0,0,0,46,1,1,45.20000076293945,2065.14990234375,0,1,0,0,0,0,0,0,0,0,0,0,0,0,0,0,0,0,0,0,1,0,0
0,1,0,67,1,0,75.0999984741211,5064.4501953125,0,0,1,0,0,0,1,0,1,0,1,0,0,0,0,0,1,0,1,0,0,0,1
0,1,0,55,1,0,19.700000762939453,1140.050048828125,0,0,0,0,0,1,0,1,0,1,0,1,0,1,0,1,0,1,1,0,0,1,0
0,1,0,33,1,1,72.75,2447.449951171875,0,1,1,0,0,0,1,0,1,0,1,0,0,0,1,0,0,0,0,0,0,0,0
0,1,1,62,1,0,20.049999237060547,1263.9000244140625,0,1,0,0,0,1,0,1,0,1,0,1,0,1,0,1,0,1,0,1,1,0,0
0,0,1,1,1,0,45.95000076293945,45.95000076293945,1,0,0,0,0,0,0,0,0,0,0,0,0,0,0,0,0,0,0,0,0,0,1
0,1,1,49,0,1,39.20000076293945,1838.1500244140625,0,1,0,1,0,0,1,0,0,0,0,0,0,0,0,0,1,0,0,0,0,1,0
0,0,0,1,1,1,44.75,44.75,0,1,0,0,0,0,0,0,0,0,0,0,0,0,0,0,0,0,0,0,0,1,0
0,1,0,14,1,1,82.6500015258789,1185.0,0,1,1,0,1,0,0,0,1,0,1,0,0,0,0,0,0,0,0,0,0,1,0
1,0,0,18,1,0,93.9000015258789,1743.9000244140625,0,1,1,0,1,0,0,0,0,0,1,0,1,0,1,0,0,0,0,0,0,0,0
1,0,0,1,1,1,70.1500015258789,70.1500015258789,1,0,0,0,1,0,0,0,0,0,0,0,0,0,0,0,0,0,0,0,0,1,0
0,0,0,1,1,1,85.55000305175781,85.55000305175781,1,0,0,0,1,0,0,0,0,0,1,0,0,0,1,0,0,0,0,0,1,0,0
0,1,0,72,1,1,117.1500015258789,8529.5,0,0,1,0,1,0,1,0,1,0,1,0,1,0,1,0,1,0,0,1,1,0,0
0,0,0,64,1,0,99.25,6549.4501953125,0,1,1,0,1,0,1,0,0,0,1,0,1,0,0,0,1,0,0,1,1,0,0
0,1,0,69,1,1,112.55000305175781,7806.5,0,1,1,0,1,0,1,0,1,0,1,0,1,0,1,0,1,0,0,1,0,0,0
0,0,0,1,1,1,25.700000762939453,25.700000762939453,0,0,1,0,0,1,0,1,0,1,0,1,0,1,0,1,0,1,0,0,0,1,0
0,1,1,71,1,0,90.30000305175781,6287.2998046875,0,1,1,0,0,0,1,0,1,0,1,0,1,0,1,0,1,0,0,1,1,0,0
0,1,1,66,1,1,49.400001525878906,3251.85009765625,0,0,0,0,0,0,0,0,0,0,0,0,1,0,0,0,0,0,1,0,1,0,0
0,0,0,2,1,0,19.399999618530273,50.599998474121094,0,1,0,0,0,1,0,1,0,1,0,1,0,1,0,1,0,1,0,0,0,0,1
1,1,0,71,1,1,109.69999694824219,7904.25,0,0,0,0,1,0,1,0,1,0,1,0,1,0,1,0,1,0,0,1,0,0,0
0,0,0,11,1,1,61.25,729.9500122070312,0,1,0,0,0,0,0,0,1,0,0,0,0,0,1,0,0,0,1,0,0,1,0
0,0,1,47,1,1,55.29999923706055,2654.050048828125,0,1,0,0,0,0,1,0,1,0,0,0,0,0,0,0,0,0,0,0,0,1,0
0,1,0,35,1,1,70.30000305175781,2416.550048828125,1,0,0,0,1,0,0,0,0,0,0,0,0,0,0,0,0,0,0,0,0,1,0
1,1,0,32,1,0,106.3499984741211,3520.75,1,1,1,0,1,0,0,0,1,0,1,0,0,0,1,0,1,0,0,0,0,0,0
0,1,1,60,1,1,103.75,5969.9501953125,0,1,1,0,1,0,0,0,1,0,0,0,1,0,1,0,1,0,0,0,0,0,0
0,0,0,11,1,0,19.5,226.8000030517578,0,1,0,0,0,1,0,1,0,1,0,1,0,1,0,1,0,1,1,0,0,0,1
0,0,0,29,0,0,39.5,1082.75,0,0,0,1,0,0,1,0,1,0,0,0,1,0,0,0,0,0,1,0,1,0,0
0,1,1,21,0,1,26.049999237060547,565.75,0,1,0,1,0,0,0,0,0,0,0,0,0,0,0,0,0,0,0,0,0,1,0
1,1,0,48,1,1,91.05000305175781,4370.75,0,1,1,0,1,0,0,0,0,0,1,0,0,0,0,0,1,0,0,0,1,0,0
0,0,1,3,0,0,29.649999618530273,90.05000305175781,0,0,0,1,0,0,0,0,1,0,0,0,0,0,0,0,0,0,0,0,0,0,1
0,1,1,43,1,0,50.20000076293945,2169.39990234375,0,0,0,0,0,0,0,0,1,0,0,0,0,0,0,0,0,0,0,0,0,0,1
0,0,0,5,1,0,105.30000305175781,550.5999755859375,0,1,1,0,1,0,0,0,1,0,1,0,0,0,1,0,1,0,0,0,0,1,0
0,0,0,1,1,1,55.45000076293945,55.45000076293945,0,0,0,0,0,0,0,0,0,0,0,0,0,0,0,0,1,0,0,0,0,1,0
0,1,1,71,1,0,85.44999694824219,6300.85009765625,0,1,1,0,0,0,1,0,0,0,1,0,1,0,1,0,1,0,1,0,0,1,0
0,1,1,8,1,0,19.799999237060547,160.0500030517578,0,0,0,0,0,1,0,1,0,1,0,1,0,1,0,1,0,1,1,0,0,1,0
0,0,0,8,1,1,59.25,436.6000061035156,0,1,1,0,0,0,0,0,0,0,0,0,0,0,1,0,0,0,0,0,0,1,0
0,0,0,20,1,1,90.69999694824219,1781.3499755859375,0,1,1,0,1,0,0,0,0,0,1,0,0,0,1,0,0,0,0,0,1,0,0
0,1,1,33,1,1,103.69999694824219,3467.0,1,0,1,0,1,0,1,0,0,0,1,0,0,0,1,0,1,0,1,0,0,0,1
0,0,0,71,1,1,79.05000305175781,5552.5,0,1,1,0,1,0,0,0,1,0,0,0,0,0,0,0,0,0,1,0,1,0,0
1,1,0,31,1,1,90.69999694824219,2835.5,0,0,1,0,1,0,0,0,0,0,1,0,0,0,1,0,0,0,1,0,0,1,0
1,1,0,38,1,0,95.0,3591.25,0,0,1,0,1,0,1,0,1,0,0,0,0,0,0,0,1,0,1,0,1,0,0
0,0,0,1,1,1,88.3499984741211,88.3499984741211,1,1,0,0,1,0,0,0,0,0,0,0,0,0,1,0,1,0,0,0,0,1,0
0,1,1,2,0,1,30.25,63.75,0,0,0,1,0,0,0,0,1,0,0,0,0,0,0,0,0,0,0,0,0,0,1
0,1,0,12,0,1,49.849998474121094,617.1500244140625,0,0,0,1,0,0,0,0,0,0,1,0,0,0,1,0,1,0,0,0,0,0,0
0,0,1,9,1,0,93.0,870.25,0,0,0,0,1,0,1,0,0,0,1,0,1,0,0,0,1,0,0,0,0,0,0
1,0,1,11,1,1,54.54999923706055,601.25,0,1,0,0,0,0,0,0,1,0,0,0,1,0,0,0,0,0,0,0,0,1,0
0,0,1,6,1,0,19.700000762939453,111.6500015258789,0,1,0,0,0,1,0,1,0,1,0,1,0,1,0,1,0,1,0,0,0,0,1
0,1,0,71,1,1,84.80000305175781,6046.10009765625,0,0,0,0,0,0,1,0,1,0,1,0,1,0,1,0,1,0,1,0,0,0,0
0,1,1,42,1,1,94.44999694824219,3923.800048828125,0,0,1,0,1,0,1,0,1,0,0,0,0,0,1,0,0,0,1,0,1,0,0
0,1,1,8,1,1,94.19999694824219,777.2999877929688,1,0,0,0,1,0,0,0,0,0,1,0,0,0,1,0,1,0,0,0,0,1,0
0,0,0,5,1,1,96.25,512.4500122070312,1,0,0,0,1,0,0,0,1,0,0,0,0,0,1,0,1,0,0,0,0,1,0
0,1,0,2,1,1,70.69999694824219,141.4499969482422,1,0,0,0,1,0,0,0,0,0,0,0,0,0,0,0,0,0,0,0,0,1,0
0,1,1,45,1,0,20.850000381469727,892.1500244140625,0,0,0,0,0,1,0,1,0,1,0,1,0,1,0,1,0,1,0,1,0,0,1
0,1,1,28,0,1,60.0,1682.050048828125,0,1,0,1,0,0,0,0,1,0,1,0,1,0,1,0,1,0,1,0,1,0,0
0,1,0,43,1,0,80.44999694824219,3398.89990234375,0,0,1,0,1,0,0,0,1,0,0,0,0,0,0,0,0,0,0,0,0,1,0
0,0,1,60,1,1,84.94999694824219,4984.85009765625,0,1,1,0,0,0,1,0,0,0,1,0,1,0,1,0,1,0,0,1,0,1,0
0,1,0,42,0,0,33.54999923706055,1445.300048828125,1,0,0,1,0,0,0,0,1,0,0,0,1,0,0,0,0,0,1,0,0,0,1
0,1,1,7,0,0,49.650001525878906,305.54998779296875,0,1,0,1,0,0,1,0,0,0,1,0,1,0,0,0,1,0,0,1,1,0,0
0,1,0,25,1,1,20.200000762939453,507.8999938964844,0,0,0,0,0,1,0,1,0,1,0,1,0,1,0,1,0,1,1,0,0,0,0
1,1,1,40,1,1,94.55000305175781,3640.449951171875,1,0,1,0,1,0,0,0,0,0,0,0,0,0,1,0,1,0,0,0,1,0,0
0,0,0,27,1,1,100.5,2673.449951171875,0,1,1,0,1,0,0,0,0,0,1,0,0,0,1,0,1,0,1,0,0,0,0
0,0,0,10,0,0,35.75,389.79998779296875,0,1,0,1,0,0,0,0,1,0,0,0,1,0,0,0,0,0,0,0,0,1,0
1,0,0,27,1,1,86.44999694824219,2401.050048828125,0,0,1,0,1,0,0,0,1,0,1,0,0,0,0,0,0,0,0,0,0,0,0
0,0,0,11,1,0,53.79999923706055,651.5499877929688,0,0,0,0,0,0,0,0,0,0,1,0,1,0,0,0,0,0,1,0,0,0,0
0,1,1,4,0,0,38.54999923706055,156.10000610351562,0,1,0,1,0,0,1,0,0,0,0,0,0,0,1,0,0,0,0,0,1,0,0
0,0,0,68,0,1,39.900001525878906,2796.35009765625,0,1,0,1,0,0,0,0,0,0,1,0,0,0,0,0,1,0,0,0,0,0,0
1,0,0,1,1,1,70.05000305175781,70.05000305175781,0,1,0,0,1,0,0,0,0,0,0,0,0,0,0,0,0,0,0,0,0,1,0
0,0,0,18,1,0,20.100000381469727,407.04998779296875,0,0,0,0,0,1,0,1,0,1,0,1,0,1,0,1,0,1,1,0,0,0,1
0,0,0,57,1,1,112.94999694824219,6465.0,1,0,1,0,1,0,1,0,1,0,1,0,0,0,1,0,1,0,0,1,0,0,0
0,0,0,26,1,1,20.299999237060547,511.25,0,1,0,0,0,1,0,1,0,1,0,1,0,1,0,1,0,1,0,0,0,1,0
0,1,0,17,0,1,35.650001525878906,646.0499877929688,0,0,0,1,0,0,0,0,1,0,1,0,0,0,0,0,0,0,0,0,1,0,0
0,0,0,1,0,0,35.900001525878906,35.900001525878906,1,1,0,1,0,0,0,0,0,0,0,0,0,0,0,0,1,0,0,0,0,1,0
0,0,1,38,1,1,99.25,3777.14990234375,1,1,1,0,1,0,0,0,0,0,1,0,0,0,1,0,1,0,0,0,0,0,0
1,1,0,59,1,1,82.94999694824219,4903.14990234375,0,1,0,0,1,0,1,0,1,0,1,0,0,0,0,0,0,0,1,0,1,0,0
0,0,0,30,1,1,55.650001525878906,1653.8499755859375,0,1,0,0,0,0,1,0,0,0,1,0,0,0,0,0,0,0,0,1,0,0,1
1,0,0,2,0,1,24.450000762939453,47.5,1,1,0,1,0,0,0,0,0,0,0,0,0,0,0,0,0,0,0,0,0,0,1
1,1,0,50,1,0,25.200000762939453,1306.300048828125,0,0,1,0,0,1,0,1,0,1,0,1,0,1,0,1,0,1,1,0,0,1,0
0,0,0,9,0,0,50.79999923706055,463.6000061035156,0,1,0,1,0,0,1,0,0,0,1,0,1,0,0,0,1,0,1,0,0,0,1
0,1,1,3,1,0,19.649999618530273,60.650001525878906,0,0,0,0,0,1,0,1,0,1,0,1,0,1,0,1,0,1,0,0,0,0,1
0,0,1,14,1,1,59.79999923706055,824.8499755859375,0,0,0,0,0,0,0,0,0,0,1,0,0,0,1,0,0,0,0,0,1,0,0
1,0,0,31,1,1,73.55000305175781,2094.64990234375,0,0,0,0,1,0,1,0,0,0,0,0,0,0,0,0,0,0,0,0,1,0,0
0,0,0,7,1,0,61.400001525878906,438.8999938964844,0,0,0,0,0,0,1,0,1,0,1,0,0,0,0,0,0,0,0,0,0,1,0
0,0,0,8,1,1,103.3499984741211,847.2999877929688,1,0,1,0,1,0,1,0,0,0,0,0,1,0,1,0,1,0,0,0,0,0,0
0,1,1,17,1,0,19.899999618530273,329.75,0,1,0,0,0,1,0,1,0,1,0,1,0,1,0,1,0,1,1,0,0,0,0
0,1,1,32,1,1,19.450000762939453,674.5499877929688,0,1,0,0,0,1,0,1,0,1,0,1,0,1,0,1,0,1,0,0,1,0,0
1,0,0,2,1,0,81.5,162.5500030517578,0,0,0,0,1,0,0,0,0,0,0,0,0,0,1,0,0,0,0,0,0,0,1
1,0,0,7,1,1,84.80000305175781,546.9500122070312,1,1,1,0,1,0,0,0,0,0,0,0,0,0,1,0,0,0,0,0,0,1,0
0,1,1,72,1,0,109.55000305175781,7887.25,0,0,1,0,1,0,1,0,1,0,1,0,0,0,1,0,1,0,0,1,1,0,0
1,0,0,31,1,1,99.94999694824219,3186.64990234375,1,0,1,0,1,0,0,0,1,0,0,0,0,0,1,0,1,0,0,0,0,1,0
0,1,1,27,1,0,74.4000015258789,1972.3499755859375,0,0,0,0,1,0,1,0,0,0,0,0,0,0,0,0,0,0,0,0,0,0,1
0,0,0,18,1,1,90.0,1527.3499755859375,1,0,1,0,1,0,0,0,1,0,0,0,0,0,1,0,0,0,0,0,1,0,0
0,0,0,7,1,1,74.9000015258789,490.54998779296875,0,1,0,0,1,0,0,0,0,0,1,0,0,0,0,0,0,0,0,0,0,1,0
1,0,0,14,1,1,104.8499984741211,1531.4000244140625,1,0,1,0,1,0,0,0,1,0,1,0,0,0,1,0,1,0,0,0,0,1,0
0,1,1,11,1,1,59.650001525878906,683.25,0,1,0,0,0,0,0,0,0,0,1,0,0,0,1,0,0,0,0,0,0,0,0
0,1,1,72,1,1,110.44999694824219,8058.85009765625,0,0,1,0,1,0,1,0,0,0,1,0,1,0,1,0,1,0,0,1,0,0,0
0,1,1,28,1,0,106.0999984741211,2847.39990234375,1,1,1,0,1,0,1,0,1,0,0,0,0,0,1,0,1,0,1,0,0,1,0
1,0,0,15,1,1,74.19999694824219,1133.9000244140625,1,1,1,0,1,0,0,0,0,0,0,0,0,0,0,0,0,0,0,0,1,0,0
1,0,0,4,1,1,74.44999694824219,294.45001220703125,0,0,1,0,1,0,0,0,0,0,0,0,0,0,0,0,0,0,0,0,0,1,0
0,0,0,71,1,0,24.549999237060547,1719.1500244140625,0,0,1,0,0,1,0,1,0,1,0,1,0,1,0,1,0,1,0,1,0,1,0
0,0,0,5,1,1,89.3499984741211,461.70001220703125,1,0,0,0,1,0,0,0,1,0,0,0,1,0,0,0,1,0,0,0,0,1,0
0,1,1,47,1,0,24.549999237060547,1160.449951171875,0,1,1,0,0,1,0,1,0,1,0,1,0,1,0,1,0,1,0,1,0,0,1
1,1,0,57,1,1,90.6500015258789,5199.7998046875,0,1,0,0,1,0,0,0,1,0,1,0,0,0,1,0,0,0,1,0,0,1,0
1,1,0,50,1,1,105.05000305175781,5163.2998046875,0,1,1,0,1,0,1,0,0,0,1,0,0,0,1,0,1,0,0,1,1,0,0
0,0,0,8,1,1,20.450000762939453,162.3000030517578,0,1,0,0,0,1,0,1,0,1,0,1,0,1,0,1,0,1,0,0,1,0,0
0,1,1,48,1,0,19.549999237060547,883.3499755859375,0,0,0,0,0,1,0,1,0,1,0,1,0,1,0,1,0,1,0,1,0,0,1
0,0,0,70,1,0,19.700000762939453,1341.5,0,0,0,0,0,1,0,1,0,1,0,1,0,1,0,1,0,1,1,0,0,0,0
0,0,1,1,1,1,70.44999694824219,70.44999694824219,0,1,0,0,0,0,1,0,1,0,0,0,1,0,0,0,1,0,0,0,0,0,0
0,1,0,8,1,1,85.6500015258789,659.4500122070312,0,1,1,0,1,0,0,0,0,0,0,0,0,0,0,0,1,0,0,0,0,0,0
0,0,0,1,1,1,77.1500015258789,77.1500015258789,1,0,1,0,1,0,0,0,0,0,0,0,0,0,0,0,0,0,0,0,0,1,0
0,0,0,1,0,1,35.25,35.25,1,1,0,1,0,0,0,0,0,0,0,0,0,0,0,0,1,0,0,0,0,0,0
0,1,1,60,1,0,20.549999237060547,1205.050048828125,0,1,0,0,0,1,0,1,0,1,0,1,0,1,0,1,0,1,0,1,0,0,1
0,1,1,49,1,1,97.94999694824219,4917.89990234375,0,1,1,0,1,0,0,0,0,0,0,0,1,0,1,0,1,0,1,0,0,1,0
0,1,0,4,0,1,48.54999923706055,201.0,1,1,0,1,0,0,0,0,1,0,0,0,0,0,1,0,1,0,0,0,0,1,0
0,0,0,29,1,0,20.0,599.2999877929688,0,0,0,0,0,1,0,1,0,1,0,1,0,1,0,1,0,1,1,0,0,0,1
0,1,0,67,1,1,25.25,1733.1500244140625,0,0,1,0,0,1,0,1,0,1,0,1,0,1,0,1,0,1,0,1,1,0,0
0,1,0,53,1,1,98.4000015258789,5149.5,1,0,1,0,1,0,0,0,1,0,0,0,0,0,1,0,1,0,0,0,1,0,0
0,1,0,67,1,0,70.9000015258789,4677.10009765625,0,1,1,0,0,0,1,0,1,0,1,0,1,0,0,0,0,0,0,1,1,0,0
0,1,1,6,1,0,19.850000381469727,119.30000305175781,0,0,0,0,0,1,0,1,0,1,0,1,0,1,0,1,0,1,0,0,0,0,1
0,0,0,47,1,1,106.3499984741211,4849.10009765625,0,0,1,0,1,0,0,0,1,0,1,0,0,0,1,0,1,0,0,0,0,1,0
0,0,0,53,1,0,99.5,5424.25,0,0,0,0,1,0,1,0,1,0,1,0,1,0,0,0,1,0,0,1,0,0,1
0,1,0,69,1,1,84.69999694824219,5878.89990234375,0,1,0,0,0,0,1,0,1,0,1,0,1,0,1,0,1,0,0,1,0,0,1
0,0,0,3,1,1,86.05000305175781,244.85000610351562,0,1,0,0,1,0,1,0,0,0,0,0,0,0,0,0,1,0,0,0,0,0,1
0,0,0,4,1,0,44.54999923706055,220.75,0,1,0,0,0,0,0,0,0,0,0,0,0,0,0,0,0,0,0,0,0,0,1
0,1,1,56,1,1,75.8499984741211,4261.2001953125,0,1,1,0,0,0,1,0,1,0,0,0,1,0,0,0,1,0,0,1,1,0,0
1,1,0,59,1,1,93.8499984741211,5574.75,1,1,1,0,1,0,0,0,0,0,0,0,0,0,1,0,1,0,0,0,0,0,0
1,1,0,61,1,0,25.0,1501.75,0,1,1,0,0,1,0,1,0,1,0,1,0,1,0,1,0,1,0,1,0,0,0
0,1,0,2,1,1,45.0,89.75,0,0,0,0,0,0,0,0,0,0,0,0,0,0,0,0,0,0,0,0,0,1,0
1,1,1,46,1,1,100.69999694824219,4541.2001953125,1,1,1,0,1,0,1,0,1,0,1,0,0,0,1,0,0,0,0,0,0,1,0
0,1,1,12,1,0,20.5,255.5,0,1,0,0,0,1,0,1,0,1,0,1,0,1,0,1,0,1,0,0,0,0,1
0,0,0,14,1,1,80.44999694824219,1072.0,1,0,1,0,1,0,0,0,0,0,1,0,0,0,0,0,0,0,0,0,0,1,0
0,1,1,28,1,1,90.44999694824219,2509.25,0,0,1,0,1,0,0,0,0,0,0,0,1,0,0,0,1,0,1,0,0,1,0
0,0,0,24,1,0,60.45000076293945,1440.75,0,1,0,0,0,0,1,0,1,0,0,0,1,0,0,0,0,0,0,0,0,0,0
0,0,0,31,1,1,55.25,1715.6500244140625,1,1,0,0,0,0,0,0,0,0,1,0,1,0,0,0,0,0,0,0,0,1,0
0,1,1,68,1,1,78.44999694824219,5333.35009765625,0,0,1,0,0,0,1,0,1,0,1,0,1,0,0,0,1,0,1,0,0,1,0
0,0,1,39,1,0,100.55000305175781,3895.35009765625,0,1,1,0,1,0,0,0,0,0,0,0,1,0,1,0,1,0,0,1,0,0,1
0,1,0,42,1,0,20.350000381469727,869.9000244140625,0,0,0,0,0,1,0,1,0,1,0,1,0,1,0,1,0,1,0,0,1,0,0
0,1,0,13,0,1,54.45000076293945,706.8499755859375,1,1,0,1,0,0,1,0,0,0,0,0,1,0,1,0,1,0,0,0,0,1,0
0,1,0,6,1,1,90.75,512.25,0,0,1,0,1,0,0,0,1,0,0,0,0,0,0,0,1,0,0,0,0,1,0
0,0,0,35,1,0,75.3499984741211,2636.050048828125,1,1,1,0,1,0,0,0,0,0,0,0,0,0,0,0,0,0,0,0,1,0,0
0,1,0,38,1,1,20.25,814.75,0,0,0,0,0,1,0,1,0,1,0,1,0,1,0,1,0,1,1,0,1,0,0
0,0,0,18,1,0,20.049999237060547,388.6000061035156,0,1,0,0,0,1,0,1,0,1,0,1,0,1,0,1,0,1,0,1,1,0,0
0,1,0,4,1,0,19.600000381469727,93.44999694824219,0,0,0,0,0,1,0,1,0,1,0,1,0,1,0,1,0,1,0,0,0,0,1
0,1,0,27,1,1,53.79999923706055,1389.8499755859375,0,1,0,0,0,0,0,0,1,0,0,0,1,0,0,0,0,0,0,0,0,1,0
0,0,1,41,1,0,70.19999694824219,2894.550048828125,0,1,0,0,0,0,1,0,1,0,1,0,0,0,1,0,0,0,1,0,0,0,1
0,1,1,50,1,0,75.5,4025.60009765625,0,1,0,0,0,0,1,0,0,0,0,0,1,0,1,0,1,0,1,0,0,1,0
0,1,1,72,1,0,20.350000381469727,1354.4000244140625,0,1,0,0,0,1,0,1,0,1,0,1,0,1,0,1,0,1,0,1,0,1,0
0,0,0,70,1,0,26.049999237060547,1856.4000244140625,0,0,1,0,0,1,0,1,0,1,0,1,0,1,0,1,0,1,1,0,1,0,0
0,1,1,44,1,0,20.600000381469727,926.0,0,1,0,0,0,1,0,1,0,1,0,1,0,1,0,1,0,1,1,0,0,0,0
0,0,0,2,1,1,75.69999694824219,189.1999969482422,1,1,0,0,1,0,1,0,0,0,0,0,0,0,0,0,0,0,0,0,0,1,0
0,1,1,34,1,1,20.100000381469727,682.0999755859375,0,0,0,0,0,1,0,1,0,1,0,1,0,1,0,1,0,1,1,0,0,0,0
1,1,0,72,1,0,24.299999237060547,1778.699951171875,0,0,1,0,0,1,0,1,0,1,0,1,0,1,0,1,0,1,0,1,0,0,0
0,1,0,71,1,1,24.5,1816.199951171875,0,1,1,0,0,1,0,1,0,1,0,1,0,1,0,1,0,1,0,1,0,1,0
0,0,0,64,1,1,110.5,7069.25,0,0,1,0,1,0,0,0,1,0,1,0,1,0,1,0,1,0,0,1,1,0,0
0,1,0,72,1,1,25.25,1841.199951171875,0,0,1,0,0,1,0,1,0,1,0,1,0,1,0,1,0,1,0,1,0,0,0
0,0,0,1,1,1,74.25,74.25,1,1,1,0,1,0,0,0,0,0,0,0,0,0,0,0,0,0,0,0,0,0,1
1,1,0,29,1,0,90.0999984741211,2656.699951171875,0,1,0,0,1,0,1,0,0,0,1,0,0,0,0,0,1,0,1,0,0,0,0
0,1,0,23,1,1,68.75,1689.449951171875,0,0,0,0,0,0,1,0,0,0,1,0,1,0,0,0,1,0,1,0,0,0,0
0,1,1,52,1,0,19.200000762939453,1054.75,0,1,0,0,0,1,0,1,0,1,0,1,0,1,0,1,0,1,0,1,0,0,1
1,0,0,25,1,1,89.69999694824219,2187.550048828125,1,0,1,0,1,0,0,0,1,0,0,0,0,0,0,0,1,0,0,0,0,1,0
0,0,0,64,1,1,115.0999984741211,7334.0498046875,0,0,1,0,1,0,1,0,1,0,1,0,1,0,1,0,1,0,0,1,0,0,0
1,0,0,16,1,1,96.4000015258789,1581.199951171875,1,0,1,0,1,0,0,0,0,0,0,0,0,0,1,0,1,0,0,0,0,1,0
1,0,0,1,1,1,69.5,69.5,1,1,0,0,1,0,0,0,0,0,0,0,0,0,0,0,0,0,0,0,0,0,0
0,0,0,24,1,1,99.6500015258789,2404.85009765625,0,1,1,0,1,0,0,0,1,0,0,0,0,0,1,0,1,0,0,0,0,0,0
0,1,0,2,1,1,91.44999694824219,171.4499969482422,0,1,1,0,1,0,0,0,0,0,1,0,0,0,1,0,0,0,0,0,0,1,0
0,1,1,34,1,0,84.75,2839.449951171875,0,0,0,0,0,0,1,0,1,0,1,0,1,0,1,0,1,0,0,1,0,0,1
1,1,0,36,1,1,85.25,3132.75,1,1,1,0,1,0,0,0,0,0,0,0,0,0,0,0,1,0,0,0,1,0,0
0,1,1,53,1,1,78.75,3942.449951171875,0,1,1,0,0,0,0,0,0,0,1,0,1,0,1,0,1,0,1,0,0,0,1
0,1,1,47,1,0,20.25,873.4000244140625,0,0,0,0,0,1,0,1,0,1,0,1,0,1,0,1,0,1,0,1,1,0,0
0,0,1,72,1,0,19.899999618530273,1529.6500244140625,0,1,0,0,0,1,0,1,0,1,0,1,0,1,0,1,0,1,0,1,1,0,0
0,1,1,72,1,1,97.75,6991.60009765625,0,1,1,0,1,0,1,0,1,0,0,0,1,0,0,0,1,0,0,1,1,0,0
0,0,0,1,1,0,19.399999618530273,19.399999618530273,1,1,0,0,0,1,0,1,0,1,0,1,0,1,0,1,0,1,0,0,0,0,1
0,0,0,9,1,1,83.30000305175781,803.2999877929688,1,0,1,0,1,0,0,0,0,0,0,0,0,0,0,0,1,0,0,0,0,1,0
0,0,0,8,1,1,80.0999984741211,679.2999877929688,1,0,0,0,1,0,0,0,0,0,0,0,0,0,1,0,0,0,0,0,0,0,0
1,0,0,45,1,0,62.70000076293945,2791.5,1,1,0,0,0,0,1,0,0,0,1,0,0,0,0,0,1,0,1,0,1,0,0
0,0,0,7,1,1,100.4000015258789,715.0,0,0,0,0,1,0,0,0,0,0,1,0,1,0,1,0,1,0,0,0,0,1,0
0,1,0,71,1,1,24.450000762939453,1681.5999755859375,0,0,1,0,0,1,0,1,0,1,0,1,0,1,0,1,0,1,0,1,1,0,0
1,0,0,41,1,1,101.0999984741211,4016.199951171875,0,0,0,0,1,0,0,0,0,0,1,0,1,0,1,0,1,0,1,0,0,0,0
0,1,1,67,0,0,50.900001525878906,3281.64990234375,0,1,0,1,0,0,1,0,0,0,0,0,0,0,1,0,1,0,0,1,1,0,0
0,1,0,69,1,1,107.19999694824219,7317.10009765625,0,1,1,0,1,0,1,0,1,0,1,0,1,0,0,0,1,0,1,0,1,0,0
1,1,0,70,1,1,92.19999694824219,6474.4501953125,0,0,1,0,0,0,1,0,1,0,1,0,1,0,1,0,1,0,0,1,0,0,0
0,0,0,25,1,0,25.299999237060547,676.3499755859375,1,1,1,0,0,1,0,1,0,1,0,1,0,1,0,1,0,1,1,0,0,0,0
0,0,0,72,1,0,113.4000015258789,8164.10009765625,0,1,1,0,1,0,1,0,1,0,1,0,1,0,1,0,1,0,0,1,0,0,0
0,1,1,34,0,1,40.54999923706055,1325.8499755859375,0,1,0,1,0,0,0,0,0,0,0,0,1,0,1,0,0,0,0,1,0,1,0
0,1,1,65,1,0,26.0,1654.8499755859375,0,0,1,0,0,1,0,1,0,1,0,1,0,1,0,1,0,1,0,1,1,0,0
0,0,0,70,1,1,111.94999694824219,7795.9501953125,0,0,1,0,1,0,1,0,1,0,1,0,1,0,1,0,1,0,0,1,1,0,0
0,1,1,72,0,1,53.79999923706055,3952.449951171875,0,0,0,1,0,0,1,0,0,0,1,0,0,0,1,0,1,0,0,1,1,0,0
0,0,1,35,1,1,72.0999984741211,2495.14990234375,0,1,0,0,0,0,0,0,0,0,0,0,1,0,1,0,1,0,1,0,0,0,1
0,0,0,13,1,0,98.1500015258789,1230.25,1,1,1,0,1,0,1,0,0,0,0,0,0,0,1,0,1,0,0,0,0,0,1
0,1,0,12,1,0,78.8499984741211,876.75,0,0,1,0,0,0,1,0,0,0,1,0,0,0,1,0,1,0,1,0,0,1,0
0,1,1,62,1,1,70.75,4263.4501953125,0,0,0,0,0,0,1,0,0,0,1,0,1,0,1,0,0,0,1,0,0,0,0
0,0,0,25,1,1,76.1500015258789,1992.949951171875,0,0,0,0,0,0,1,0,0,0,0,0,1,0,1,0,1,0,0,0,1,0,0
0,0,0,52,0,0,39.099998474121094,1982.0999755859375,0,0,0,1,0,0,1,0,1,0,0,0,1,0,0,0,0,0,0,1,0,0,1
1,0,0,8,1,1,69.94999694824219,562.7000122070312,0,1,0,0,1,0,0,0,0,0,0,0,0,0,0,0,0,0,0,0,1,0,0
0,0,0,2,1,0,20.049999237060547,33.70000076293945,0,1,0,0,0,1,0,1,0,1,0,1,0,1,0,1,0,1,0,0,0,0,1
0,1,1,56,1,0,20.049999237060547,1090.0999755859375,0,0,0,0,0,1,0,1,0,1,0,1,0,1,0,1,0,1,0,1,0,0,1
0,0,0,12,1,0,19.450000762939453,227.4499969482422,0,0,0,0,0,1,0,1,0,1,0,1,0,1,0,1,0,1,0,0,0,0,0
0,1,0,47,1,0,26.899999618530273,1250.8499755859375,0,0,1,0,0,1,0,1,0,1,0,1,0,1,0,1,0,1,1,0,0,1,0
1,0,0,2,1,0,19.200000762939453,37.20000076293945,0,1,0,0,0,1,0,1,0,1,0,1,0,1,0,1,0,1,0,0,0,1,0
0,0,0,18,1,1,50.0,892.7000122070312,0,0,0,0,0,0,0,0,0,0,1,0,0,0,0,0,0,0,0,0,0,0,1
0,0,0,8,1,1,60.0,487.75,0,0,0,0,0,0,1,0,0,0,0,0,0,0,1,0,0,0,0,0,0,1,0
0,1,0,45,1,1,84.55000305175781,3713.949951171875,0,1,1,0,1,0,1,0,0,0,1,0,0,0,0,0,0,0,0,0,0,0,1
0,0,0,3,1,0,45.45000076293945,141.6999969482422,0,1,0,0,0,0,0,0,0,0,0,0,0,0,0,0,0,0,0,0,0,0,1
0,0,0,38,1,0,20.049999237060547,678.2000122070312,0,0,0,0,0,1,0,1,0,1,0,1,0,1,0,1,0,1,1,0,0,0,1
0,1,0,72,1,1,115.55000305175781,8425.2998046875,0,1,1,0,1,0,1,0,1,0,1,0,1,0,1,0,1,0,0,1,0,1,0
0,0,0,46,1,1,93.69999694824219,4154.7998046875,1,1,1,0,1,0,1,0,1,0,0,0,0,0,0,0,1,0,0,0,0,1,0
0,1,1,71,1,1,99.0,7061.64990234375,0,0,1,0,1,0,1,0,1,0,1,0,0,0,1,0,0,0,0,1,1,0,0
0,1,1,66,0,0,50.54999923706055,3364.550048828125,0,1,0,1,0,0,0,0,0,0,0,0,1,0,1,0,1,0,0,1,0,0,0
1,0,0,25,1,0,105.94999694824219,2655.25,1,1,1,0,1,0,0,0,1,0,1,0,0,0,1,0,1,0,0,0,0,0,1
0,0,0,18,1,1,82.0,1425.449951171875,1,1,1,0,0,0,0,0,0,0,1,0,1,0,1,0,1,0,1,0,1,0,0
0,1,1,13,1,1,25.0,332.5,0,0,1,0,0,1,0,1,0,1,0,1,0,1,0,1,0,1,0,1,0,0,0
0,1,1,65,1,0,91.55000305175781,5963.9501953125,0,0,1,0,0,0,1,0,1,0,1,0,1,0,1,0,1,0,0,1,0,0,0
0,1,0,60,1,1,95.75,5742.89990234375,1,1,1,0,1,0,0,0,1,0,1,0,0,0,1,0,0,0,0,0,0,1,0
0,1,1,15,1,0,19.350000381469727,278.8500061035156,0,1,0,0,0,1,0,1,0,1,0,1,0,1,0,1,0,1,0,1,0,0,1
0,1,0,72,1,0,24.850000381469727,1871.8499755859375,0,0,1,0,0,1,0,1,0,1,0,1,0,1,0,1,0,1,0,1,1,0,0
0,1,0,30,1,1,94.05000305175781,2866.449951171875,1,1,1,0,1,0,0,0,0,0,0,0,0,0,1,0,1,0,0,0,1,0,0
0,1,1,42,1,1,100.4000015258789,4303.64990234375,0,0,0,0,1,0,0,0,0,0,1,0,1,0,1,0,1,0,0,1,0,1,0
0,1,0,71,1,0,25.0,1753.0,0,0,1,0,0,1,0,1,0,1,0,1,0,1,0,1,0,1,0,1,0,0,0
0,0,0,1,1,1,54.75,54.75,1,0,0,0,0,0,0,0,0,0,0,0,0,0,0,0,1,0,0,0,0,0,1
1,0,0,39,1,1,95.6500015258789,3759.050048828125,1,1,1,0,1,0,0,0,0,0,0,0,0,0,1,0,1,0,0,0,0,0,0
0,0,0,35,1,0,19.25,617.6500244140625,0,0,0,0,0,1,0,1,0,1,0,1,0,1,0,1,0,1,0,0,0,0,0
0,1,1,53,1,1,108.25,5935.10009765625,0,0,0,0,1,0,0,0,1,0,1,0,1,0,1,0,1,0,0,0,0,0,0
0,0,0,1,1,1,94.5999984741211,94.5999984741211,1,0,1,0,1,0,0,0,0,0,0,0,0,0,1,0,1,0,0,0,0,1,0
1,1,1,31,1,1,98.9000015258789,2911.300048828125,1,0,0,0,1,0,0,0,0,0,1,0,1,0,1,0,1,0,0,0,0,1,0
0,0,0,48,1,0,20.149999618530273,982.9500122070312,0,1,0,0,0,1,0,1,0,1,0,1,0,1,0,1,0,1,0,1,1,0,0
1,0,1,30,1,1,101.30000305175781,2974.5,0,0,1,0,1,0,0,0,0,0,0,0,1,0,1,0,1,0,0,0,0,1,0
0,0,0,10,1,0,20.0,198.6999969482422,0,1,0,0,0,1,0,1,0,1,0,1,0,1,0,1,0,1,0,0,1,0,0
0,0,1,12,1,1,105.30000305175781,1275.6500244140625,0,0,1,0,1,0,0,0,1,0,1,0,0,0,1,0,1,0,0,0,0,1,0
1,0,0,57,1,0,69.8499984741211,4003.0,0,0,0,0,0,0,1,0,0,0,1,0,1,0,1,0,0,0,0,1,0,0,0
0,1,0,58,1,1,65.25,3791.60009765625,0,0,0,0,0,0,1,0,1,0,0,0,0,0,1,0,0,0,0,0,1,0,0
0,0,0,37,1,0,19.799999237060547,813.2999877929688,0,0,0,0,0,1,0,1,0,1,0,1,0,1,0,1,0,1,0,1,0,0,1
0,1,1,44,1,0,19.600000381469727,780.25,0,0,0,0,0,1,0,1,0,1,0,1,0,1,0,1,0,1,0,0,0,0,1
0,0,1,27,1,0,20.049999237060547,552.9000244140625,0,1,0,0,0,1,0,1,0,1,0,1,0,1,0,1,0,1,1,0,1,0,0
0,0,0,8,1,0,49.400001525878906,408.25,0,0,0,0,0,0,0,0,0,0,0,0,1,0,0,0,0,0,0,0,0,1,0
1,0,0,3,1,1,76.05000305175781,231.8000030517578,1,1,1,0,1,0,0,0,0,0,0,0,0,0,0,0,0,0,0,0,0,1,0
1,1,0,25,1,0,88.4000015258789,2191.14990234375,0,0,0,0,1,0,0,0,1,0,1,0,0,0,0,0,1,0,0,0,0,0,0
0,1,1,57,1,1,100.5999984741211,5611.7001953125,0,0,1,0,1,0,0,0,1,0,0,0,0,0,1,0,1,0,0,0,0,1,0
0,0,0,12,1,0,19.450000762939453,246.25,0,0,0,0,0,1,0,1,0,1,0,1,0,1,0,1,0,1,0,0,0,0,1
0,1,1,62,1,0,20.299999237060547,1296.1500244140625,0,0,0,0,0,1,0,1,0,1,0,1,0,1,0,1,0,1,0,1,0,0,0
0,1,0,65,1,1,107.6500015258789,7082.85009765625,0,0,1,0,1,0,0,0,1,0,1,0,1,0,1,0,1,0,0,1,0,0,0
0,1,0,71,1,1,80.44999694824219,5662.25,0,0,1,0,0,0,0,0,0,0,1,0,1,0,1,0,1,0,0,1,0,0,0
0,1,1,21,1,1,58.849998474121094,1215.449951171875,0,0,0,0,0,0,0,0,1,0,0,0,0,0,1,0,0,0,1,0,1,0,0
0,1,0,71,1,1,109.5999984741211,7854.14990234375,0,1,1,0,1,0,1,0,1,0,1,0,0,0,1,0,1,0,1,0,0,1,0
0,0,0,7,1,1,75.1500015258789,525.0,0,0,0,0,1,0,0,0,0,0,1,0,0,0,0,0,0,0,0,0,0,1,0
0,0,0,72,1,1,73.0,5265.2001953125,0,0,0,0,0,0,1,0,1,0,1,0,1,0,0,0,1,0,0,1,1,0,0
0,0,0,1,1,0,70.0999984741211,70.0999984741211,0,0,0,0,1,0,0,0,0,0,0,0,0,0,0,0,0,0,0,0,0,1,0
0,1,1,72,1,1,98.6500015258789,7129.4501953125,0,0,1,0,1,0,0,0,1,0,1,0,1,0,0,0,1,0,0,1,0,0,0
0,1,1,64,1,1,111.44999694824219,7266.9501953125,0,0,1,0,1,0,0,0,1,0,1,0,1,0,1,0,1,0,1,0,0,1,0
0,0,0,72,1,1,114.9000015258789,8496.7001953125,0,0,1,0,1,0,1,0,1,0,1,0,1,0,1,0,1,0,0,1,0,1,0
0,0,0,29,1,0,100.55000305175781,2878.75,0,0,1,0,1,0,0,0,0,0,1,0,0,0,1,0,1,0,0,0,0,0,0
0,0,0,13,1,1,20.399999618530273,261.29998779296875,0,0,0,0,0,1,0,1,0,1,0,1,0,1,0,1,0,1,0,1,0,0,1
0,0,0,31,1,0,104.3499984741211,3205.60009765625,0,0,1,0,1,0,1,0,1,0,0,0,0,0,1,0,1,0,0,0,0,1,0
1,0,0,1,1,1,69.75,69.75,1,1,0,0,1,0,0,0,0,0,0,0,0,0,0,0,0,0,0,0,0,1,0
0,1,1,7,0,1,34.5,279.25,1,1,0,1,0,0,1,0,0,0,0,0,1,0,0,0,0,0,0,0,0,1,0
0,1,0,61,1,1,105.55000305175781,6281.4501953125,1,1,1,0,1,0,0,0,1,0,1,0,0,0,1,0,1,0,0,0,0,1,0
0,0,1,39,0,0,30.100000381469727,1131.300048828125,1,0,0,1,0,0,0,0,0,0,1,0,0,0,0,0,0,0,0,0,1,0,0
0,1,0,10,1,1,70.30000305175781,738.2000122070312,1,1,0,0,1,0,0,0,0,0,0,0,0,0,0,0,0,0,0,0,0,1,0
0,1,1,14,1,0,80.44999694824219,1137.050048828125,0,0,1,0,0,0,0,0,1,0,0,0,1,0,1,0,1,0,0,0,1,0,0
0,0,0,1,1,1,80.19999694824219,80.19999694824219,1,0,1,0,1,0,0,0,1,0,0,0,0,0,0,0,0,0,0,0,0,0,1
0,1,1,67,1,1,94.3499984741211,6341.4501953125,1,0,1,0,1,0,1,0,0,0,0,0,1,0,0,0,1,0,1,0,1,0,0
0,0,0,72,1,1,91.3499984741211,6697.2001953125,0,0,1,0,0,0,1,0,1,0,1,0,1,0,1,0,1,0,0,1,0,0,0
0,1,1,6,1,1,44.599998474121094,260.79998779296875,1,1,0,0,0,0,0,0,0,0,0,0,0,0,0,0,0,0,0,0,0,0,0
0,0,0,1,1,1,19.600000381469727,19.600000381469727,1,0,0,0,0,1,0,1,0,1,0,1,0,1,0,1,0,1,0,0,0,0,1
0,1,1,25,1,0,19.899999618530273,505.45001220703125,0,1,0,0,0,1,0,1,0,1,0,1,0,1,0,1,0,1,1,0,0,1,0
1,0,0,33,1,1,110.44999694824219,3655.449951171875,1,0,1,0,1,0,0,0,1,0,1,0,1,0,1,0,1,0,0,0,0,1,0
0,0,0,18,1,1,68.3499984741211,1299.800048828125,0,1,0,0,0,0,1,0,0,0,1,0,1,0,1,0,0,0,0,0,0,1,0
0,1,0,71,1,1,79.0999984741211,5564.85009765625,0,1,0,0,0,0,0,0,1,0,1,0,1,0,1,0,1,0,0,1,1,0,0
1,1,1,28,1,1,51.0,1381.800048828125,0,1,1,0,0,0,0,0,0,0,0,0,0,0,0,0,0,0,1,0,0,1,0
0,0,1,2,1,0,80.55000305175781,188.10000610351562,0,0,1,0,1,0,1,0,0,0,0,0,0,0,0,0,0,0,0,0,1,0,0
0,1,1,17,1,1,66.69999694824219,1077.050048828125,0,1,1,0,0,0,0,0,1,0,1,0,1,0,0,0,0,0,0,0,0,0,1
0,0,0,56,1,1,86.4000015258789,4922.39990234375,0,1,1,0,1,0,1,0,1,0,0,0,0,0,0,0,0,0,0,0,0,1,0
0,1,0,60,0,0,50.04999923706055,2911.5,0,0,0,1,0,0,1,0,1,0,1,0,0,0,0,0,1,0,1,0,0,1,0
0,0,0,33,1,0,25.700000762939453,826.0999755859375,0,0,1,0,0,1,0,1,0,1,0,1,0,1,0,1,0,1,0,1,1,0,0
0,0,0,1,1,1,83.4000015258789,83.4000015258789,0,0,0,0,1,0,1,0,1,0,0,0,1,0,0,0,0,0,0,0,0,0,1
0,0,0,2,1,0,70.69999694824219,140.6999969482422,1,1,0,0,1,0,0,0,0,0,0,0,0,0,0,0,0,0,0,0,1,0,0
0,1,0,63,1,1,84.6500015258789,5377.7998046875,0,1,1,0,1,0,1,0,0,0,0,0,1,0,0,0,0,0,0,1,1,0,0
1,1,0,7,1,1,99.25,665.4500122070312,1,1,1,0,1,0,0,0,0,0,1,0,0,0,1,0,1,0,0,0,0,1,0
0,0,0,55,1,1,64.75,3617.10009765625,0,0,0,0,0,0,0,0,1,0,1,0,0,0,0,0,1,0,0,1,0,0,1
0,1,0,65,1,1,100.1500015258789,6643.5,0,0,1,0,1,0,1,0,1,0,0,0,1,0,1,0,0,0,1,0,0,0,0
0,1,0,1,1,1,84.80000305175781,84.80000305175781,1,1,0,0,1,0,0,0,0,0,0,0,1,0,1,0,0,0,0,0,0,1,0
0,0,0,63,1,0,25.25,1559.300048828125,0,1,1,0,0,1,0,1,0,1,0,1,0,1,0,1,0,1,0,1,0,0,1
1,1,0,70,1,1,113.0,7987.60009765625,0,0,1,0,1,0,1,0,1,0,1,0,1,0,1,0,1,0,0,1,1,0,0
0,1,1,36,0,0,40.650001525878906,1547.3499755859375,0,0,0,1,0,0,1,0,0,0,1,0,1,0,0,0,0,0,0,1,1,0,0
0,0,0,52,1,1,105.0,5426.85009765625,1,1,0,0,1,0,0,0,1,0,1,0,1,0,1,0,1,0,1,0,0,0,0
0,0,0,22,1,1,54.45000076293945,1127.3499755859375,1,1,1,0,0,0,1,0,0,0,0,0,0,0,0,0,0,0,0,0,0,1,0
0,0,0,22,1,1,94.94999694824219,2142.800048828125,0,1,0,0,1,0,0,0,1,0,1,0,1,0,0,0,1,0,0,0,0,0,0
1,0,0,5,1,0,59.900001525878906,287.8500061035156,0,0,0,0,0,0,1,0,1,0,0,0,1,0,0,0,0,0,0,0,1,0,0
0,1,0,47,1,1,85.30000305175781,4045.64990234375,1,0,0,0,1,0,0,0,0,0,1,0,0,0,0,0,1,0,0,0,0,1,0
0,0,0,33,1,1,83.3499984741211,2757.85009765625,1,0,1,0,1,0,0,0,0,0,0,0,0,0,0,0,1,0,0,0,0,1,0
0,0,0,18,0,1,33.5,600.0,1,1,0,1,0,0,0,0,1,0,1,0,0,0,0,0,0,0,0,0,1,0,0
0,0,0,1,1,0,19.799999237060547,19.799999237060547,0,0,0,0,0,1,0,1,0,1,0,1,0,1,0,1,0,1,0,0,1,0,0
0,0,0,56,1,1,81.80000305175781,4534.4501953125,0,1,0,0,0,0,0,0,1,0,1,0,1,0,1,0,1,0,0,1,1,0,0
0,0,0,2,1,1,20.0,40.900001525878906,0,0,0,0,0,1,0,1,0,1,0,1,0,1,0,1,0,1,0,0,0,0,1
0,0,0,35,1,1,59.599998474121094,2094.89990234375,0,1,1,0,0,0,1,0,0,0,1,0,0,0,0,0,0,0,0,0,0,1,0
0,1,0,64,1,0,25.0,1584.800048828125,0,0,1,0,0,1,0,1,0,1,0,1,0,1,0,1,0,1,0,1,1,0,0
0,0,0,15,1,1,84.3499984741211,1302.6500244140625,0,0,1,0,1,0,1,0,0,0,1,0,0,0,0,0,0,0,0,0,1,0,0
0,0,0,24,1,1,90.3499984741211,2238.5,1,1,0,0,1,0,0,0,0,0,0,0,0,0,1,0,1,0,0,0,0,1,0
0,0,0,1,1,0,55.54999923706055,55.54999923706055,0,1,0,0,0,0,0,0,0,0,0,0,0,0,0,0,1,0,0,0,0,0,1
0,1,1,70,1,0,75.3499984741211,5437.75,0,0,0,0,0,0,1,0,0,0,0,0,1,0,1,0,1,0,0,1,1,0,0
0,1,0,1,1,1,90.75,90.75,1,1,0,0,1,0,0,0,0,0,0,0,0,0,1,0,1,0,0,0,0,1,0
0,0,1,4,1,0,89.5999984741211,365.6499938964844,1,0,1,0,1,0,0,0,1,0,0,0,0,0,1,0,0,0,0,0,0,0,1
0,0,0,39,1,0,59.29999923706055,2209.14990234375,0,0,0,0,0,0,0,0,0,0,0,0,1,0,0,0,1,0,1,0,0,1,0
0,0,0,29,1,1,66.0999984741211,1912.1500244140625,0,0,1,0,0,0,1,0,0,0,0,0,0,0,0,0,1,0,0,0,0,1,0
0,1,1,14,1,0,18.799999237060547,255.5500030517578,0,0,0,0,0,1,0,1,0,1,0,1,0,1,0,1,0,1,0,1,0,0,1
0,0,0,61,1,0,86.44999694824219,5175.2998046875,0,0,1,0,0,0,1,0,0,0,1,0,1,0,1,0,1,0,0,1,1,0,0
0,0,1,13,1,1,52.099998474121094,670.6500244140625,0,1,0,0,0,0,1,0,0,0,0,0,0,0,0,0,0,0,0,0,1,0,0
0,0,0,66,0,1,47.400001525878906,3177.25,0,0,0,1,0,0,1,0,1,0,1,0,1,0,0,0,0,0,0,1,0,0,1
0,0,0,2,0,1,49.25,90.3499984741211,1,1,0,1,0,0,0,0,0,0,1,0,0,0,1,0,1,0,0,0,0,1,0
0,1,0,59,1,1,109.1500015258789,6557.75,0,0,1,0,1,0,1,0,1,0,1,0,0,0,1,0,1,0,1,0,1,0,0
0,1,1,62,1,1,94.94999694824219,5791.85009765625,0,1,1,0,1,0,1,0,1,0,0,0,0,0,1,0,0,0,1,0,1,0,0
1,1,0,33,1,1,93.55000305175781,3055.5,0,1,0,0,1,0,1,0,1,0,0,0,1,0,0,0,1,0,1,0,0,1,0
0,0,1,66,1,1,79.5,5196.10009765625,0,1,0,0,0,0,0,0,1,0,1,0,1,0,1,0,1,0,0,1,1,0,0
0,0,0,72,1,0,115.05000305175781,8405.0,0,0,1,0,1,0,1,0,1,0,1,0,1,0,1,0,1,0,0,1,1,0,0
0,0,1,1,1,0,19.75,19.75,1,1,0,0,0,1,0,1,0,1,0,1,0,1,0,1,0,1,0,0,0,0,1
0,0,0,19,1,1,95.1500015258789,1789.25,1,0,1,0,1,0,1,0,1,0,0,0,0,0,0,0,1,0,0,0,0,1,0
0,1,1,51,1,1,95.1500015258789,5000.0498046875,0,0,1,0,1,0,1,0,0,0,0,0,1,0,1,0,0,0,1,0,0,0,1
0,0,0,63,1,0,105.4000015258789,6713.2001953125,0,1,1,0,1,0,0,0,1,0,0,0,1,0,1,0,1,0,0,0,0,1,0
0,0,0,27,1,0,20.100000381469727,562.5999755859375,0,1,0,0,0,1,0,1,0,1,0,1,0,1,0,1,0,1,1,0,0,0,0
0,0,0,22,1,1,101.3499984741211,2317.10009765625,1,1,1,0,1,0,1,0,0,0,0,0,0,0,1,0,1,0,0,0,0,0,0
1,0,0,4,1,0,20.049999237060547,91.44999694824219,0,0,0,0,0,1,0,1,0,1,0,1,0,1,0,1,0,1,0,0,0,0,1
0,1,1,42,1,0,20.700000762939453,828.8499755859375,0,1,0,0,0,1,0,1,0,1,0,1,0,1,0,1,0,1,0,1,0,0,1
0,0,0,29,1,0,20.350000381469727,617.3499755859375,0,0,0,0,0,1,0,1,0,1,0,1,0,1,0,1,0,1,1,0,0,0,1
0,0,0,4,1,1,70.05000305175781,266.8999938964844,1,0,0,0,1,0,0,0,0,0,0,0,0,0,0,0,0,0,0,0,1,0,0
0,0,0,30,1,0,19.700000762939453,625.0499877929688,0,1,0,0,0,1,0,1,0,1,0,1,0,1,0,1,0,1,1,0,0,0,1
0,1,0,4,1,1,74.6500015258789,301.3999938964844,1,1,1,0,1,0,0,0,0,0,0,0,0,0,0,0,0,0,0,0,0,1,0
0,1,1,71,1,0,85.44999694824219,6029.89990234375,0,1,0,0,0,0,1,0,1,0,1,0,1,0,1,0,1,0,0,1,0,0,0
0,1,0,46,0,0,40.400001525878906,1842.699951171875,0,1,0,1,0,0,1,0,0,0,1,0,1,0,0,0,0,0,0,1,1,0,0
0,0,0,4,1,0,50.400001525878906,206.60000610351562,1,1,1,0,0,0,0,0,0,0,0,0,0,0,0,0,0,0,0,0,0,0,1
0,0,0,7,1,1,79.6500015258789,604.7000122070312,1,0,1,0,1,0,1,0,0,0,0,0,0,0,0,0,0,0,0,0,0,0,1
0,0,0,69,1,1,105.19999694824219,7386.0498046875,0,1,1,0,1,0,0,0,1,0,0,0,1,0,1,0,1,0,1,0,0,0,0
0,1,0,72,1,0,100.6500015258789,7334.0498046875,0,0,1,0,1,0,1,0,1,0,1,0,0,0,1,0,0,0,0,1,0,0,0
1,0,0,19,1,1,79.8499984741211,1471.75,1,1,1,0,1,0,0,0,0,0,1,0,0,0,0,0,0,0,0,0,0,1,0
0,0,0,28,1,0,91.0,2626.14990234375,0,1,0,0,1,0,0,0,0,0,1,0,1,0,0,0,1,0,0,0,0,1,0
0,1,0,5,1,1,78.75,412.1000061035156,1,1,1,0,1,0,0,0,1,0,0,0,0,0,0,0,0,0,0,0,0,1,0
1,1,0,72,1,1,116.75,8277.0498046875,0,0,1,0,1,0,1,0,1,0,1,0,1,0,1,0,1,0,0,1,1,0,0
1,1,1,8,1,1,80.44999694824219,583.4500122070312,1,1,0,0,1,0,0,0,0,0,0,0,0,0,1,0,0,0,0,0,1,0,0
0,0,0,7,1,1,59.099998474121094,369.25,0,0,0,0,0,0,1,0,0,0,0,0,0,0,0,0,1,0,1,0,0,1,0
0,0,0,22,1,1,49.79999923706055,1049.050048828125,0,0,0,0,0,0,1,0,0,0,0,0,0,0,0,0,0,0,0,0,0,1,0
0,0,0,72,1,0,19.299999237060547,1414.800048828125,0,1,0,0,0,1,0,1,0,1,0,1,0,1,0,1,0,1,0,1,0,0,0
0,1,1,8,1,0,19.649999618530273,169.75,0,1,0,0,0,1,0,1,0,1,0,1,0,1,0,1,0,1,0,0,1,0,0
0,1,0,52,1,1,81.4000015258789,4354.4501953125,0,1,1,0,0,0,1,0,1,0,1,0,1,0,0,0,1,0,1,0,1,0,0
0,0,0,68,0,0,38.900001525878906,2719.199951171875,0,0,0,1,0,0,1,0,0,0,1,0,1,0,0,0,0,0,0,1,0,0,1
0,1,0,71,1,0,87.94999694824219,6365.35009765625,0,0,1,0,0,0,1,0,1,0,1,0,1,0,1,0,1,0,0,1,0,0,0
0,0,0,2,1,0,19.850000381469727,51.599998474121094,0,1,0,0,0,1,0,1,0,1,0,1,0,1,0,1,0,1,0,0,0,0,1
1,0,0,34,1,1,96.3499984741211,3190.25,0,0,1,0,1,0,0,0,1,0,0,0,1,0,1,0,0,0,0,0,0,1,0
0,0,0,35,0,0,24.149999618530273,812.5,0,0,0,1,0,0,0,0,0,0,0,0,0,0,0,0,0,0,0,0,0,1,0
0,1,1,61,1,0,19.100000381469727,1143.800048828125,0,0,0,0,0,1,0,1,0,1,0,1,0,1,0,1,0,1,1,0,1,0,0
0,0,0,1,1,0,44.0,44.0,0,1,0,0,0,0,0,0,0,0,0,0,0,0,0,0,0,0,0,0,0,1,0
0,0,0,1,1,1,50.099998474121094,50.099998474121094,1,0,1,0,0,0,0,0,0,0,0,0,0,0,0,0,0,0,0,0,0,0,1
0,1,1,53,1,0,60.599998474121094,3297.0,0,0,0,0,0,0,0,0,0,0,1,0,0,0,0,0,1,0,1,0,1,0,0
0,1,0,72,1,0,25.649999618530273,1887.0,0,0,1,0,0,1,0,1,0,1,0,1,0,1,0,1,0,1,0,1,0,0,0
0,1,0,2,1,0,76.4000015258789,151.8000030517578,1,1,0,0,1,0,0,0,0,0,1,0,0,0,0,0,0,0,0,0,0,1,0
0,0,0,3,1,1,98.69999694824219,293.6499938964844,1,1,0,0,1,0,0,0,0,0,1,0,1,0,1,0,1,0,0,0,0,1,0
1,0,0,13,1,1,100.80000305175781,1308.0999755859375,1,0,1,0,1,0,1,0,0,0,0,0,0,0,1,0,1,0,0,0,0,1,0
1,1,0,41,0,1,53.95000076293945,2215.39990234375,0,1,0,1,0,0,0,0,1,0,1,0,0,0,1,0,1,0,0,0,0,1,0
0,1,0,24,1,0,20.399999618530273,482.79998779296875,0,0,0,0,0,1,0,1,0,1,0,1,0,1,0,1,0,1,1,0,1,0,0
0,1,1,28,1,1,90.0999984741211,2598.949951171875,1,0,0,0,1,0,0,0,0,0,0,0,0,0,1,0,1,0,1,0,0,0,0
0,0,0,8,0,0,29.350000381469727,216.4499969482422,0,1,0,1,0,0,1,0,0,0,0,0,0,0,0,0,0,0,0,0,0,0,1
0,0,0,1,1,1,20.450000762939453,20.450000762939453,0,1,0,0,0,1,0,1,0,1,0,1,0,1,0,1,0,1,0,0,0,0,1
0,0,0,54,1,1,95.0999984741211,5064.85009765625,0,0,1,0,1,0,0,0,0,0,1,0,1,0,0,0,1,0,0,1,0,0,0
0,0,0,41,1,1,25.25,996.4500122070312,0,1,1,0,0,1,0,1,0,1,0,1,0,1,0,1,0,1,0,0,0,0,0
0,1,0,19,1,0,44.900001525878906,839.6500244140625,0,0,0,0,0,0,0,0,0,0,0,0,0,0,0,0,0,0,0,0,0,0,1
0,1,1,72,1,0,92.6500015258789,6733.0,0,0,1,0,0,0,1,0,1,0,1,0,1,0,1,0,1,0,0,1,0,0,0
0,0,0,62,0,1,43.70000076293945,2618.300048828125,0,1,0,1,0,0,1,0,1,0,1,0,1,0,0,0,0,0,0,1,0,0,0
1,1,1,56,1,1,72.5999984741211,4084.35009765625,0,0,0,0,0,0,1,0,0,0,0,0,1,0,1,0,1,0,0,1,1,0,0
0,0,0,15,1,0,51.54999923706055,765.5,1,1,1,0,0,0,0,0,0,0,0,0,0,0,0,0,0,0,0,0,0,1,0
1,0,0,10,1,1,79.25,793.5499877929688,1,1,0,0,1,0,0,0,0,0,0,0,0,0,0,0,1,0,0,0,0,1,0
0,1,1,32,1,0,18.950000762939453,613.9500122070312,0,1,0,0,0,1,0,1,0,1,0,1,0,1,0,1,0,1,0,1,0,0,1
0,0,0,21,1,0,20.5,402.8500061035156,0,1,0,0,0,1,0,1,0,1,0,1,0,1,0,1,0,1,0,0,1,0,0
0,1,1,62,1,0,19.950000762939453,1244.800048828125,0,1,0,0,0,1,0,1,0,1,0,1,0,1,0,1,0,1,1,0,0,0,0
0,0,0,2,0,0,24.5,46.400001525878906,0,0,0,1,0,0,0,0,0,0,0,0,0,0,0,0,0,0,0,0,0,1,0
0,0,1,27,1,0,20.600000381469727,581.8499755859375,0,1,0,0,0,1,0,1,0,1,0,1,0,1,0,1,0,1,0,1,0,0,1
0,0,0,5,1,1,94.8499984741211,462.79998779296875,1,1,1,0,1,0,0,0,0,0,0,0,0,0,1,0,1,0,0,0,0,0,0
0,0,0,25,0,0,61.04999923706055,1540.199951171875,0,0,0,1,0,0,1,0,1,0,1,0,0,0,1,0,1,0,1,0,0,1,0
0,0,0,2,1,1,85.69999694824219,169.8000030517578,1,0,1,0,1,0,0,0,0,0,0,0,0,0,0,0,1,0,0,0,0,1,0
0,0,0,49,1,1,106.6500015258789,5168.10009765625,0,1,1,0,1,0,0,0,1,0,0,0,1,0,1,0,1,0,1,0,0,0,0
0,0,0,63,1,0,108.25,6780.10009765625,0,0,1,0,1,0,1,0,1,0,1,0,0,0,1,0,1,0,0,0,1,0,0
0,0,1,4,1,0,20.399999618530273,94.5,0,0,0,0,0,1,0,1,0,1,0,1,0,1,0,1,0,1,0,0,1,0,0
0,1,0,1,1,1,55.29999923706055,55.29999923706055,0,0,0,0,0,0,0,0,0,0,0,0,0,0,1,0,0,0,0,0,0,0,1
0,0,0,11,1,0,20.25,208.0,0,1,0,0,0,1,0,1,0,1,0,1,0,1,0,1,0,1,0,0,0,0,1
1,0,0,52,1,1,72.94999694824219,3829.75,0,1,1,0,1,0,0,0,0,0,0,0,0,0,0,0,0,0,0,0,0,0,0
1,1,0,60,1,0,89.44999694824219,5294.60009765625,0,0,1,0,1,0,0,0,1,0,0,0,0,0,0,0,1,0,0,0,0,1,0
0,0,0,64,1,1,104.6500015258789,6889.7998046875,0,1,1,0,1,0,0,0,0,0,1,0,1,0,1,0,1,0,1,0,1,0,0
0,1,1,43,1,0,75.19999694824219,3254.35009765625,0,0,0,0,0,0,1,0,0,0,1,0,0,0,1,0,1,0,0,1,0,0,0
0,1,0,61,1,0,101.1500015258789,6383.89990234375,0,0,1,0,1,0,0,0,0,0,0,0,1,0,1,0,1,0,1,0,0,0,0
0,0,0,1,1,0,44.400001525878906,44.400001525878906,1,0,0,0,0,0,0,0,0,0,0,0,0,0,0,0,0,0,0,0,0,0,1
1,0,0,5,1,1,89.5,477.70001220703125,1,1,0,0,1,0,0,0,0,0,0,0,0,0,1,0,1,0,0,0,0,1,0
0,0,0,66,1,0,68.75,4447.5498046875,0,1,1,0,0,0,1,0,1,0,1,0,1,0,0,0,0,0,0,1,0,0,0
0,1,0,67,1,1,111.05000305175781,7321.0498046875,0,1,0,0,1,0,1,0,1,0,1,0,1,0,1,0,1,0,0,1,0,1,0
0,1,0,42,1,1,99.0,4135.0,0,0,0,0,1,0,0,0,0,0,1,0,1,0,1,0,1,0,0,1,1,0,0
1,1,0,1,1,1,86.05000305175781,86.05000305175781,1,1,1,0,1,0,0,0,0,0,0,0,0,0,1,0,0,0,0,0,0,1,0
0,1,1,31,1,0,21.0,697.7000122070312,0,0,0,0,0,1,0,1,0,1,0,1,0,1,0,1,0,1,0,1,0,0,1
0,0,0,7,1,1,19.399999618530273,168.64999389648438,0,1,0,0,0,1,0,1,0,1,0,1,0,1,0,1,0,1,0,0,0,0,1
0,0,0,4,0,1,44.54999923706055,174.3000030517578,1,1,0,1,0,0,0,0,0,0,0,0,0,0,1,0,1,0,0,0,0,1,0
0,1,1,34,1,0,77.19999694824219,2753.800048828125,0,1,1,0,0,0,0,0,0,0,1,0,0,0,1,0,1,0,1,0,0,0,0
0,0,0,3,1,1,19.450000762939453,69.25,0,1,0,0,0,1,0,1,0,1,0,1,0,1,0,1,0,1,1,0,0,0,1
0,1,1,19,0,1,24.850000381469727,434.79998779296875,0,0,0,1,0,0,0,0,0,0,0,0,0,0,0,0,0,0,0,0,0,0,1
0,1,1,31,0,0,35.400001525878906,1077.5,1,1,0,1,0,0,1,0,0,0,0,0,1,0,0,0,0,0,0,0,0,0,0
0,0,0,1,1,0,95.6500015258789,95.6500015258789,1,0,1,0,1,0,0,0,0,0,0,0,0,0,1,0,1,0,0,0,0,0,1
0,0,0,3,0,0,41.349998474121094,107.25,0,1,0,1,0,0,1,0,0,0,1,0,1,0,0,0,0,0,0,0,0,0,1
0,1,0,46,1,0,19.600000381469727,851.2000122070312,0,1,0,0,0,1,0,1,0,1,0,1,0,1,0,1,0,1,0,0,0,1,0
0,0,0,1,1,0,20.950000762939453,20.950000762939453,1,0,0,0,0,1,0,1,0,1,0,1,0,1,0,1,0,1,0,0,0,0,1
0,1,1,69,1,0,84.44999694824219,5848.60009765625,0,0,1,0,1,0,1,0,0,0,1,0,0,0,0,0,0,0,1,0,0,0,0
0,0,0,5,1,0,20.25,109.80000305175781,0,1,0,0,0,1,0,1,0,1,0,1,0,1,0,1,0,1,0,0,0,0,1
0,0,0,1,1,0,19.649999618530273,19.649999618530273,0,1,0,0,0,1,0,1,0,1,0,1,0,1,0,1,0,1,0,0,0,0,0
0,0,0,26,1,1,20.649999618530273,595.5,0,1,0,0,0,1,0,1,0,1,0,1,0,1,0,1,0,1,1,0,1,0,0
1,0,0,10,0,1,34.70000076293945,329.79998779296875,1,0,0,1,0,0,0,0,0,0,0,0,0,0,0,0,1,0,0,0,0,1,0
0,0,0,25,1,0,99.30000305175781,2513.5,0,1,0,0,1,0,0,0,0,0,1,0,1,0,1,0,1,0,0,1,0,0,0
0,1,1,64,1,0,81.05000305175781,5135.35009765625,0,1,0,0,1,0,1,0,1,0,0,0,0,0,0,0,0,0,0,0,0,1,0
0,1,1,30,1,0,67.5999984741211,2000.199951171875,0,1,1,0,0,0,1,0,1,0,1,0,1,0,0,0,0,0,0,0,0,1,0
0,0,0,13,1,1,70.1500015258789,931.75,0,1,0,0,1,0,0,0,0,0,0,0,0,0,0,0,0,0,0,0,0,1,0
0,1,0,64,1,1,115.0,7396.14990234375,0,0,1,0,1,0,1,0,1,0,1,0,1,0,1,0,1,0,1,0,0,1,0
0,0,1,46,1,1,84.80000305175781,3958.85009765625,0,0,1,0,1,0,0,0,0,0,1,0,1,0,0,0,0,0,0,0,0,0,0
0,0,0,12,1,0,19.700000762939453,260.8999938964844,0,0,0,0,0,1,0,1,0,1,0,1,0,1,0,1,0,1,1,0,0,0,1
0,0,0,15,1,0,19.75,297.29998779296875,1,0,0,0,0,1,0,1,0,1,0,1,0,1,0,1,0,1,0,0,0,0,0
0,1,1,17,1,1,92.55000305175781,1515.0999755859375,1,1,1,0,1,0,0,0,0,0,0,0,0,0,1,0,1,0,0,0,0,1,0
0,1,1,13,1,1,63.150001525878906,816.7999877929688,0,0,0,0,0,0,1,0,0,0,1,0,0,0,0,0,1,0,0,0,0,0,1
0,1,1,67,1,0,74.0,4868.39990234375,0,0,1,0,0,0,1,0,1,0,0,0,1,0,1,0,0,0,0,1,1,0,0
0,1,0,24,0,0,29.100000381469727,688.0,0,1,0,1,0,0,0,0,0,0,1,0,0,0,0,0,0,0,0,0,0,1,0
0,0,0,6,1,0,50.04999923706055,288.3500061035156,0,1,0,0,0,0,0,0,0,0,0,0,1,0,0,0,0,0,0,0,0,0,1
1,1,0,53,1,1,60.04999923706055,3229.64990234375,1,1,1,0,0,0,1,0,0,0,0,0,1,0,0,0,0,0,1,0,0,1,0
1,1,0,16,1,1,74.30000305175781,1178.25,1,1,0,0,1,0,0,0,1,0,0,0,0,0,0,0,0,0,0,0,1,0,0
0,0,0,10,1,0,20.0,185.39999389648438,0,1,0,0,0,1,0,1,0,1,0,1,0,1,0,1,0,1,0,0,0,1,0
0,0,0,13,1,1,74.6500015258789,966.25,0,0,0,0,1,0,0,0,1,0,0,0,0,0,0,0,0,0,1,0,0,0,1
0,0,0,9,1,1,85.3499984741211,758.5999755859375,1,1,1,0,1,0,0,0,0,0,0,0,0,0,1,0,0,0,0,0,0,1,0
0,0,0,25,1,0,74.30000305175781,1863.800048828125,1,0,0,0,0,0,1,0,1,0,1,0,1,0,1,0,0,0,1,0,0,0,1
1,0,0,7,0,1,44.400001525878906,265.79998779296875,0,1,0,1,0,0,0,0,1,0,0,0,1,0,0,0,1,0,0,0,0,1,0
0,1,1,38,1,1,85.4000015258789,3297.0,0,1,1,0,0,0,1,0,0,0,1,0,1,0,1,0,1,0,0,1,0,0,0
0,1,0,43,1,1,94.0999984741211,4107.2998046875,0,0,1,0,1,0,1,0,1,0,0,0,0,0,0,0,1,0,0,0,0,1,0
0,0,1,4,1,1,98.0999984741211,396.29998779296875,1,0,0,0,1,0,0,0,0,0,1,0,1,0,1,0,1,0,0,0,0,0,0
0,0,0,25,1,0,108.9000015258789,2809.050048828125,0,0,1,0,1,0,0,0,1,0,1,0,1,0,1,0,1,0,0,1,0,1,0
0,0,1,27,1,0,56.20000076293945,1567.550048828125,0,1,0,0,0,0,1,0,1,0,0,0,0,0,0,0,0,0,1,0,0,0,1
0,1,1,72,1,0,26.100000381469727,1851.449951171875,0,1,1,0,0,1,0,1,0,1,0,1,0,1,0,1,0,1,0,1,0,0,1
0,0,1,71,1,1,85.44999694824219,6028.9501953125,0,1,1,0,1,0,1,0,1,0,0,0,0,0,0,0,0,0,1,0,1,0,0
0,0,0,24,1,1,88.94999694824219,2072.75,0,0,1,0,1,0,0,0,0,0,1,0,0,0,1,0,0,0,0,0,1,0,0
0,0,0,50,1,1,109.6500015258789,5551.14990234375,1,0,1,0,1,0,1,0,1,0,0,0,1,0,1,0,1,0,0,1,0,1,0
0,0,0,57,1,1,74.3499984741211,4317.35009765625,0,1,0,0,0,0,1,0,0,0,1,0,0,0,1,0,1,0,0,1,0,0,0
0,0,0,15,1,0,48.849998474121094,736.7999877929688,0,0,0,0,0,0,0,0,1,0,0,0,0,0,0,0,0,0,0,0,0,1,0
0,0,0,4,1,1,80.0999984741211,336.1499938964844,0,1,1,0,1,0,1,0,0,0,0,0,0,0,0,0,0,0,0,0,0,1,0
0,0,0,28,1,0,56.04999923706055,1522.6500244140625,0,0,0,0,0,0,1,0,1,0,0,0,0,0,0,0,0,0,0,0,0,1,0
1,0,0,9,1,1,74.55000305175781,622.9000244140625,1,0,1,0,1,0,0,0,0,0,0,0,0,0,0,0,0,0,0,0,0,1,0
0,1,0,55,1,1,89.80000305175781,4959.60009765625,0,0,1,0,1,0,1,0,0,0,0,0,0,0,1,0,0,0,0,0,0,0,0
0,0,0,3,1,1,100.94999694824219,329.95001220703125,1,1,1,0,1,0,0,0,0,0,1,0,0,0,1,0,1,0,0,0,0,1,0
0,0,0,10,1,1,94.9000015258789,1048.8499755859375,1,1,0,0,1,0,0,0,0,0,1,0,0,0,1,0,1,0,0,0,0,1,0
0,0,1,55,1,0,19.100000381469727,1001.5,0,1,0,0,0,1,0,1,0,1,0,1,0,1,0,1,0,1,1,0,0,0,0
0,1,1,20,1,0,20.350000381469727,442.6000061035156,0,0,0,0,0,1,0,1,0,1,0,1,0,1,0,1,0,1,0,0,0,0,1
0,1,1,62,1,1,106.05000305175781,6703.5,0,0,1,0,1,0,0,0,1,0,0,0,1,0,1,0,1,0,1,0,1,0,0
1,1,0,32,1,1,104.9000015258789,3351.550048828125,1,1,1,0,1,0,0,0,0,0,1,0,1,0,1,0,1,0,0,0,0,1,0
0,0,0,43,1,1,19.649999618530273,779.25,0,0,0,0,0,1,0,1,0,1,0,1,0,1,0,1,0,1,0,1,0,0,0
0,1,0,9,0,0,24.100000381469727,259.79998779296875,1,1,0,1,0,0,0,0,0,0,0,0,0,0,0,0,0,0,1,0,0,0,0
0,1,0,60,1,0,59.849998474121094,3483.449951171875,0,0,0,0,0,0,1,0,1,0,0,0,1,0,0,0,0,0,0,1,0,0,0
0,1,0,58,1,1,86.0999984741211,4890.5,0,1,1,0,0,0,1,0,1,0,1,0,0,0,1,0,1,0,0,1,0,1,0
0,0,1,7,1,0,19.450000762939453,136.75,0,1,0,0,0,1,0,1,0,1,0,1,0,1,0,1,0,1,1,0,0,0,1
0,1,1,2,1,0,97.0999984741211,184.14999389648438,0,1,0,0,1,0,1,0,0,0,0,0,0,0,1,0,1,0,0,0,0,1,0
1,0,0,37,0,0,36.650001525878906,1315.0,0,1,0,1,0,0,0,0,1,0,1,0,0,0,0,0,0,0,0,0,0,1,0
1,1,1,65,1,1,103.9000015258789,6767.10009765625,0,0,1,0,1,0,0,0,0,0,1,0,1,0,1,0,1,0,1,0,0,0,0
0,1,1,39,1,0,19.75,757.9500122070312,0,0,0,0,0,1,0,1,0,1,0,1,0,1,0,1,0,1,0,1,0,0,1
0,1,0,66,1,1,104.05000305175781,6890.0,1,1,1,0,1,0,0,0,1,0,0,0,1,0,1,0,1,0,1,0,0,1,0
0,0,0,68,1,0,24.549999237060547,1657.4000244140625,0,1,1,0,0,1,0,1,0,1,0,1,0,1,0,1,0,1,0,1,0,0,1
0,1,1,62,0,0,48.70000076293945,3008.550048828125,0,0,0,1,0,0,1,0,1,0,0,0,1,0,1,0,0,0,0,1,0,0,0
0,0,0,3,1,1,88.3499984741211,262.04998779296875,1,1,0,0,1,0,0,0,0,0,1,0,1,0,1,0,0,0,0,0,0,0,1
0,1,0,72,1,1,109.55000305175781,8165.10009765625,0,0,1,0,1,0,1,0,1,0,1,0,0,0,1,0,1,0,0,1,0,1,0
0,1,0,41,1,0,20.649999618530273,875.5499877929688,0,0,0,0,0,1,0,1,0,1,0,1,0,1,0,1,0,1,0,1,1,0,0
0,1,1,29,1,0,94.6500015258789,2649.14990234375,1,1,0,0,1,0,1,0,0,0,0,0,0,0,1,0,1,0,0,0,1,0,0
0,0,0,4,1,0,55.20000076293945,220.64999389648438,0,0,0,0,0,0,1,0,1,0,0,0,0,0,0,0,0,0,0,0,0,1,0
0,0,0,53,1,0,24.049999237060547,1301.9000244140625,0,1,1,0,0,1,0,1,0,1,0,1,0,1,0,1,0,1,1,0,0,0,0
1,1,0,1,1,1,74.4000015258789,74.4000015258789,1,1,1,0,1,0,0,0,0,0,0,0,0,0,0,0,0,0,0,0,0,1,0
0,1,1,41,1,0,79.9000015258789,3326.199951171875,1,0,1,0,0,0,1,0,1,0,1,0,1,0,0,0,1,0,0,0,1,0,0
0,1,0,39,1,1,20.450000762939453,790.0,0,1,0,0,0,1,0,1,0,1,0,1,0,1,0,1,0,1,0,1,0,0,0
0,1,0,63,1,0,19.25,1237.6500244140625,0,1,0,0,0,1,0,1,0,1,0,1,0,1,0,1,0,1,0,1,0,0,1
0,0,0,15,1,1,26.350000381469727,378.6000061035156,0,1,1,0,0,1,0,1,0,1,0,1,0,1,0,1,0,1,0,0,0,1,0
0,1,0,13,1,0,43.79999923706055,592.6500244140625,0,0,0,0,0,0,0,0,0,0,0,0,0,0,0,0,0,0,1,0,0,1,0
0,0,0,1,1,1,50.150001525878906,50.150001525878906,0,1,0,0,0,0,0,0,1,0,0,0,0,0,0,0,0,0,0,0,0,0,1
0,0,0,1,1,0,20.450000762939453,20.450000762939453,0,1,0,0,0,1,0,1,0,1,0,1,0,1,0,1,0,1,0,1,0,0,1
1,0,0,8,1,1,69.69999694824219,560.8499755859375,1,1,0,0,1,0,0,0,0,0,0,0,0,0,0,0,0,0,0,0,0,1,0
0,0,0,60,1,0,61.400001525878906,3638.25,0,1,0,0,0,0,1,0,1,0,1,0,0,0,0,0,0,0,0,1,0,1,0
1,1,0,12,1,1,98.0999984741211,1060.199951171875,1,0,1,0,1,0,0,0,1,0,1,0,0,0,1,0,0,0,0,0,0,1,0
0,1,0,40,1,0,70.75,2921.75,0,1,1,0,0,0,0,0,1,0,0,0,1,0,1,0,0,0,1,0,1,0,0
0,0,0,66,1,1,61.150001525878906,4017.449951171875,0,0,0,0,0,0,1,0,1,0,1,0,0,0,0,0,0,0,0,1,0,0,0
0,1,1,42,1,0,20.25,854.9000244140625,0,1,0,0,0,1,0,1,0,1,0,1,0,1,0,1,0,1,1,0,0,0,1
1,0,0,66,1,1,63.849998474121094,4174.35009765625,0,0,1,0,0,0,1,0,1,0,0,0,1,0,0,0,0,0,1,0,1,0,0
0,0,0,49,1,0,98.69999694824219,4920.5498046875,0,1,1,0,1,0,0,0,1,0,0,0,0,0,1,0,1,0,0,0,0,1,0
0,0,0,1,1,0,20.5,20.5,1,0,0,0,0,1,0,1,0,1,0,1,0,1,0,1,0,1,0,0,0,0,1
0,0,0,41,1,0,20.0,810.2999877929688,0,0,0,0,0,1,0,1,0,1,0,1,0,1,0,1,0,1,0,1,0,0,1
0,1,1,41,1,0,19.299999237060547,772.4000244140625,0,0,0,0,0,1,0,1,0,1,0,1,0,1,0,1,0,1,0,1,0,0,0
0,1,1,23,1,0,84.4000015258789,1936.8499755859375,0,0,0,0,1,0,1,0,1,0,0,0,1,0,0,0,0,0,0,0,0,0,1
0,0,0,3,0,0,25.100000381469727,79.80000305175781,0,1,0,1,0,0,0,0,0,0,0,0,0,0,0,0,0,0,0,0,0,1,0
0,0,0,4,0,0,48.25,202.25,0,0,0,1,0,0,1,0,0,0,1,0,1,0,0,0,1,0,0,0,0,0,1
0,1,1,52,1,0,19.850000381469727,1070.5,0,0,0,0,0,1,0,1,0,1,0,1,0,1,0,1,0,1,0,1,0,0,1
1,1,0,4,1,1,99.5999984741211,347.6499938964844,1,0,1,0,1,0,1,0,0,0,0,0,0,0,1,0,1,0,0,0,0,1,0
0,0,0,11,1,1,94.19999694824219,999.9000244140625,0,0,0,0,1,0,0,0,1,0,1,0,1,0,0,0,1,0,0,0,0,1,0
0,1,0,2,1,1,62.150001525878906,113.0999984741211,0,0,0,0,0,0,1,0,0,0,0,0,0,0,0,0,1,0,0,0,0,0,1
0,1,0,26,1,0,79.30000305175781,2015.800048828125,0,0,1,0,1,0,0,0,1,0,0,0,0,0,0,0,0,0,0,0,0,0,0
0,1,1,24,1,1,56.25,1454.25,0,1,0,0,0,0,1,0,0,0,1,0,0,0,0,0,0,0,1,0,1,0,0
0,0,0,12,1,0,20.299999237060547,246.6999969482422,0,0,0,0,0,1,0,1,0,1,0,1,0,1,0,1,0,1,0,0,0,0,1
1,1,0,60,1,1,99.0,6017.89990234375,0,1,1,0,1,0,0,0,0,0,0,0,1,0,1,0,1,0,0,0,0,1,0
0,1,1,64,1,1,90.5999984741211,5817.4501953125,0,0,1,0,0,0,1,0,1,0,1,0,1,0,1,0,1,0,0,1,0,0,1
0,1,0,66,1,1,85.9000015258789,5595.2998046875,0,1,0,0,0,0,1,0,1,0,1,0,1,0,1,0,1,0,0,1,0,0,0
0,0,0,60,1,1,79.19999694824219,4765.0,0,0,1,0,1,0,0,0,0,0,1,0,0,0,0,0,0,0,1,0,0,0,0
0,1,1,17,1,1,70.3499984741211,1201.6500244140625,0,1,1,0,0,0,1,0,0,0,1,0,0,0,1,0,0,0,1,0,0,0,0
0,1,1,42,1,0,19.350000381469727,867.2999877929688,0,1,0,0,0,1,0,1,0,1,0,1,0,1,0,1,0,1,0,1,0,0,1
0,0,0,1,1,1,50.150001525878906,50.150001525878906,0,1,1,0,0,0,0,0,0,0,0,0,0,0,0,0,0,0,0,0,0,1,0
0,1,1,47,1,0,63.79999923706055,3007.25,0,0,0,0,0,0,0,0,1,0,0,0,1,0,0,0,1,0,0,1,0,0,0
0,1,0,10,1,1,20.549999237060547,252.75,0,0,0,0,0,1,0,1,0,1,0,1,0,1,0,1,0,1,0,0,0,0,1
1,1,0,70,1,1,88.55000305175781,6306.5,0,1,1,0,0,0,1,0,1,0,1,0,1,0,1,0,1,0,0,1,1,0,0
1,0,0,67,1,1,101.4000015258789,6841.0498046875,0,1,1,0,1,0,0,0,0,0,1,0,0,0,1,0,1,0,0,0,1,0,0
0,0,0,1,1,1,81.94999694824219,81.94999694824219,1,0,0,0,1,0,0,0,0,0,0,0,0,0,0,0,1,0,0,0,0,1,0
0,1,0,7,1,1,69.3499984741211,451.1000061035156,1,1,0,0,1,0,0,0,0,0,0,0,0,0,0,0,0,0,0,0,0,1,0
0,0,0,1,1,0,44.599998474121094,44.599998474121094,0,1,0,0,0,0,0,0,0,0,0,0,0,0,0,0,0,0,0,0,0,0,1
0,0,0,4,1,1,63.75,226.1999969482422,0,1,0,0,0,0,0,0,1,0,0,0,1,0,1,0,0,0,0,0,0,0,0
0,1,1,66,1,0,109.25,7082.5,0,0,1,0,1,0,1,0,1,0,1,0,0,0,1,0,1,0,0,1,0,0,0
0,0,0,12,1,1,84.5999984741211,1017.3499755859375,0,0,0,0,1,0,0,0,1,0,0,0,0,0,0,0,1,0,0,0,0,1,0
0,0,0,24,1,0,20.450000762939453,527.3499755859375,0,0,0,0,0,1,0,1,0,1,0,1,0,1,0,1,0,1,1,0,1,0,0
0,0,0,26,1,1,85.75,2146.5,0,1,0,0,1,0,0,0,1,0,0,0,0,0,1,0,0,0,0,0,0,1,0
0,0,0,6,1,1,91.0999984741211,455.29998779296875,1,0,0,0,1,0,0,0,0,0,0,0,0,0,1,0,1,0,0,0,0,1,0
0,1,0,57,1,0,107.94999694824219,5969.85009765625,0,1,1,0,1,0,0,0,0,0,1,0,1,0,1,0,1,0,0,1,0,1,0
0,1,0,14,1,1,86.0999984741211,1235.550048828125,1,1,1,0,1,0,0,0,0,0,0,0,0,0,1,0,0,0,0,0,0,1,0
0,1,1,42,1,0,22.950000762939453,1014.25,0,0,1,0,0,1,0,1,0,1,0,1,0,1,0,1,0,1,0,1,0,1,0
0,0,0,25,1,1,94.69999694824219,2362.10009765625,1,1,1,0,1,0,0,0,0,0,0,0,0,0,1,0,1,0,0,0,0,0,0
0,1,0,64,1,0,19.450000762939453,1225.6500244140625,0,0,0,0,0,1,0,1,0,1,0,1,0,1,0,1,0,1,0,1,1,0,0
0,1,0,22,1,1,85.0999984741211,1873.699951171875,1,1,1,0,1,0,0,0,0,0,0,0,0,0,0,0,1,0,0,0,0,1,0
0,0,0,19,1,1,19.700000762939453,386.5,0,1,0,0,0,1,0,1,0,1,0,1,0,1,0,1,0,1,1,0,1,0,0
0,1,1,61,1,1,99.1500015258789,6010.0498046875,1,0,1,0,1,0,0,0,1,0,0,0,0,0,1,0,1,0,0,0,0,1,0
0,1,0,22,1,1,87.0,1850.6500244140625,0,1,0,0,1,0,0,0,0,0,1,0,0,0,1,0,0,0,0,0,0,0,0
1,1,0,70,1,1,102.94999694824219,7101.5,1,1,1,0,1,0,0,0,1,0,1,0,0,0,1,0,1,0,0,0,0,1,0
0,0,0,12,1,1,79.94999694824219,1043.4000244140625,0,1,0,0,1,0,0,0,0,0,0,0,0,0,0,0,1,0,0,0,0,0,0
0,1,0,31,1,1,64.0,1910.75,0,0,0,0,0,0,1,0,0,0,0,0,1,0,0,0,1,0,1,0,0,1,0
0,0,0,11,1,1,64.9000015258789,716.0999755859375,0,0,0,0,0,0,0,0,0,0,0,0,0,0,1,0,1,0,0,0,0,1,0
0,1,1,68,1,0,25.75,1686.1500244140625,0,1,1,0,0,1,0,1,0,1,0,1,0,1,0,1,0,1,0,1,0,0,1
1,1,1,72,1,1,90.1500015258789,6716.4501953125,0,0,1,0,0,0,1,0,1,0,1,0,1,0,1,0,1,0,0,1,0,0,0
1,0,0,67,1,1,116.0999984741211,7839.85009765625,0,1,1,0,1,0,1,0,1,0,1,0,1,0,1,0,1,0,0,1,1,0,0
0,0,0,60,1,1,104.94999694824219,6236.75,0,0,0,0,1,0,1,0,0,0,1,0,1,0,1,0,1,0,0,0,0,0,0
0,0,0,1,1,1,45.04999923706055,45.04999923706055,1,1,0,0,0,0,0,0,0,0,0,0,0,0,0,0,0,0,0,0,0,0,1
1,0,1,1,1,1,71.0,71.0,1,0,0,0,1,0,0,0,0,0,0,0,0,0,0,0,0,0,0,0,0,1,0
0,1,1,58,0,0,50.0,2919.85009765625,0,1,0,1,0,0,1,0,1,0,1,0,0,0,1,0,0,0,1,0,0,0,1
1,1,1,47,1,0,70.55000305175781,3309.25,1,0,0,0,1,0,0,0,0,0,0,0,0,0,0,0,0,0,0,0,0,0,0
0,0,0,1,1,1,79.69999694824219,79.69999694824219,1,0,0,0,1,0,0,0,0,0,0,0,0,0,0,0,1,0,0,0,0,1,0
0,0,0,1,1,0,20.450000762939453,20.450000762939453,0,1,0,0,0,1,0,1,0,1,0,1,0,1,0,1,0,1,0,0,0,0,1
0,0,0,22,1,0,59.0,1254.699951171875,1,1,1,0,0,0,1,0,1,0,0,0,0,0,0,0,0,0,0,0,0,1,0
0,0,0,48,1,1,60.349998474121094,2896.39990234375,1,0,0,0,0,0,1,0,0,0,1,0,1,0,0,0,0,0,1,0,1,0,0
0,1,0,37,1,1,19.850000381469727,717.5,0,0,0,0,0,1,0,1,0,1,0,1,0,1,0,1,0,1,1,0,0,0,0
0,0,0,13,1,1,19.950000762939453,253.8000030517578,0,1,0,0,0,1,0,1,0,1,0,1,0,1,0,1,0,1,1,0,0,1,0
0,0,0,43,1,0,26.450000762939453,1110.050048828125,0,1,1,0,0,1,0,1,0,1,0,1,0,1,0,1,0,1,0,1,0,0,0
0,0,0,6,0,1,63.400001525878906,348.79998779296875,0,0,0,1,0,0,1,0,1,0,1,0,1,0,1,0,1,0,0,1,0,0,1
0,0,0,71,0,0,53.95000076293945,3888.64990234375,0,1,0,1,0,0,1,0,1,0,1,0,1,0,1,0,0,0,0,1,0,0,0
1,1,1,1,1,1,69.25,69.25,1,0,0,0,1,0,0,0,0,0,0,0,0,0,0,0,0,0,0,0,0,1,0
0,1,1,72,1,1,95.0999984741211,6843.14990234375,0,0,1,0,1,0,1,0,1,0,0,0,0,0,1,0,0,0,0,1,0,1,0
1,0,0,6,1,1,74.0999984741211,450.8999938964844,0,0,0,0,1,0,1,0,0,0,0,0,0,0,0,0,0,0,0,0,0,1,0
0,1,1,12,0,0,35.5,432.25,0,1,0,1,0,0,0,0,1,0,0,0,1,0,0,0,0,0,0,0,0,0,1
0,0,0,25,1,0,70.94999694824219,1767.3499755859375,1,1,0,0,1,0,0,0,0,0,0,0,0,0,0,0,0,0,0,0,0,0,1
0,1,0,21,1,0,79.19999694824219,1742.449951171875,0,0,0,0,1,0,0,0,0,0,1,0,1,0,0,0,0,0,1,0,0,1,0
0,1,1,6,1,1,48.79999923706055,297.3500061035156,0,0,0,0,0,0,0,0,0,0,0,0,1,0,0,0,0,0,0,0,0,0,1
0,1,0,20,1,1,89.0,1820.449951171875,1,1,0,0,1,0,0,0,0,0,0,0,0,0,1,0,1,0,0,0,0,0,1
0,1,0,18,1,1,99.4000015258789,1742.949951171875,1,1,1,0,1,0,1,0,0,0,0,0,0,0,1,0,1,0,0,0,0,1,0
0,0,0,43,1,0,55.45000076293945,2444.25,0,0,0,0,0,0,0,0,1,0,0,0,1,0,0,0,0,0,1,0,0,1,0
0,1,1,35,1,1,25.399999618530273,949.7999877929688,0,0,1,0,0,1,0,1,0,1,0,1,0,1,0,1,0,1,0,1,1,0,0
0,0,0,1,1,0,73.5,73.5,1,0,0,0,1,0,0,0,0,0,1,0,0,0,0,0,0,0,0,0,0,0,0
1,1,0,32,1,1,93.5,2970.800048828125,0,1,1,0,1,0,0,0,1,0,1,0,0,0,0,0,1,0,0,0,0,1,0
0,0,0,52,0,0,63.900001525878906,3334.949951171875,0,1,0,1,0,0,1,0,1,0,1,0,1,0,1,0,1,0,0,1,1,0,0
0,0,0,32,1,1,64.8499984741211,2010.949951171875,0,1,0,0,0,0,0,0,0,0,0,0,0,0,1,0,1,0,1,0,0,0,0
0,1,1,72,0,1,63.79999923706055,4684.2998046875,0,0,0,1,0,0,1,0,1,0,1,0,1,0,1,0,1,0,0,1,0,0,0
0,0,0,51,0,1,44.45000076293945,2181.550048828125,0,1,0,1,0,0,1,0,0,0,0,0,1,0,0,0,1,0,0,0,1,0,0
0,1,1,68,1,1,19.950000762939453,1303.25,0,1,0,0,0,1,0,1,0,1,0,1,0,1,0,1,0,1,0,1,0,0,0
1,1,0,8,0,1,43.349998474121094,371.3999938964844,0,1,0,1,0,0,0,0,1,0,1,0,0,0,0,0,1,0,0,0,0,0,1
0,1,0,49,0,0,49.650001525878906,2409.89990234375,0,1,0,1,0,0,0,0,1,0,0,0,0,0,1,0,1,0,0,1,1,0,0
0,1,0,72,1,0,85.0999984741211,6155.39990234375,0,0,0,0,0,0,1,0,1,0,1,0,1,0,1,0,1,0,0,1,0,0,1
0,0,0,9,1,1,95.5,829.0999755859375,1,1,1,0,1,0,0,0,0,0,0,0,0,0,1,0,1,0,0,0,0,1,0
0,1,0,28,1,1,92.3499984741211,2602.89990234375,1,0,0,0,1,0,1,0,0,0,0,0,0,0,1,0,1,0,0,0,0,0,1
0,0,0,54,1,0,89.80000305175781,4667.0,0,1,0,0,1,0,1,0,0,0,1,0,0,0,1,0,0,0,0,0,0,0,1
0,0,0,11,1,1,74.55000305175781,824.75,1,1,0,0,1,0,0,0,1,0,0,0,0,0,0,0,0,0,0,0,0,1,0
0,1,1,50,1,0,103.05000305175781,5153.5,0,0,0,0,1,0,0,0,0,0,1,0,1,0,1,0,1,0,1,0,0,0,1
0,1,0,69,1,1,116.0,8182.85009765625,0,0,1,0,1,0,1,0,1,0,1,0,1,0,1,0,1,0,0,1,0,1,0
0,0,0,1,1,1,69.9000015258789,69.9000015258789,0,1,0,0,1,0,0,0,0,0,0,0,0,0,0,0,0,0,0,0,0,1,0
0,1,1,68,1,0,95.0999984741211,6683.39990234375,0,1,0,0,1,0,1,0,1,0,0,0,1,0,0,0,1,0,0,1,0,0,0
0,0,1,40,0,0,40.25,1564.050048828125,0,1,0,1,0,0,1,0,1,0,0,0,1,0,0,0,0,0,1,0,0,0,1
0,1,1,31,1,0,25.75,755.5999755859375,0,1,1,0,0,1,0,1,0,1,0,1,0,1,0,1,0,1,0,1,0,0,1
1,0,1,33,1,1,105.3499984741211,3465.050048828125,0,0,1,0,1,0,0,0,1,0,1,0,0,0,1,0,1,0,0,0,0,0,0
1,1,0,55,1,1,113.5999984741211,6292.7001953125,0,1,1,0,1,0,0,0,1,0,1,0,1,0,1,0,1,0,0,1,0,1,0
0,1,1,68,1,1,24.0,1664.300048828125,0,1,1,0,0,1,0,1,0,1,0,1,0,1,0,1,0,1,0,1,0,0,0
0,1,1,12,1,0,19.399999618530273,198.10000610351562,0,0,0,0,0,1,0,1,0,1,0,1,0,1,0,1,0,1,0,0,0,0,0
0,1,0,71,1,1,86.0999984741211,6045.89990234375,0,1,0,0,0,0,1,0,1,0,1,0,1,0,1,0,1,0,0,1,0,0,0
0,0,0,40,1,1,102.6500015258789,4108.14990234375,0,1,1,0,1,0,0,0,1,0,1,0,0,0,1,0,1,0,0,0,0,0,1
0,1,1,64,1,1,92.8499984741211,5980.75,0,0,1,0,1,0,0,0,1,0,1,0,0,0,0,0,1,0,1,0,0,1,0
0,1,0,53,1,0,97.75,5043.2001953125,0,1,1,0,1,0,0,0,1,0,0,0,1,0,0,0,1,0,1,0,0,0,0
1,0,0,12,1,1,83.80000305175781,1029.75,1,1,0,0,1,0,0,0,1,0,1,0,1,0,0,0,0,0,0,0,0,0,1
1,0,0,53,0,1,54.45000076293945,2854.550048828125,1,1,0,1,0,0,0,0,1,0,1,0,0,0,1,0,1,0,0,0,0,1,0
0,1,0,72,1,1,97.94999694824219,7114.25,0,1,1,0,1,0,1,0,1,0,1,0,0,0,1,0,0,0,0,1,1,0,0
0,0,0,46,1,0,19.950000762939453,907.0499877929688,0,1,0,0,0,1,0,1,0,1,0,1,0,1,0,1,0,1,0,1,0,1,0
0,0,0,40,1,1,24.600000381469727,973.9500122070312,0,1,1,0,0,1,0,1,0,1,0,1,0,1,0,1,0,1,0,1,0,0,1
0,0,0,12,0,1,50.95000076293945,605.75,0,1,0,1,0,0,1,0,1,0,0,0,1,0,1,0,0,0,0,0,0,0,0
0,0,0,9,1,0,75.5999984741211,661.5499877929688,0,1,0,0,1,0,1,0,0,0,0,0,0,0,0,0,0,0,0,0,0,1,0
0,1,1,51,1,1,80.75,4116.89990234375,0,0,1,0,1,0,0,0,0,0,0,0,1,0,0,0,0,0,0,0,0,1,0
0,1,1,49,1,1,90.4000015258789,4494.64990234375,0,1,0,0,1,0,0,0,1,0,1,0,0,0,1,0,0,0,0,0,1,0,0
1,1,0,41,1,1,99.80000305175781,4259.2998046875,1,1,1,0,1,0,0,0,0,0,1,0,0,0,1,0,1,0,0,0,0,1,0
0,0,0,56,1,1,60.25,3282.75,0,0,0,0,0,0,1,0,0,0,1,0,1,0,0,0,0,0,1,0,1,0,0
0,0,0,4,1,1,20.200000762939453,55.70000076293945,0,1,0,0,0,1,0,1,0,1,0,1,0,1,0,1,0,1,0,0,0,1,0
0,1,0,20,1,1,64.1500015258789,1274.449951171875,0,1,0,0,0,0,1,0,0,0,0,0,1,0,0,0,1,0,1,0,0,0,1
0,1,1,26,1,1,20.25,493.95001220703125,0,0,0,0,0,1,0,1,0,1,0,1,0,1,0,1,0,1,0,0,1,0,0
0,1,1,20,1,1,105.8499984741211,2239.64990234375,1,0,1,0,1,0,0,0,1,0,1,0,0,0,1,0,1,0,0,0,0,0,0
0,0,0,7,1,0,75.44999694824219,480.75,1,0,1,0,1,0,0,0,0,0,0,0,0,0,0,0,0,0,0,0,0,0,1
0,0,0,7,1,1,93.8499984741211,635.5999755859375,1,1,1,0,1,0,0,0,0,0,0,0,0,0,1,0,1,0,0,0,0,1,0
0,0,0,51,1,1,99.0,5038.14990234375,0,1,0,0,1,0,0,0,1,0,1,0,0,0,1,0,1,0,0,0,0,1,0
0,0,0,4,1,1,80.30000305175781,324.20001220703125,0,0,1,0,1,0,0,0,1,0,0,0,0,0,0,0,0,0,0,0,0,0,1
0,0,0,1,1,0,19.549999237060547,19.549999237060547,0,0,0,0,0,1,0,1,0,1,0,1,0,1,0,1,0,1,0,0,1,0,0
0,1,1,27,1,0,100.75,2793.550048828125,0,1,1,0,1,0,1,0,1,0,0,0,1,0,1,0,0,0,0,0,0,1,0
0,0,0,22,1,1,100.75,2095.0,1,1,1,0,1,0,1,0,0,0,0,0,0,0,1,0,1,0,0,0,0,1,0
0,0,0,12,1,1,53.75,648.6500244140625,0,1,0,0,0,0,0,0,1,0,0,0,1,0,0,0,0,0,0,0,0,0,1
0,1,1,3,0,1,31.0,95.05000305175781,1,0,0,1,0,0,0,0,0,0,0,0,1,0,0,0,0,0,0,0,0,0,1
0,1,1,34,1,1,25.600000381469727,917.1500244140625,0,0,1,0,0,1,0,1,0,1,0,1,0,1,0,1,0,1,1,0,1,0,0
0,1,0,24,1,1,58.349998474121094,1346.9000244140625,0,1,1,0,0,0,1,0,0,0,0,0,1,0,0,0,0,0,1,0,0,1,0
0,0,0,51,1,0,80.0,4242.35009765625,1,1,1,0,1,0,0,0,0,0,1,0,0,0,0,0,0,0,0,0,1,0,0
1,0,0,14,0,1,46.349998474121094,672.7000122070312,0,0,0,1,0,0,0,0,0,0,0,0,0,0,1,0,1,0,0,0,0,1,0
0,1,0,59,1,0,113.75,6561.25,0,1,1,0,1,0,1,0,1,0,1,0,1,0,1,0,1,0,0,1,0,1,0
0,0,0,3,1,0,90.4000015258789,268.45001220703125,0,1,0,0,1,0,0,0,1,0,1,0,0,0,0,0,1,0,0,0,0,1,0
0,1,1,65,1,0,109.30000305175781,7337.5498046875,0,0,1,0,1,0,1,0,0,0,1,0,1,0,1,0,1,0,0,1,0,1,0
1,0,0,5,1,1,70.25,331.8999938964844,1,1,0,0,1,0,0,0,0,0,0,0,0,0,0,0,0,0,0,0,0,0,1
0,1,1,59,1,0,90.30000305175781,5194.0498046875,0,0,1,0,0,0,1,0,1,0,1,0,1,0,1,0,1,0,0,1,1,0,0
0,1,1,72,0,1,65.25,4478.85009765625,0,1,0,1,0,0,1,0,1,0,1,0,1,0,1,0,1,0,0,1,1,0,0
0,1,1,62,1,1,100.1500015258789,6283.2998046875,1,0,0,0,1,0,0,0,1,0,1,0,0,0,1,0,1,0,0,0,0,1,0
0,0,0,28,1,1,94.5,2659.39990234375,1,1,1,0,1,0,1,0,1,0,0,0,0,0,0,0,1,0,0,0,1,0,0
0,0,0,3,1,0,60.650001525878906,196.89999389648438,0,1,0,0,0,0,0,0,0,0,0,0,1,0,0,0,1,0,0,0,0,0,1
0,0,1,19,1,1,24.100000381469727,439.20001220703125,0,1,1,0,0,1,0,1,0,1,0,1,0,1,0,1,0,1,0,0,1,0,0
0,0,0,1,1,1,19.5,19.5,0,1,0,0,0,1,0,1,0,1,0,1,0,1,0,1,0,1,0,0,0,0,1
0,0,0,24,1,1,85.94999694824219,2107.14990234375,0,1,0,0,1,0,0,0,1,0,1,0,1,0,0,0,0,0,0,0,0,1,0
1,0,0,57,1,1,53.5,3035.800048828125,0,1,0,0,0,0,0,0,0,0,1,0,1,0,0,0,0,0,1,0,0,1,0
0,0,0,72,1,0,25.450000762939453,1866.449951171875,0,0,1,0,0,1,0,1,0,1,0,1,0,1,0,1,0,1,0,1,1,0,0
0,0,0,67,1,0,20.5,1430.949951171875,0,1,0,0,0,1,0,1,0,1,0,1,0,1,0,1,0,1,0,1,0,0,0
0,1,1,52,1,1,20.850000381469727,1071.5999755859375,0,1,0,0,0,1,0,1,0,1,0,1,0,1,0,1,0,1,1,0,1,0,0
0,1,1,71,1,0,89.9000015258789,6457.14990234375,0,1,1,0,0,0,1,0,1,0,1,0,1,0,1,0,1,0,0,1,1,0,0
0,1,0,26,1,0,26.0,684.0499877929688,0,0,1,0,0,1,0,1,0,1,0,1,0,1,0,1,0,1,1,0,0,0,1
0,0,0,35,1,1,113.19999694824219,3914.050048828125,0,0,1,0,1,0,1,0,1,0,1,0,1,0,1,0,1,0,0,1,0,0,1
0,1,1,55,1,1,69.05000305175781,3842.60009765625,0,0,0,0,1,0,0,0,0,0,0,0,0,0,0,0,0,0,0,1,1,0,0
0,1,1,33,1,0,20.100000381469727,670.3499755859375,0,0,0,0,0,1,0,1,0,1,0,1,0,1,0,1,0,1,0,1,0,0,1
0,1,0,72,1,1,109.6500015258789,7880.25,0,1,1,0,1,0,1,0,1,0,1,0,0,0,1,0,1,0,0,1,0,1,0
0,0,1,1,1,1,19.200000762939453,19.200000762939453,0,1,0,0,0,1,0,1,0,1,0,1,0,1,0,1,0,1,0,0,0,0,1
0,0,0,10,0,1,33.900001525878906,298.45001220703125,1,1,0,1,0,0,0,0,0,0,0,0,0,0,0,0,1,0,0,0,0,0,1
1,1,0,37,1,0,90.0,3371.75,0,0,0,0,1,0,0,0,0,0,1,0,1,0,1,0,0,0,0,0,0,1,0
0,0,0,12,0,0,34.0,442.45001220703125,0,1,0,1,0,0,0,0,1,0,0,0,1,0,0,0,0,0,0,0,0,0,1
0,1,1,1,1,0,20.399999618530273,20.399999618530273,0,1,0,0,0,1,0,1,0,1,0,1,0,1,0,1,0,1,1,0,0,0,1
0,1,0,62,0,1,38.599998474121094,2345.550048828125,0,1,0,1,0,0,1,0,1,0,0,0,1,0,0,0,0,0,0,1,1,0,0
0,0,0,1,0,0,25.25,25.25,0,0,0,1,0,0,0,0,0,0,0,0,0,0,0,0,0,0,0,0,0,0,0
0,0,0,18,1,1,60.599998474121094,1156.3499755859375,0,0,1,0,0,0,1,0,0,0,1,0,0,0,0,0,0,0,0,0,0,0,1
1,1,0,69,1,1,89.94999694824219,6143.14990234375,1,1,1,0,1,0,0,0,1,0,0,0,0,0,1,0,0,0,0,0,0,1,0
0,0,0,2,1,1,74.75,144.8000030517578,0,1,0,0,1,0,0,0,1,0,0,0,0,0,0,0,0,0,0,0,0,1,0
0,1,1,19,1,0,20.600000381469727,414.95001220703125,0,1,0,0,0,1,0,1,0,1,0,1,0,1,0,1,0,1,0,0,0,0,1
0,0,0,12,1,1,84.44999694824219,1059.550048828125,1,1,1,0,1,0,0,0,0,0,0,0,0,0,1,0,0,0,0,0,0,1,0
0,0,0,9,1,0,20.399999618530273,181.8000030517578,0,1,0,0,0,1,0,1,0,1,0,1,0,1,0,1,0,1,0,0,0,0,1
0,0,0,27,1,0,81.69999694824219,2212.550048828125,0,1,0,0,0,0,1,0,0,0,1,0,1,0,1,0,1,0,1,0,0,1,0
0,0,1,27,1,1,79.5,2180.550048828125,1,1,1,0,1,0,0,0,0,0,0,0,1,0,0,0,0,0,0,0,0,1,0
0,1,1,1,1,0,89.1500015258789,89.1500015258789,1,1,0,0,1,0,0,0,0,0,0,0,0,0,1,0,1,0,0,0,0,0,1
1,0,0,24,1,1,20.299999237060547,459.95001220703125,0,0,0,0,0,1,0,1,0,1,0,1,0,1,0,1,0,1,0,0,0,0,1
1,0,0,14,1,1,74.94999694824219,1036.75,1,1,1,0,1,0,0,0,0,0,0,0,0,0,0,0,0,0,0,0,0,1,0
1,0,0,32,1,1,74.4000015258789,2276.949951171875,1,0,0,0,1,0,0,0,1,0,0,0,0,0,0,0,0,0,0,0,0,1,0
0,0,0,11,1,0,20.0,211.9499969482422,0,0,0,0,0,1,0,1,0,1,0,1,0,1,0,1,0,1,1,0,0,0,1
0,0,0,1,1,1,25.0,25.0,0,1,1,0,0,1,0,1,0,1,0,1,0,1,0,1,0,1,0,0,0,0,1
1,0,1,38,1,1,80.44999694824219,3162.64990234375,0,1,1,0,1,0,1,0,0,0,0,0,0,0,0,0,0,0,0,0,0,0,1
0,1,1,9,1,0,19.75,210.64999389648438,0,0,0,0,0,1,0,1,0,1,0,1,0,1,0,1,0,1,0,1,0,0,1
0,1,1,54,1,1,65.6500015258789,3566.699951171875,0,1,1,0,0,0,1,0,1,0,0,0,1,0,0,0,0,0,0,1,1,0,0
0,0,0,29,1,1,71.0,2080.10009765625,0,0,1,0,0,0,0,0,0,0,0,0,0,0,1,0,1,0,1,0,1,0,0
1,1,0,44,1,1,89.19999694824219,4040.199951171875,0,1,1,0,1,0,0,0,0,0,1,0,0,0,1,0,0,0,0,0,0,1,0
0,1,1,59,1,1,86.75,5186.0,0,1,0,0,0,0,1,0,1,0,1,0,1,0,1,0,1,0,0,1,0,1,0
0,0,0,3,1,1,55.29999923706055,196.14999389648438,1,0,0,0,0,0,0,0,0,0,0,0,0,0,0,0,1,0,0,0,0,1,0
0,1,1,18,1,1,61.5,1087.449951171875,0,0,0,0,0,0,1,0,1,0,0,0,1,0,0,0,0,0,1,0,0,0,1
1,0,0,67,1,0,25.100000381469727,1672.1500244140625,0,1,1,0,0,1,0,1,0,1,0,1,0,1,0,1,0,1,0,1,1,0,0
0,1,1,22,1,0,55.150001525878906,1206.050048828125,1,0,0,0,0,0,0,0,1,0,0,0,1,0,0,0,0,0,0,0,0,1,0
0,0,1,33,0,0,34.04999923706055,1113.949951171875,0,1,0,1,0,0,1,0,0,0,0,0,1,0,0,0,0,0,1,0,1,0,0
0,0,0,5,1,0,19.950000762939453,107.05000305175781,0,1,0,0,0,1,0,1,0,1,0,1,0,1,0,1,0,1,0,0,0,0,1
0,0,0,2,1,0,19.950000762939453,38.150001525878906,0,0,0,0,0,1,0,1,0,1,0,1,0,1,0,1,0,1,0,0,0,0,1
0,1,1,72,1,0,89.69999694824219,6339.2998046875,0,1,1,0,0,0,1,0,1,0,1,0,1,0,1,0,1,0,0,1,1,0,0
0,0,1,9,1,0,20.399999618530273,184.10000610351562,0,1,0,0,0,1,0,1,0,1,0,1,0,1,0,1,0,1,0,0,0,0,1
0,1,1,67,1,0,26.299999237060547,1688.9000244140625,0,1,1,0,0,1,0,1,0,1,0,1,0,1,0,1,0,1,0,1,0,0,1
0,1,0,16,1,1,84.94999694824219,1378.25,1,0,1,0,1,0,0,0,0,0,0,0,0,0,1,0,0,0,0,0,0,1,0
0,0,0,8,1,1,20.700000762939453,137.60000610351562,0,0,0,0,0,1,0,1,0,1,0,1,0,1,0,1,0,1,0,0,0,0,1
0,0,0,5,0,1,43.25,219.0,1,1,0,1,0,0,1,0,1,0,1,0,1,0,0,0,0,0,0,0,0,0,1
0,1,1,23,1,1,48.349998474121094,1067.1500244140625,1,1,1,0,0,0,0,0,0,0,0,0,0,0,0,0,0,0,1,0,1,0,0
0,0,0,1,1,1,79.55000305175781,79.55000305175781,1,1,0,0,1,0,0,0,0,0,0,0,0,0,1,0,0,0,0,0,0,1,0
1,1,0,50,1,1,71.05000305175781,3444.85009765625,1,0,0,0,1,0,0,0,0,0,0,0,0,0,0,0,0,0,0,0,0,1,0
0,0,0,17,1,0,19.450000762939453,369.04998779296875,0,1,0,0,0,1,0,1,0,1,0,1,0,1,0,1,0,1,0,1,1,0,0
0,1,0,68,1,1,110.80000305175781,7553.60009765625,0,0,1,0,1,0,1,0,1,0,1,0,0,0,1,0,1,0,0,1,0,0,0
0,0,0,1,1,0,84.5,84.5,1,1,1,0,1,0,0,0,0,0,0,0,0,0,1,0,0,0,0,0,0,1,0
1,1,0,25,1,1,69.30000305175781,1813.0999755859375,0,0,0,0,1,0,0,0,0,0,0,0,0,0,0,0,0,0,0,0,0,1,0
0,0,0,67,0,1,49.349998474121094,3321.35009765625,0,1,0,1,0,0,1,0,0,0,1,0,1,0,1,0,0,0,1,0,0,0,0
0,0,0,32,1,0,20.350000381469727,707.5,0,1,0,0,0,1,0,1,0,1,0,1,0,1,0,1,0,1,1,0,1,0,0
1,1,0,67,1,1,105.5999984741211,7112.14990234375,0,0,1,0,1,0,1,0,1,0,0,0,0,0,1,0,1,0,1,0,0,1,0
1,1,0,72,0,1,64.44999694824219,4641.10009765625,0,1,0,1,0,0,1,0,1,0,1,0,1,0,1,0,1,0,0,1,1,0,0
0,1,0,71,1,1,108.5999984741211,7690.89990234375,1,1,1,0,1,0,0,0,1,0,1,0,1,0,1,0,1,0,0,1,1,0,0
0,0,1,1,1,1,49.900001525878906,49.900001525878906,0,1,0,0,0,0,0,0,1,0,0,0,0,0,0,0,0,0,0,0,0,1,0
0,0,0,46,0,0,30.299999237060547,1380.0999755859375,1,1,0,1,0,0,0,0,1,0,0,0,0,0,0,0,0,0,0,0,0,0,0
1,0,0,2,0,1,30.399999618530273,78.6500015258789,1,0,0,1,0,0,0,0,0,0,1,0,0,0,0,0,0,0,0,0,0,1,0
0,0,0,1,1,1,45.400001525878906,45.400001525878906,1,0,0,0,0,0,0,0,0,0,0,0,0,0,0,0,0,0,0,0,0,0,1
0,1,0,48,1,1,65.6500015258789,3094.64990234375,0,0,0,0,0,0,0,0,1,0,1,0,0,0,0,0,1,0,1,0,0,1,0
0,1,0,61,1,1,103.30000305175781,6518.35009765625,0,0,1,0,1,0,0,0,0,0,1,0,1,0,1,0,1,0,1,0,0,0,0
0,1,0,32,1,0,84.1500015258789,2585.949951171875,1,0,0,0,1,0,0,0,1,0,0,0,0,0,0,0,1,0,0,0,0,0,0
0,0,0,2,1,0,44.45000076293945,82.69999694824219,0,0,0,0,0,0,0,0,0,0,0,0,0,0,0,0,0,0,0,0,0,1,0
0,0,0,3,1,0,19.75,58.849998474121094,1,0,0,0,0,1,0,1,0,1,0,1,0,1,0,1,0,1,0,0,0,1,0
0,0,0,5,1,1,85.4000015258789,425.8999938964844,1,0,0,0,1,0,0,0,0,0,0,0,1,0,0,0,1,0,0,0,1,0,0
0,1,1,71,1,0,89.9000015258789,6342.7001953125,0,0,1,0,0,0,1,0,1,0,1,0,1,0,1,0,1,0,0,1,0,0,0
0,1,0,37,1,1,55.04999923706055,2030.75,0,1,1,0,0,0,1,0,0,0,0,0,0,0,0,0,0,0,0,0,0,0,1
0,1,1,65,1,1,104.0999984741211,6700.0498046875,0,1,1,0,1,0,0,0,0,0,1,0,1,0,1,0,1,0,0,1,0,0,0
0,0,1,67,1,1,106.5999984741211,7244.7001953125,0,0,1,0,1,0,0,0,1,0,0,0,1,0,1,0,1,0,1,0,0,0,0
0,0,1,49,1,0,75.19999694824219,3678.300048828125,1,1,1,0,1,0,0,0,0,0,0,0,0,0,0,0,0,0,0,0,1,0,0
0,1,1,50,1,1,70.5,3486.64990234375,0,1,1,0,0,0,1,0,0,0,0,0,1,0,1,0,0,0,0,1,1,0,0
0,1,1,25,1,0,19.600000381469727,411.1499938964844,0,1,0,0,0,1,0,1,0,1,0,1,0,1,0,1,0,1,1,0,0,1,0
0,0,1,17,1,1,55.849998474121094,937.5,1,0,1,0,0,0,0,0,0,0,1,0,0,0,0,0,0,0,1,0,0,0,1
0,1,1,64,1,1,24.049999237060547,1559.1500244140625,0,0,1,0,0,1,0,1,0,1,0,1,0,1,0,1,0,1,0,1,0,0,1
0,1,0,25,0,1,38.099998474121094,970.4000244140625,0,1,0,1,0,0,0,0,0,0,1,0,0,0,1,0,0,0,1,0,1,0,0
1,0,0,23,1,1,106.4000015258789,2483.5,1,1,1,0,1,0,0,0,1,0,1,0,0,0,1,0,1,0,0,0,0,1,0
1,1,0,24,0,0,34.25,828.2000122070312,0,1,0,1,0,0,0,0,0,0,1,0,1,0,0,0,0,0,0,0,0,0,1
0,0,0,37,1,1,100.05000305175781,3810.550048828125,0,0,1,0,1,0,0,0,0,0,1,0,0,0,1,0,1,0,0,0,0,1,0
0,0,0,21,1,1,68.6500015258789,1493.199951171875,0,0,0,0,1,0,0,0,0,0,0,0,0,0,0,0,0,0,0,0,0,1,0
0,0,0,1,1,1,45.79999923706055,45.79999923706055,0,1,0,0,0,0,0,0,0,0,0,0,0,0,0,0,0,0,0,0,0,0,1
0,0,0,10,1,1,75.75,777.2999877929688,0,0,1,0,1,0,0,0,0,0,0,0,0,0,0,0,0,0,0,0,0,0,1
0,0,0,6,1,1,84.4000015258789,556.3499755859375,1,1,0,0,1,0,0,0,1,0,0,0,0,0,0,0,1,0,0,0,0,1,0
0,1,0,51,1,1,96.4000015258789,4911.0498046875,0,1,1,0,1,0,1,0,1,0,0,0,0,0,0,0,1,0,1,0,1,0,0
0,0,0,10,1,1,20.549999237060547,187.35000610351562,0,0,0,0,0,1,0,1,0,1,0,1,0,1,0,1,0,1,0,0,0,0,1
0,0,0,6,0,0,50.95000076293945,307.6000061035156,0,0,0,1,0,0,1,0,1,0,0,0,1,0,0,0,1,0,0,0,1,0,0
0,1,1,47,1,1,90.5,4318.35009765625,0,1,1,0,0,0,1,0,1,0,1,0,1,0,1,0,1,0,0,1,0,0,1
0,1,1,61,1,1,79.4000015258789,4820.5498046875,0,0,1,0,0,0,1,0,1,0,1,0,1,0,0,0,1,0,1,0,0,1,0
0,0,0,52,0,1,58.75,3038.550048828125,0,0,0,1,0,0,1,0,1,0,1,0,0,0,1,0,1,0,0,1,0,0,0
0,1,1,35,1,1,59.45000076293945,2136.89990234375,0,0,1,0,0,0,1,0,1,0,0,0,0,0,0,0,0,0,0,0,1,0,0
0,1,0,71,1,1,105.69999694824219,7472.14990234375,0,1,1,0,1,0,0,0,1,0,1,0,0,0,1,0,1,0,1,0,0,0,0
0,0,0,6,1,0,56.25,389.1000061035156,1,0,0,0,0,0,1,0,1,0,0,0,0,0,0,0,0,0,0,0,0,1,0
0,1,0,45,1,0,53.29999923706055,2296.25,0,1,0,0,0,0,1,0,0,0,1,0,0,0,0,0,0,0,0,1,1,0,0
1,0,0,2,1,1,85.55000305175781,187.4499969482422,1,0,1,0,1,0,0,0,0,0,0,0,0,0,1,0,0,0,0,0,0,1,0
0,0,0,4,1,1,68.6500015258789,261.25,1,0,0,0,0,0,0,0,1,0,0,0,0,0,1,0,1,0,0,0,0,0,0
0,0,0,2,0,0,24.299999237060547,38.45000076293945,0,1,0,1,0,0,0,0,0,0,0,0,0,0,0,0,0,0,0,0,0,0,1
0,0,0,4,1,0,77.8499984741211,299.20001220703125,1,1,0,0,1,0,0,0,0,0,0,0,0,0,1,0,0,0,0,0,0,1,0
0,0,0,51,1,0,59.900001525878906,3043.60009765625,0,1,1,0,0,0,1,0,0,0,0,0,1,0,0,0,0,0,1,0,1,0,0
0,1,1,60,1,0,23.950000762939453,1506.4000244140625,0,1,1,0,0,1,0,1,0,1,0,1,0,1,0,1,0,1,1,0,1,0,0
0,0,0,9,1,1,20.149999618530273,163.6999969482422,0,1,0,0,0,1,0,1,0,1,0,1,0,1,0,1,0,1,1,0,0,0,1
0,0,0,3,1,1,105.3499984741211,323.25,1,1,1,0,1,0,0,0,1,0,1,0,0,0,1,0,1,0,0,0,0,0,0
0,0,0,17,1,1,95.6500015258789,1640.0,0,1,1,0,1,0,0,0,0,0,1,0,1,0,0,0,1,0,0,0,0,0,0
0,0,0,8,1,1,87.05000305175781,762.0999755859375,1,0,1,0,1,0,0,0,0,0,0,0,0,0,1,0,0,0,0,0,0,1,0
0,1,1,46,1,0,81.0,3846.35009765625,0,1,0,0,0,0,1,0,0,0,1,0,1,0,1,0,1,0,0,1,0,0,1
0,0,0,68,1,1,82.44999694824219,5646.60009765625,0,0,0,0,0,0,1,0,1,0,1,0,1,0,1,0,1,0,0,1,1,0,0
0,0,0,1,1,1,53.5,53.5,1,1,0,0,0,0,0,0,0,0,0,0,0,0,1,0,0,0,0,0,0,0,1
0,1,0,4,1,0,20.5,79.05000305175781,0,0,0,0,0,1,0,1,0,1,0,1,0,1,0,1,0,1,1,0,0,0,0
0,0,0,1,0,1,25.100000381469727,25.100000381469727,1,0,0,1,0,0,0,0,0,0,0,0,0,0,0,0,0,0,0,0,0,0,1
0,0,1,28,1,1,54.400001525878906,1516.5999755859375,0,1,0,0,0,0,0,0,1,0,0,0,1,0,0,0,0,0,1,0,1,0,0
0,0,0,39,1,1,58.599998474121094,2224.5,0,0,0,0,0,0,0,0,1,0,0,0,0,0,1,0,0,0,1,0,1,0,0
0,0,0,11,1,0,84.80000305175781,888.75,0,1,0,0,1,0,0,0,0,0,1,0,0,0,0,0,1,0,0,0,0,1,0
0,1,0,71,0,1,61.400001525878906,4310.35009765625,0,0,0,1,0,0,0,0,1,0,1,0,1,0,1,0,1,0,0,1,1,0,0
0,0,1,2,1,0,20.399999618530273,42.900001525878906,0,1,0,0,0,1,0,1,0,1,0,1,0,1,0,1,0,1,0,0,0,0,1
1,1,0,30,1,1,79.6500015258789,2365.14990234375,1,1,0,0,1,0,0,0,1,0,1,0,0,0,0,0,0,0,0,0,0,0,1
0,0,0,17,1,0,20.149999618530273,353.6499938964844,0,0,0,0,0,1,0,1,0,1,0,1,0,1,0,1,0,1,1,0,0,0,1
0,1,0,55,1,1,94.44999694824219,5073.10009765625,0,0,1,0,1,0,0,0,1,0,1,0,0,0,1,0,0,0,0,0,1,0,0
0,0,0,58,1,1,79.80000305175781,4526.85009765625,0,0,1,0,1,0,1,0,0,0,0,0,0,0,0,0,0,0,0,0,0,0,0
0,0,0,5,1,0,54.20000076293945,308.25,1,0,0,0,0,0,1,0,0,0,0,0,1,0,0,0,0,0,0,0,0,1,0
1,0,0,1,1,1,19.450000762939453,19.450000762939453,1,0,0,0,0,1,0,1,0,1,0,1,0,1,0,1,0,1,0,0,0,1,0
1,0,0,9,1,1,74.05000305175781,678.4500122070312,0,1,1,0,1,0,0,0,0,0,0,0,0,0,0,0,0,0,0,0,0,1,0
0,0,0,26,1,0,49.150001525878906,1237.300048828125,0,1,0,0,0,0,0,0,0,0,0,0,1,0,0,0,0,0,0,0,0,0,0
0,0,0,50,1,0,19.399999618530273,1023.9500122070312,0,0,0,0,0,1,0,1,0,1,0,1,0,1,0,1,0,1,0,1,1,0,0
0,1,0,72,1,1,113.6500015258789,8182.75,0,0,1,0,1,0,1,0,1,0,1,0,1,0,1,0,1,0,0,1,0,0,0
0,0,1,43,1,1,106.0,4532.2998046875,0,0,0,0,1,0,1,0,1,0,0,0,1,0,1,0,1,0,1,0,1,0,0
0,0,0,56,1,1,25.950000762939453,1444.050048828125,0,1,1,0,0,1,0,1,0,1,0,1,0,1,0,1,0,1,0,1,0,0,0
0,0,0,1,1,0,19.100000381469727,19.100000381469727,0,0,0,0,0,1,0,1,0,1,0,1,0,1,0,1,0,1,0,0,0,0,1
0,1,1,72,1,1,103.4000015258789,7372.64990234375,1,1,1,0,1,0,0,0,1,0,1,0,0,0,1,0,1,0,0,1,0,1,0
0,1,0,72,1,1,100.55000305175781,7325.10009765625,0,1,1,0,1,0,1,0,1,0,0,0,1,0,0,0,1,0,0,1,0,0,0
0,1,0,36,1,1,95.4000015258789,3474.199951171875,0,1,1,0,1,0,0,0,0,0,0,0,0,0,1,0,1,0,0,0,0,1,0
0,0,0,5,1,0,75.1500015258789,392.6499938964844,0,1,0,0,0,0,0,0,0,0,1,0,1,0,1,0,1,0,0,0,0,0,0
0,0,0,13,1,1,84.44999694824219,1058.5999755859375,1,0,1,0,1,0,0,0,1,0,1,0,0,0,0,0,0,0,0,0,0,1,0
1,0,0,44,1,0,89.1500015258789,3990.75,0,0,0,0,1,0,0,0,1,0,1,0,0,0,0,0,1,0,1,0,1,0,0
1,1,1,70,1,1,107.9000015258789,7475.85009765625,0,0,1,0,1,0,0,0,1,0,1,0,1,0,1,0,1,0,1,0,0,1,0
0,0,0,44,1,0,19.5,835.5,0,1,0,0,0,1,0,1,0,1,0,1,0,1,0,1,0,1,1,0,1,0,0
1,1,0,32,1,1,85.94999694824219,2628.60009765625,1,0,1,0,1,0,0,0,0,0,0,0,0,0,1,0,0,0,0,0,1,0,0
0,1,0,69,1,1,24.950000762939453,1718.3499755859375,0,0,1,0,0,1,0,1,0,1,0,1,0,1,0,1,0,1,0,1,1,0,0
1,0,0,16,1,0,59.400001525878906,1023.9000244140625,1,0,0,0,0,0,0,0,0,0,0,0,1,0,1,0,0,0,0,0,0,1,0
1,1,1,68,1,0,19.5,1193.550048828125,0,1,0,0,0,1,0,1,0,1,0,1,0,1,0,1,0,1,1,0,0,0,0
0,0,0,16,1,1,69.94999694824219,1205.5,0,1,0,0,1,0,0,0,0,0,0,0,0,0,0,0,0,0,0,0,1,0,0
0,1,1,68,1,0,82.8499984741211,5776.4501953125,0,1,0,0,0,0,1,0,1,0,0,0,1,0,1,0,1,0,0,1,0,0,0
0,0,0,4,1,0,19.0,78.9000015258789,0,1,0,0,0,1,0,1,0,1,0,1,0,1,0,1,0,1,0,0,0,0,1
0,1,1,26,0,0,38.849998474121094,1025.1500244140625,0,0,0,1,0,0,1,0,1,0,0,0,1,0,0,0,0,0,0,0,1,0,0
0,0,0,29,0,1,30.600000381469727,856.3499755859375,1,0,0,1,0,0,0,0,1,0,0,0,0,0,0,0,0,0,0,0,0,1,0
0,0,1,5,1,0,20.350000381469727,122.0,0,1,0,0,0,1,0,1,0,1,0,1,0,1,0,1,0,1,0,0,1,0,0
0,1,0,70,1,1,95.0,6602.89990234375,0,1,1,0,1,0,0,0,1,0,1,0,0,0,1,0,0,0,1,0,0,0,0
0,1,0,24,1,0,74.4000015258789,1712.9000244140625,0,1,0,0,0,0,1,0,0,0,0,0,1,0,1,0,1,0,1,0,0,0,0
1,1,0,72,1,0,78.44999694824219,5682.25,0,0,1,0,0,0,1,0,1,0,1,0,1,0,0,0,1,0,0,1,0,0,0
0,0,0,1,1,1,74.30000305175781,74.30000305175781,0,1,0,0,1,0,0,0,0,0,0,0,1,0,0,0,0,0,0,0,0,0,1
0,1,0,70,0,1,51.04999923706055,3635.14990234375,0,1,0,1,0,0,0,0,1,0,1,0,1,0,0,0,1,0,1,0,0,0,0
0,1,1,36,1,0,19.200000762939453,702.9000244140625,0,0,0,0,0,1,0,1,0,1,0,1,0,1,0,1,0,1,0,0,0,0,0
1,0,0,38,1,1,99.55000305175781,3734.25,1,0,1,0,1,0,0,0,0,0,0,0,1,0,1,0,1,0,0,0,0,1,0
0,0,0,17,1,1,70.0,1144.5,1,0,0,0,1,0,0,0,0,0,0,0,0,0,0,0,0,0,0,0,0,1,0
0,1,1,41,1,1,109.0999984741211,4454.25,0,0,1,0,1,0,0,0,1,0,1,0,1,0,1,0,1,0,1,0,0,0,0
0,0,0,1,1,1,45.29999923706055,45.29999923706055,1,0,0,0,0,0,0,0,0,0,0,0,0,0,0,0,0,0,0,0,0,1,0
0,0,0,2,0,0,29.850000381469727,75.5999984741211,1,1,0,1,0,0,0,0,0,0,0,0,1,0,0,0,0,0,0,0,0,0,0
0,0,0,14,1,0,76.44999694824219,1117.550048828125,0,1,0,0,1,0,0,0,0,0,1,0,0,0,0,0,0,0,0,0,0,1,0
1,0,0,2,1,1,95.0999984741211,180.25,1,1,0,0,1,0,0,0,1,0,1,0,1,0,0,0,1,0,0,0,1,0,0
0,0,0,1,1,0,19.799999237060547,19.799999237060547,1,1,0,0,0,1,0,1,0,1,0,1,0,1,0,1,0,1,0,0,0,0,1
0,1,1,13,1,1,72.80000305175781,930.0499877929688,0,1,1,0,0,0,0,0,1,0,1,0,1,0,1,0,0,0,0,0,0,1,0
0,0,0,6,1,0,18.950000762939453,110.1500015258789,0,1,0,0,0,1,0,1,0,1,0,1,0,1,0,1,0,1,0,0,0,0,1
0,0,0,4,1,1,76.6500015258789,333.6000061035156,1,0,0,0,1,0,0,0,1,0,0,0,0,0,0,0,0,0,0,0,0,0,0
0,1,1,5,1,1,99.1500015258789,465.04998779296875,1,0,0,0,1,0,0,0,1,0,0,0,1,0,1,0,1,0,0,0,0,0,1
0,1,0,15,1,0,101.75,1669.4000244140625,0,0,0,0,1,0,1,0,0,0,1,0,0,0,1,0,1,0,0,0,0,1,0
0,0,0,47,1,0,75.44999694824219,3545.10009765625,0,0,0,0,1,0,1,0,0,0,0,0,0,0,0,0,0,0,0,0,1,0,0
0,0,0,8,1,0,64.0999984741211,504.04998779296875,0,0,0,0,0,0,0,0,0,0,1,0,1,0,0,0,1,0,0,0,0,0,1
0,0,0,17,0,1,25.649999618530273,440.20001220703125,0,1,0,1,0,0,0,0,0,0,0,0,0,0,0,0,0,0,0,0,0,0,1
0,1,1,15,1,0,75.0999984741211,1151.550048828125,0,1,0,0,1,0,1,0,0,0,0,0,0,0,0,0,0,0,0,0,0,0,1
0,0,0,26,1,1,95.8499984741211,2475.35009765625,0,0,0,0,1,0,1,0,0,0,1,0,1,0,0,0,1,0,1,0,0,0,0
0,0,0,23,1,0,54.400001525878906,1249.25,0,0,1,0,0,0,1,0,0,0,0,0,0,0,0,0,0,0,0,0,0,1,0
1,0,0,4,1,0,72.75,317.75,0,0,0,0,1,0,0,0,1,0,0,0,0,0,0,0,0,0,0,0,0,1,0
0,0,1,29,1,0,19.850000381469727,535.0499877929688,0,1,0,0,0,1,0,1,0,1,0,1,0,1,0,1,0,1,1,0,0,0,1
0,0,0,25,1,0,19.049999237060547,461.29998779296875,0,0,0,0,0,1,0,1,0,1,0,1,0,1,0,1,0,1,0,0,0,0,1
0,0,0,9,1,0,44.95000076293945,431.0,1,1,0,0,0,0,0,0,0,0,0,0,0,0,0,0,0,0,0,0,0,0,1
0,1,0,18,1,1,49.54999923706055,878.3499755859375,1,1,0,0,0,0,0,0,0,0,1,0,0,0,0,0,0,0,0,0,0,0,1
1,0,0,3,1,1,94.8499984741211,335.75,0,1,1,0,1,0,0,0,0,0,0,0,0,0,1,0,1,0,0,0,0,1,0
0,1,1,69,0,0,46.25,3121.39990234375,0,0,0,1,0,0,1,0,1,0,1,0,1,0,0,0,0,0,0,1,0,0,0
0,0,0,14,1,0,19.350000381469727,324.79998779296875,0,1,0,0,0,1,0,1,0,1,0,1,0,1,0,1,0,1,1,0,0,0,1
0,0,0,19,1,0,69.5999984741211,1394.550048828125,0,1,1,0,0,0,0,0,0,0,0,0,0,0,1,0,1,0,0,0,0,0,1
1,0,0,39,1,0,90.69999694824219,3413.25,0,1,1,0,1,0,0,0,1,0,0,0,0,0,0,0,1,0,0,0,0,1,0
0,0,0,31,1,1,101.4000015258789,3143.64990234375,0,1,0,0,1,0,0,0,1,0,1,0,0,0,1,0,1,0,0,0,0,1,0
0,1,1,24,1,0,20.25,439.75,0,1,0,0,0,1,0,1,0,1,0,1,0,1,0,1,0,1,1,0,0,0,1
0,1,0,14,1,0,48.79999923706055,664.4000244140625,0,1,0,0,0,0,0,0,0,0,0,0,1,0,0,0,0,0,0,0,0,0,0
0,1,0,64,1,1,74.3499984741211,4759.5498046875,0,0,0,0,0,0,1,0,1,0,1,0,1,0,0,0,1,0,0,1,0,0,1
0,0,0,50,1,1,19.350000381469727,1033.0,0,0,0,0,0,1,0,1,0,1,0,1,0,1,0,1,0,1,1,0,0,0,1
0,1,1,52,1,1,68.75,3482.85009765625,0,1,0,0,0,0,0,0,1,0,1,0,1,0,1,0,0,0,1,0,0,1,0
0,0,0,28,1,0,100.19999694824219,2688.449951171875,0,1,1,0,1,0,0,0,1,0,0,0,0,0,1,0,1,0,1,0,0,1,0
0,0,0,21,1,1,20.850000381469727,435.25,0,0,0,0,0,1,0,1,0,1,0,1,0,1,0,1,0,1,0,1,1,0,0
0,0,1,25,1,1,95.9000015258789,2448.75,1,1,0,0,1,0,0,0,1,0,0,0,0,0,1,0,1,0,0,0,0,1,0
0,1,0,17,1,0,19.350000381469727,307.0,0,0,0,0,0,1,0,1,0,1,0,1,0,1,0,1,0,1,1,0,0,0,1
0,1,0,58,0,1,45.0,2689.35009765625,0,1,0,1,0,0,0,0,0,0,0,0,0,0,1,0,1,0,1,0,1,0,0
1,1,0,17,1,0,81.5,1329.199951171875,1,1,0,0,1,0,0,0,0,0,0,0,0,0,0,0,1,0,0,0,0,0,0
0,1,0,51,1,0,25.5,1281.25,0,0,1,0,0,1,0,1,0,1,0,1,0,1,0,1,0,1,0,1,0,0,1
0,1,1,72,0,0,48.900001525878906,3527.0,0,1,0,1,0,0,1,0,0,0,1,0,1,0,1,0,0,0,0,1,0,0,1
0,1,0,52,1,0,84.0999984741211,4348.64990234375,1,1,0,0,1,0,1,0,0,0,0,0,0,0,1,0,0,0,0,0,0,1,0
0,0,0,27,1,1,19.600000381469727,561.1500244140625,0,0,0,0,0,1,0,1,0,1,0,1,0,1,0,1,0,1,0,1,0,0,1
0,0,0,3,1,0,20.0,63.599998474121094,0,0,0,0,0,1,0,1,0,1,0,1,0,1,0,1,0,1,0,0,0,0,1
0,1,0,64,1,1,81.30000305175781,5129.2998046875,0,0,1,0,0,0,1,0,1,0,1,0,1,0,0,0,1,0,0,1,0,0,1
0,1,0,45,1,1,95.19999694824219,4285.7998046875,0,0,0,0,1,0,0,0,0,0,0,0,1,0,1,0,1,0,0,1,1,0,0
1,1,0,3,0,1,36.45000076293945,93.69999694824219,1,1,0,1,0,0,0,0,0,0,0,0,0,0,1,0,0,0,0,0,0,0,1
0,1,0,71,1,1,83.30000305175781,5894.5,0,0,1,0,0,0,0,0,1,0,1,0,1,0,1,0,1,0,0,1,1,0,0
1,0,0,1,0,0,25.049999237060547,25.049999237060547,1,0,0,1,0,0,0,0,0,0,0,0,0,0,0,0,0,0,0,0,0,0,1
0,1,1,58,1,0,20.299999237060547,1160.75,0,0,0,0,0,1,0,1,0,1,0,1,0,1,0,1,0,1,0,1,1,0,0
0,1,1,34,1,1,89.8499984741211,3091.75,0,1,0,0,1,0,0,0,1,0,1,0,0,0,1,0,0,0,0,0,0,1,0
0,0,0,8,1,1,49.849998474121094,365.54998779296875,1,0,0,0,0,0,1,0,0,0,0,0,0,0,0,0,0,0,0,0,0,1,0
0,1,1,15,1,0,19.799999237060547,272.95001220703125,0,0,0,0,0,1,0,1,0,1,0,1,0,1,0,1,0,1,0,0,0,0,1
0,1,1,66,0,0,54.650001525878906,3632.0,0,1,0,1,0,0,0,0,0,0,1,0,1,0,1,0,1,0,0,1,0,0,0
1,0,0,12,0,1,29.350000381469727,381.20001220703125,0,1,0,1,0,0,0,0,1,0,0,0,0,0,0,0,0,0,0,0,1,0,0
0,0,0,58,1,1,19.149999618530273,1035.5,0,1,0,0,0,1,0,1,0,1,0,1,0,1,0,1,0,1,0,1,0,0,0
0,1,1,3,1,0,19.100000381469727,52.0,0,0,0,0,0,1,0,1,0,1,0,1,0,1,0,1,0,1,0,1,0,0,1
1,1,0,43,0,0,55.54999923706055,2342.199951171875,1,0,0,1,0,0,0,0,1,0,1,0,0,0,1,0,1,0,0,0,1,0,0
0,0,0,9,1,0,80.55000305175781,653.9000244140625,0,0,0,0,1,0,0,0,1,0,1,0,0,0,0,0,0,0,0,0,0,1,0
0,0,0,3,1,0,20.25,71.19999694824219,0,0,0,0,0,1,0,1,0,1,0,1,0,1,0,1,0,1,1,0,0,0,1
0,1,1,22,1,1,69.5,1498.199951171875,1,0,0,0,0,0,0,0,1,0,0,0,0,0,1,0,1,0,1,0,0,0,0
0,1,0,40,1,1,106.0,4178.64990234375,0,1,1,0,1,0,0,0,1,0,1,0,0,0,1,0,1,0,1,0,0,0,0
0,0,0,68,1,0,25.5,1821.800048828125,0,0,1,0,0,1,0,1,0,1,0,1,0,1,0,1,0,1,0,1,0,0,0
0,1,0,54,1,1,104.30000305175781,5278.14990234375,1,1,1,0,1,0,0,0,1,0,1,0,0,0,1,0,1,0,0,0,0,1,0
0,0,0,50,1,1,79.5999984741211,4024.199951171875,0,0,1,0,0,0,0,0,1,0,0,0,1,0,1,0,1,0,0,1,0,0,1
0,0,0,1,1,1,55.25,55.25,0,1,0,0,0,0,0,0,0,0,0,0,0,0,0,0,1,0,0,0,0,1,0
0,1,0,72,1,0,88.05000305175781,6520.7998046875,0,0,1,0,0,0,1,0,1,0,1,0,1,0,1,0,1,0,0,1,0,0,0
0,0,1,40,1,1,20.399999618530273,854.9000244140625,0,1,0,0,0,1,0,1,0,1,0,1,0,1,0,1,0,1,1,0,0,0,0
0,1,1,72,1,1,117.5999984741211,8308.900390625,0,0,1,0,1,0,1,0,1,0,1,0,1,0,1,0,1,0,0,1,0,0,0
0,0,0,6,1,0,20.0,109.19999694824219,0,0,0,0,0,1,0,1,0,1,0,1,0,1,0,1,0,1,0,0,0,0,1
0,0,0,5,1,1,19.649999618530273,92.05000305175781,0,0,0,0,0,1,0,1,0,1,0,1,0,1,0,1,0,1,0,0,1,0,0
0,1,0,48,1,1,70.55000305175781,3420.5,0,1,1,0,0,0,0,0,1,0,1,0,0,0,0,0,1,0,1,0,1,0,0
0,0,0,1,1,1,93.8499984741211,93.8499984741211,1,0,1,0,1,0,0,0,0,0,0,0,0,0,1,0,1,0,0,0,0,1,0
0,1,1,64,1,0,65.80000305175781,4068.0,0,0,0,0,0,0,1,0,0,0,0,0,1,0,1,0,0,0,1,0,0,0,1
0,0,0,17,1,0,20.049999237060547,337.8999938964844,0,0,0,0,0,1,0,1,0,1,0,1,0,1,0,1,0,1,1,0,1,0,0
0,1,0,40,1,1,80.0,3168.75,0,1,0,0,1,0,0,0,1,0,1,0,0,0,0,0,0,0,0,0,0,1,0
0,1,1,41,0,0,35.400001525878906,1412.4000244140625,0,0,0,1,0,0,1,0,0,0,1,0,0,0,0,0,0,0,1,0,1,0,0
1,0,0,51,1,1,79.5999984741211,3974.699951171875,0,1,1,0,1,0,0,0,1,0,0,0,0,0,0,0,0,0,1,0,0,0,0
0,1,0,41,1,1,80.25,3439.0,0,1,1,0,1,0,0,0,1,0,0,0,0,0,0,0,0,0,0,0,0,1,0
0,1,1,1,1,0,50.45000076293945,50.45000076293945,1,0,0,0,0,0,0,0,0,0,1,0,0,0,0,0,0,0,0,0,0,0,1
0,0,0,2,1,1,20.450000762939453,42.45000076293945,0,0,0,0,0,1,0,1,0,1,0,1,0,1,0,1,0,1,0,0,0,0,1
0,0,0,68,1,0,79.5999984741211,5461.4501953125,0,1,0,0,1,0,0,0,1,0,1,0,0,0,0,0,0,0,1,0,1,0,0
0,1,1,24,1,0,24.700000762939453,571.75,0,0,1,0,0,1,0,1,0,1,0,1,0,1,0,1,0,1,0,1,0,0,1
0,1,0,70,1,0,77.30000305175781,5498.2001953125,0,1,1,0,0,0,1,0,0,0,1,0,1,0,0,0,1,0,0,1,1,0,0
0,0,0,3,0,1,29.75,96.8499984741211,0,1,0,1,0,0,0,0,0,0,0,0,1,0,0,0,0,0,0,0,0,1,0
0,0,0,2,1,0,44.900001525878906,111.05000305175781,0,1,0,0,0,0,0,0,0,0,0,0,0,0,0,0,0,0,0,0,0,0,0
0,1,0,3,0,0,29.799999237060547,94.4000015258789,0,1,0,1,0,0,0,0,1,0,0,0,0,0,0,0,0,0,0,0,1,0,0
0,0,0,7,1,1,74.6500015258789,521.0999755859375,1,0,1,0,0,0,0,0,0,0,0,0,1,0,1,0,1,0,0,0,0,1,0
0,0,0,13,1,1,71.94999694824219,923.8499755859375,0,0,0,0,0,0,1,0,0,0,0,0,0,0,1,0,1,0,0,0,0,1,0
0,0,0,7,1,0,20.75,141.10000610351562,0,1,0,0,0,1,0,1,0,1,0,1,0,1,0,1,0,1,0,0,0,0,1
0,1,1,12,1,1,56.29999923706055,628.6500244140625,0,1,0,0,0,0,0,0,0,0,0,0,0,0,1,0,0,0,0,0,0,0,1
0,1,1,53,1,1,105.25,5576.2998046875,0,1,1,0,1,0,0,0,1,0,1,0,0,0,1,0,1,0,1,0,0,1,0
0,0,0,12,1,1,94.19999694824219,1046.0999755859375,1,0,1,0,1,0,0,0,0,0,0,0,0,0,1,0,1,0,0,0,0,1,0
0,1,1,63,1,0,19.549999237060547,1245.5999755859375,0,1,0,0,0,1,0,1,0,1,0,1,0,1,0,1,0,1,0,1,0,0,1
0,0,0,15,1,0,84.44999694824219,1287.8499755859375,0,0,0,0,0,0,1,0,1,0,1,0,1,0,1,0,1,0,0,0,0,0,1
0,1,1,36,1,0,53.650001525878906,1939.3499755859375,0,1,0,0,0,0,1,0,1,0,0,0,0,0,0,0,0,0,1,0,0,0,1
1,1,0,4,0,1,29.899999618530273,118.25,0,1,0,1,0,0,0,0,0,0,1,0,0,0,0,0,0,0,0,0,0,1,0
0,1,1,24,1,0,19.700000762939453,452.54998779296875,0,0,0,0,0,1,0,1,0,1,0,1,0,1,0,1,0,1,0,1,0,0,1
0,0,0,61,0,0,43.70000076293945,2696.550048828125,0,0,0,1,0,0,1,0,1,0,1,0,1,0,0,0,0,0,1,0,1,0,0
0,0,0,16,1,0,55.29999923706055,875.3499755859375,0,1,1,0,0,0,0,0,1,0,0,0,0,0,0,0,0,0,0,0,0,1,0
0,1,1,65,1,1,19.850000381469727,1267.050048828125,0,1,0,0,0,1,0,1,0,1,0,1,0,1,0,1,0,1,0,1,1,0,0
0,1,1,26,1,0,19.649999618530273,494.8999938964844,0,0,0,0,0,1,0,1,0,1,0,1,0,1,0,1,0,1,0,1,1,0,0
0,0,0,16,1,1,49.45000076293945,799.0,0,1,0,0,0,0,0,0,0,0,0,0,1,0,0,0,0,0,0,0,0,0,1
0,1,0,54,1,0,106.55000305175781,5763.2998046875,1,0,1,0,1,0,1,0,1,0,0,0,0,0,1,0,1,0,1,0,0,0,0
0,0,0,1,1,0,20.100000381469727,20.100000381469727,1,1,0,0,0,1,0,1,0,1,0,1,0,1,0,1,0,1,0,0,0,0,1
0,0,1,5,1,0,20.450000762939453,106.9000015258789,0,1,0,0,0,1,0,1,0,1,0,1,0,1,0,1,0,1,0,1,0,0,1
0,0,0,19,0,1,39.70000076293945,710.0499877929688,0,0,0,1,0,0,0,0,1,0,0,0,0,0,0,0,1,0,0,0,0,1,0
0,0,0,10,1,1,54.5,568.2000122070312,0,1,1,0,0,0,1,0,0,0,0,0,0,0,0,0,0,0,0,0,1,0,0
0,1,1,23,1,0,83.80000305175781,1900.25,1,0,0,0,1,0,0,0,1,0,1,0,1,0,0,0,0,0,0,0,0,1,0
0,0,0,3,1,0,55.150001525878906,159.14999389648438,1,1,0,0,0,0,0,0,0,0,0,0,0,0,1,0,0,0,0,0,0,0,1
0,0,0,72,1,1,111.5999984741211,8012.75,0,0,1,0,1,0,0,0,1,0,1,0,1,0,1,0,1,0,0,1,0,0,0
1,1,0,10,1,1,86.6500015258789,856.6500244140625,1,1,1,0,1,0,0,0,0,0,0,0,0,0,0,0,1,0,0,0,0,1,0
0,1,1,10,1,1,55.54999923706055,551.2999877929688,0,0,0,0,0,0,0,0,1,0,1,0,0,0,0,0,0,0,0,0,0,0,1
0,1,0,11,1,1,20.549999237060547,184.9499969482422,0,1,0,0,0,1,0,1,0,1,0,1,0,1,0,1,0,1,1,0,0,0,1
1,0,0,37,1,1,106.75,4056.75,1,0,1,0,1,0,1,0,1,0,0,0,0,0,1,0,1,0,0,0,0,0,0
0,1,1,17,1,1,62.099998474121094,1096.6500244140625,0,1,1,0,0,0,1,0,0,0,0,0,1,0,0,0,0,0,1,0,0,0,1
0,1,1,36,1,1,104.5,3684.949951171875,0,0,1,0,1,0,1,0,0,0,1,0,0,0,1,0,1,0,0,0,1,0,0
1,0,0,17,1,1,101.80000305175781,1752.449951171875,0,1,0,0,1,0,0,0,1,0,1,0,0,0,1,0,1,0,0,0,0,1,0
1,1,1,66,1,1,110.5999984741211,7210.85009765625,0,0,1,0,1,0,1,0,1,0,0,0,1,0,1,0,1,0,1,0,1,0,0
0,1,1,61,1,0,84.9000015258789,5264.5,0,1,0,0,0,0,1,0,1,0,1,0,1,0,1,0,1,0,1,0,0,0,0
0,0,0,22,1,1,93.19999694824219,2157.300048828125,0,1,0,0,1,0,0,0,1,0,0,0,0,0,1,0,1,0,0,0,0,0,1
0,0,0,1,0,1,24.399999618530273,24.399999618530273,0,1,0,1,0,0,0,0,0,0,0,0,0,0,0,0,0,0,0,0,0,1,0
0,0,0,6,1,0,70.55000305175781,433.95001220703125,0,0,0,0,1,0,0,0,0,0,0,0,0,0,0,0,0,0,0,0,1,0,0
0,0,0,31,1,1,78.44999694824219,2435.14990234375,1,1,0,0,1,0,0,0,1,0,0,0,1,0,0,0,0,0,0,0,0,1,0
0,1,1,68,1,1,85.0,5607.75,0,0,0,0,0,0,1,0,1,0,1,0,1,0,1,0,1,0,0,1,1,0,0
0,1,1,34,1,0,87.44999694824219,2874.14990234375,1,0,1,0,1,0,0,0,0,0,1,0,0,0,1,0,0,0,0,0,0,1,0
0,1,1,52,1,0,85.80000305175781,4433.2998046875,0,0,0,0,1,0,0,0,1,0,1,0,1,0,0,0,0,0,0,0,0,0,0
0,0,1,10,1,1,91.0999984741211,964.3499755859375,0,0,0,0,1,0,0,0,0,0,1,0,1,0,1,0,0,0,0,0,0,1,0
0,1,1,29,1,1,70.75,1974.800048828125,1,1,0,0,1,0,0,0,0,0,0,0,0,0,0,0,0,0,0,0,0,1,0
0,1,1,72,1,0,20.100000381469727,1460.8499755859375,0,0,0,0,0,1,0,1,0,1,0,1,0,1,0,1,0,1,0,1,0,0,0
0,1,1,47,1,0,20.049999237060547,951.5499877929688,0,1,0,0,0,1,0,1,0,1,0,1,0,1,0,1,0,1,1,0,0,0,1
0,1,1,24,1,0,74.80000305175781,1821.199951171875,0,1,1,0,0,0,1,0,0,0,0,0,0,0,1,0,1,0,1,0,0,0,1
0,0,0,65,1,0,24.799999237060547,1600.949951171875,0,1,1,0,0,1,0,1,0,1,0,1,0,1,0,1,0,1,1,0,1,0,0
0,0,0,4,1,1,100.8499984741211,399.25,0,0,1,0,1,0,0,0,0,0,0,0,1,0,1,0,1,0,0,0,0,0,1
1,1,0,12,1,1,101.3499984741211,1218.550048828125,1,1,1,0,1,0,0,0,1,0,0,0,0,0,1,0,1,0,0,0,0,1,0
0,0,0,1,1,1,81.69999694824219,81.69999694824219,1,1,1,0,1,0,1,0,0,0,0,0,0,0,0,0,0,0,0,0,0,1,0
0,0,0,33,1,0,68.25,2171.14990234375,1,1,0,0,1,0,0,0,0,0,0,0,0,0,0,0,0,0,0,0,0,1,0
0,0,0,34,1,1,105.0999984741211,3634.800048828125,0,0,0,0,1,0,0,0,1,0,1,0,1,0,1,0,1,0,0,0,0,1,0
0,1,0,14,1,0,20.399999618530273,292.3999938964844,0,0,0,0,0,1,0,1,0,1,0,1,0,1,0,1,0,1,0,1,0,0,1
0,0,0,4,1,1,79.1500015258789,317.25,1,0,0,0,1,0,0,0,0,0,0,0,0,0,0,0,1,0,0,0,0,1,0
0,1,1,13,1,0,20.0,218.5500030517578,0,1,0,0,0,1,0,1,0,1,0,1,0,1,0,1,0,1,1,0,0,0,1
0,1,1,65,1,1,79.4000015258789,5071.89990234375,0,0,1,0,0,0,0,0,1,0,0,0,1,0,1,0,1,0,0,1,0,0,0
0,1,1,23,1,0,57.20000076293945,1423.3499755859375,0,1,0,0,0,0,1,0,0,0,0,0,1,0,0,0,0,0,1,0,1,0,0
0,1,0,55,1,0,58.599998474121094,3068.60009765625,0,1,0,0,0,0,1,0,1,0,1,0,0,0,0,0,0,0,0,1,0,1,0
0,1,0,49,1,1,94.80000305175781,4690.64990234375,0,1,0,0,1,0,0,0,1,0,0,0,0,0,1,0,1,0,0,1,0,1,0
0,1,0,60,1,0,102.5,6157.60009765625,0,1,1,0,1,0,0,0,1,0,1,0,0,0,1,0,1,0,1,0,0,0,0
0,1,1,69,1,1,20.350000381469727,1442.6500244140625,0,0,0,0,0,1,0,1,0,1,0,1,0,1,0,1,0,1,1,0,1,0,0
0,0,0,40,1,1,84.9000015258789,3369.050048828125,0,1,1,0,1,0,0,0,0,0,0,0,0,0,1,0,0,0,0,0,0,1,0
0,1,0,67,1,1,69.19999694824219,4671.64990234375,0,1,0,0,0,0,1,0,1,0,0,0,1,0,0,0,1,0,0,1,1,0,0
1,0,0,35,1,1,95.44999694824219,3474.050048828125,1,1,1,0,1,0,0,0,0,0,0,0,0,0,1,0,1,0,0,0,0,1,0
0,1,1,19,1,1,100.94999694824219,1875.550048828125,1,1,1,0,1,0,0,0,0,0,0,0,1,0,1,0,1,0,1,0,0,1,0
0,1,1,13,1,0,20.850000381469727,272.3500061035156,0,0,0,0,0,1,0,1,0,1,0,1,0,1,0,1,0,1,0,1,0,0,1
0,0,1,41,1,1,88.5,3645.050048828125,0,0,1,0,1,0,0,0,1,0,0,0,0,0,1,0,0,0,0,0,0,0,0
0,0,0,4,0,0,35.0,135.75,0,0,0,1,0,0,1,0,0,0,1,0,0,0,0,0,0,0,0,0,0,0,1
0,1,1,24,1,0,55.150001525878906,1319.8499755859375,0,0,0,0,0,0,1,0,0,0,0,0,1,0,0,0,0,0,0,0,0,1,0
0,0,0,5,0,1,50.95000076293945,229.39999389648438,0,0,0,1,0,0,0,0,1,0,0,0,0,0,1,0,1,0,0,0,1,0,0
0,0,0,5,1,1,64.0,370.25,0,0,1,0,0,0,0,0,1,0,0,0,0,0,0,0,1,0,0,0,0,1,0
0,1,1,1,1,1,69.0999984741211,69.0999984741211,1,0,0,0,1,0,0,0,0,0,0,0,0,0,0,0,0,0,0,0,0,0,1
0,1,1,72,1,0,80.19999694824219,5714.2001953125,0,0,1,0,0,0,1,0,1,0,1,0,1,0,1,0,0,0,0,1,0,0,0
0,0,0,24,1,1,49.29999923706055,1233.25,0,0,0,0,0,0,0,0,0,0,1,0,0,0,0,0,0,0,0,0,1,0,0
0,1,0,42,1,0,84.3499984741211,3571.60009765625,0,0,1,0,0,0,1,0,0,0,1,0,1,0,1,0,1,0,0,1,1,0,0
0,0,0,4,1,0,20.049999237060547,83.30000305175781,0,0,0,0,0,1,0,1,0,1,0,1,0,1,0,1,0,1,0,0,0,0,1
0,0,0,68,1,1,117.19999694824219,8035.9501953125,0,1,1,0,1,0,1,0,1,0,1,0,1,0,1,0,1,0,1,0,1,0,0
0,1,1,33,1,0,20.100000381469727,579.4000244140625,0,0,0,0,0,1,0,1,0,1,0,1,0,1,0,1,0,1,1,0,0,0,1
1,0,0,1,1,1,69.5999984741211,69.5999984741211,1,0,0,0,1,0,0,0,0,0,0,0,0,0,0,0,0,0,0,0,0,1,0
0,0,0,31,1,1,103.44999694824219,3066.449951171875,1,1,1,0,1,0,0,0,1,0,1,0,0,0,1,0,1,0,1,0,0,1,0
0,0,0,4,1,0,77.94999694824219,305.54998779296875,1,0,1,0,1,0,0,0,1,0,0,0,0,0,0,0,0,0,0,0,0,0,0
1,1,0,69,1,1,109.94999694824219,7634.25,0,1,1,0,1,0,0,0,1,0,1,0,1,0,1,0,1,0,0,1,0,1,0
1,0,0,38,1,0,94.75,3653.0,0,1,1,0,1,0,0,0,0,0,0,0,0,0,1,0,1,0,0,0,0,1,0
0,1,1,3,1,1,80.0,241.3000030517578,0,0,0,0,1,0,0,0,1,0,0,0,1,0,0,0,0,0,0,0,0,1,0
0,1,1,48,1,0,79.6500015258789,3870.300048828125,0,0,1,0,0,0,0,0,1,0,0,0,1,0,1,0,1,0,0,1,0,1,0
0,1,0,15,1,0,25.200000762939453,387.8999938964844,0,0,1,0,0,1,0,1,0,1,0,1,0,1,0,1,0,1,0,1,0,0,1
0,0,0,25,1,0,19.899999618530273,527.5,0,0,0,0,0,1,0,1,0,1,0,1,0,1,0,1,0,1,1,0,1,0,0
1,0,0,1,1,0,78.44999694824219,78.44999694824219,1,0,0,0,1,0,0,0,0,0,0,0,0,0,1,0,0,0,0,0,0,1,0
0,0,0,48,0,1,44.79999923706055,2104.550048828125,0,0,0,1,0,0,1,0,1,0,0,0,0,0,1,0,0,0,0,0,0,1,0
0,0,0,1,1,0,20.299999237060547,20.299999237060547,0,1,0,0,0,1,0,1,0,1,0,1,0,1,0,1,0,1,0,0,0,0,1
0,0,0,1,1,0,19.200000762939453,19.200000762939453,0,1,0,0,0,1,0,1,0,1,0,1,0,1,0,1,0,1,0,0,0,1,0
0,0,0,37,1,0,80.05000305175781,3019.10009765625,0,0,0,0,1,0,0,0,1,0,1,0,0,0,0,0,0,0,1,0,0,1,0
1,1,0,66,1,1,107.3499984741211,7051.9501953125,0,1,1,0,1,0,0,0,1,0,1,0,1,0,1,0,1,0,1,0,0,0,0
0,1,0,26,0,0,47.849998474121094,1190.5,0,0,0,1,0,0,1,0,1,0,1,0,0,0,1,0,0,0,1,0,0,0,0
0,1,0,63,1,0,70.80000305175781,4448.7998046875,0,1,0,0,0,0,1,0,1,0,0,0,1,0,1,0,0,0,1,0,1,0,0
0,0,0,10,0,0,29.5,255.25,1,1,0,1,0,0,0,0,0,0,1,0,0,0,0,0,0,0,0,0,0,0,1
0,0,0,2,1,1,70.75,146.89999389648438,1,0,0,0,0,0,1,0,0,0,0,0,0,0,1,0,1,0,0,0,0,1,0
1,1,0,18,1,1,59.099998474121094,1011.0499877929688,0,1,0,0,0,0,1,0,0,0,0,0,0,0,0,0,1,0,0,0,1,0,0
0,1,0,64,1,0,25.549999237060547,1714.949951171875,0,0,1,0,0,1,0,1,0,1,0,1,0,1,0,1,0,1,0,1,0,0,1
1,0,0,9,1,1,84.44999694824219,762.5,1,0,1,0,1,0,0,0,0,0,0,0,0,0,0,0,1,0,0,0,0,1,0
0,0,1,28,1,0,20.25,535.3499755859375,0,0,0,0,0,1,0,1,0,1,0,1,0,1,0,1,0,1,0,0,0,0,1
0,0,0,1,1,0,75.55000305175781,75.55000305175781,0,0,0,0,1,0,0,0,0,0,1,0,0,0,0,0,0,0,0,0,0,1,0
0,0,0,4,1,1,85.6500015258789,338.8999938964844,1,1,1,0,1,0,0,0,0,0,0,0,0,0,0,0,1,0,0,0,0,1,0
1,0,0,38,1,1,70.1500015258789,2497.35009765625,1,1,0,0,0,0,0,0,1,0,1,0,1,0,1,0,0,0,1,0,1,0,0
0,1,0,66,1,0,95.30000305175781,6273.39990234375,0,1,1,0,1,0,0,0,1,0,1,0,0,0,0,0,1,0,1,0,0,1,0
0,0,0,1,1,1,70.25,70.25,0,0,0,0,1,0,0,0,0,0,0,0,0,0,0,0,0,0,0,0,0,1,0
0,1,0,18,1,1,50.29999923706055,908.75,0,0,0,0,0,0,0,0,0,0,0,0,1,0,0,0,0,0,0,0,0,0,1
1,0,0,51,1,1,97.80000305175781,4913.2998046875,1,1,1,0,1,0,0,0,0,0,1,0,0,0,1,0,1,0,0,0,0,1,0
0,1,1,0,1,0,19.850000381469727,0.0,0,1,0,0,0,1,0,1,0,1,0,1,0,1,0,1,0,1,0,1,0,0,1
0,0,0,1,1,0,46.29999923706055,46.29999923706055,1,1,0,0,0,0,0,0,0,0,0,0,0,0,0,0,0,0,0,0,0,0,1
0,0,1,12,1,0,19.350000381469727,212.3000030517578,0,1,0,0,0,1,0,1,0,1,0,1,0,1,0,1,0,1,0,1,0,0,0
0,0,0,41,1,1,106.30000305175781,4443.4501953125,1,0,1,0,1,0,0,0,1,0,1,0,0,0,1,0,1,0,0,0,0,1,0
0,0,0,12,1,0,25.0,316.20001220703125,0,1,1,0,0,1,0,1,0,1,0,1,0,1,0,1,0,1,0,0,0,1,0
0,1,1,55,1,0,20.299999237060547,1079.050048828125,0,0,0,0,0,1,0,1,0,1,0,1,0,1,0,1,0,1,0,1,0,0,1
0,0,0,7,1,1,75.3499984741211,564.6500244140625,0,0,1,0,1,0,0,0,0,0,0,0,0,0,0,0,0,0,0,0,0,1,0
0,0,0,12,1,1,89.4000015258789,1095.6500244140625,1,0,0,0,1,0,0,0,0,0,1,0,1,0,0,0,1,0,0,0,0,1,0
0,1,1,68,1,0,88.0,6161.89990234375,0,0,1,0,0,0,1,0,1,0,1,0,1,0,1,0,1,0,0,1,1,0,0
1,0,0,5,1,1,83.1500015258789,446.04998779296875,1,0,1,0,1,0,0,0,0,0,0,0,0,0,1,0,0,0,0,0,1,0,0
1,0,0,49,1,0,43.79999923706055,2106.050048828125,0,0,0,0,0,0,0,0,0,0,0,0,0,0,0,0,0,0,0,0,0,0,1
0,0,0,40,0,0,62.04999923706055,2511.550048828125,0,1,0,1,0,0,1,0,1,0,1,0,0,0,1,0,1,0,1,0,1,0,0
0,0,0,16,1,0,20.100000381469727,318.6000061035156,0,0,0,0,0,1,0,1,0,1,0,1,0,1,0,1,0,1,1,0,0,0,0
0,0,0,10,1,1,74.1500015258789,811.7999877929688,1,1,1,0,1,0,0,0,0,0,0,0,0,0,0,0,0,0,0,0,0,0,1
0,1,0,72,1,1,101.3499984741211,7323.14990234375,0,0,1,0,1,0,0,0,1,0,1,0,0,0,1,0,1,0,1,0,0,1,0
1,0,0,2,1,1,84.05000305175781,186.0500030517578,0,0,1,0,1,0,0,0,0,0,0,0,0,0,0,0,1,0,0,0,0,1,0
0,1,1,23,1,0,20.899999618530273,454.0,0,1,0,0,0,1,0,1,0,1,0,1,0,1,0,1,0,1,0,1,0,0,1
1,0,0,71,1,1,105.9000015258789,7521.9501953125,0,0,1,0,1,0,0,0,1,0,1,0,0,0,1,0,1,0,1,0,0,1,0
0,1,0,11,1,1,99.5,1056.949951171875,1,0,1,0,1,0,0,0,0,0,1,0,0,0,1,0,1,0,0,0,0,1,0
0,0,0,1,1,1,44.150001525878906,44.150001525878906,1,1,0,0,0,0,0,0,0,0,0,0,0,0,0,0,0,0,0,0,0,0,1
0,0,0,16,1,1,53.900001525878906,834.1500244140625,1,0,0,0,0,0,0,0,1,0,0,0,1,0,0,0,0,0,0,0,0,0,1
0,0,0,1,1,1,85.44999694824219,85.44999694824219,1,0,1,0,1,0,0,0,0,0,0,0,0,0,0,0,1,0,0,0,0,0,1
0,1,0,12,1,1,85.05000305175781,999.7999877929688,0,1,0,0,1,0,0,0,1,0,0,0,0,0,0,0,1,0,0,0,1,0,0
0,0,0,54,0,0,44.099998474121094,2369.699951171875,0,0,0,1,0,0,1,0,0,0,0,0,1,0,0,0,1,0,1,0,0,0,0
0,1,0,68,1,0,90.19999694824219,6297.64990234375,0,0,1,0,1,0,0,0,1,0,1,0,1,0,0,0,0,0,0,1,1,0,0
0,1,1,4,1,0,50.849998474121094,239.5500030517578,1,0,1,0,0,0,0,0,0,0,0,0,0,0,0,0,0,0,0,0,0,0,1
0,0,1,1,1,0,59.20000076293945,59.20000076293945,1,0,0,0,0,0,0,0,0,0,1,0,0,0,0,0,1,0,0,0,0,1,0
0,0,0,27,1,0,53.45000076293945,1461.449951171875,0,1,0,0,0,0,1,0,0,0,0,0,1,0,0,0,0,0,0,0,0,0,1
0,0,0,21,1,1,19.950000762939453,416.3999938964844,0,1,0,0,0,1,0,1,0,1,0,1,0,1,0,1,0,1,0,0,0,0,1
0,0,0,13,1,1,83.19999694824219,1060.5999755859375,1,1,0,0,1,0,0,0,0,0,1,0,0,0,1,0,0,0,0,0,0,1,0
1,0,0,64,1,0,74.6500015258789,4869.35009765625,0,0,1,0,0,0,0,0,1,0,1,0,1,0,0,0,1,0,0,0,1,0,0
0,0,0,1,1,1,54.900001525878906,54.900001525878906,1,0,0,0,0,0,1,0,1,0,0,0,0,0,0,0,0,0,0,0,0,1,0
0,1,0,57,0,1,57.5,3265.949951171875,0,1,0,1,0,0,0,0,1,0,1,0,1,0,1,0,1,0,0,1,0,0,0
0,1,0,21,1,1,103.9000015258789,2254.199951171875,1,0,1,0,1,0,1,0,0,0,1,0,0,0,1,0,1,0,0,0,0,1,0
0,0,0,19,1,0,19.649999618530273,358.1499938964844,0,1,0,0,0,1,0,1,0,1,0,1,0,1,0,1,0,1,0,1,0,0,1
0,1,0,31,1,1,93.80000305175781,2939.800048828125,0,1,0,0,1,0,0,0,0,0,1,0,0,0,1,0,1,0,1,0,0,1,0
0,0,0,52,1,1,89.25,4652.39990234375,0,1,1,0,0,0,1,0,1,0,1,0,1,0,1,0,1,0,0,1,0,0,1
0,0,0,46,1,1,94.1500015258789,4408.4501953125,0,0,1,0,1,0,0,0,1,0,1,0,0,0,0,0,1,0,1,0,0,1,0
1,0,0,11,1,1,55.599998474121094,580.7999877929688,0,0,1,0,0,0,1,0,0,0,0,0,0,0,0,0,0,0,0,0,0,1,0
0,1,1,53,0,1,48.70000076293945,2495.199951171875,0,0,0,1,0,0,1,0,1,0,1,0,0,0,0,0,1,0,0,0,0,0,0
0,1,1,11,1,1,19.25,180.3000030517578,1,0,0,0,0,1,0,1,0,1,0,1,0,1,0,1,0,1,0,0,0,0,1
1,0,0,57,1,1,104.9000015258789,5913.9501953125,0,1,1,0,1,0,0,0,1,0,0,0,1,0,1,0,1,0,0,0,0,0,0
1,0,0,2,1,1,75.44999694824219,158.39999389648438,1,0,1,0,1,0,0,0,0,0,0,0,0,0,0,0,0,0,0,0,0,0,1
1,0,0,2,1,0,54.849998474121094,104.19999694824219,1,0,0,0,0,0,1,0,1,0,0,0,0,0,0,0,0,0,0,0,0,0,1
0,1,1,71,1,0,19.899999618530273,1389.3499755859375,0,0,0,0,0,1,0,1,0,1,0,1,0,1,0,1,0,1,0,1,0,0,0
0,1,1,1,1,1,19.399999618530273,19.399999618530273,0,0,0,0,0,1,0,1,0,1,0,1,0,1,0,1,0,1,0,0,0,0,1
0,1,0,68,1,0,25.049999237060547,1629.199951171875,0,1,1,0,0,1,0,1,0,1,0,1,0,1,0,1,0,1,0,1,1,0,0
0,1,0,72,1,0,84.44999694824219,6033.10009765625,0,1,0,0,0,0,1,0,1,0,1,0,1,0,1,0,1,0,0,1,0,0,1
0,0,0,2,1,0,19.299999237060547,44.400001525878906,0,0,0,0,0,1,0,1,0,1,0,1,0,1,0,1,0,1,0,0,0,0,1
1,1,0,1,1,1,95.0999984741211,95.0999984741211,1,1,1,0,1,0,0,0,0,0,0,0,0,0,1,0,1,0,0,0,0,1,0
0,0,0,41,1,1,79.8499984741211,3320.75,0,0,0,0,0,0,1,0,0,0,1,0,1,0,1,0,1,0,1,0,0,0,0
0,1,1,72,1,0,25.549999237060547,1867.699951171875,0,1,1,0,0,1,0,1,0,1,0,1,0,1,0,1,0,1,0,1,1,0,0
0,1,0,6,1,1,75.5,438.0,1,1,1,0,1,0,0,0,0,0,0,0,0,0,0,0,0,0,0,0,0,1,0
0,1,1,4,1,1,73.75,325.45001220703125,1,0,0,0,1,0,0,0,0,0,1,0,0,0,0,0,0,0,0,0,0,1,0
0,0,0,12,1,1,96.05000305175781,1148.0999755859375,1,1,1,0,1,0,0,0,0,0,0,0,0,0,1,0,1,0,0,0,0,1,0
0,1,0,58,1,1,68.4000015258789,3972.25,0,0,1,0,0,0,1,0,0,0,0,0,1,0,0,0,1,0,1,0,0,1,0
0,0,0,7,1,0,20.649999618530273,155.89999389648438,0,0,0,0,0,1,0,1,0,1,0,1,0,1,0,1,0,1,0,0,0,0,1
0,1,0,65,1,1,55.150001525878906,3673.14990234375,0,0,0,0,0,0,1,0,0,0,1,0,0,0,0,0,0,0,0,0,0,0,1
0,0,0,1,1,1,70.5999984741211,70.5999984741211,0,1,0,0,1,0,0,0,0,0,0,0,0,0,0,0,0,0,0,0,0,0,1
0,1,0,56,1,0,19.950000762939453,1126.75,0,1,0,0,0,1,0,1,0,1,0,1,0,1,0,1,0,1,1,0,1,0,0
0,0,0,4,1,0,19.0,73.44999694824219,0,1,0,0,0,1,0,1,0,1,0,1,0,1,0,1,0,1,0,0,0,0,1
0,1,1,58,1,1,44.099998474121094,2413.050048828125,0,0,0,0,0,0,0,0,0,0,0,0,0,0,0,0,0,0,1,0,0,0,1
0,1,0,62,1,1,107.5999984741211,6912.7001953125,0,1,1,0,1,0,0,0,0,0,1,0,1,0,1,0,1,0,0,1,0,0,0
0,0,0,26,1,0,61.54999923706055,1581.949951171875,0,1,1,0,0,0,1,0,1,0,0,0,0,0,0,0,0,0,1,0,0,1,0
0,0,0,62,1,0,90.69999694824219,5586.4501953125,0,1,1,0,1,0,1,0,1,0,1,0,0,0,0,0,0,0,0,0,0,0,0
0,1,1,58,1,0,99.25,5846.64990234375,0,0,0,0,1,0,1,0,1,0,0,0,0,0,1,0,1,0,1,0,1,0,0
0,1,0,68,1,1,91.69999694824219,6424.7001953125,0,0,1,0,0,0,1,0,1,0,1,0,1,0,1,0,1,0,0,1,0,1,0
0,1,1,61,1,1,100.69999694824219,6018.64990234375,0,0,1,0,1,0,1,0,1,0,1,0,0,0,0,0,1,0,1,0,1,0,0
0,0,0,42,1,1,78.44999694824219,3373.39990234375,0,0,1,0,0,0,0,0,0,0,1,0,1,0,1,0,1,0,0,1,1,0,0
0,0,0,18,1,0,84.30000305175781,1537.9000244140625,0,1,1,0,1,0,0,0,0,0,0,0,0,0,1,0,0,0,0,0,0,0,0
0,0,0,56,1,1,19.549999237060547,1080.550048828125,0,0,0,0,0,1,0,1,0,1,0,1,0,1,0,1,0,1,0,1,0,0,0
0,0,0,4,1,1,88.94999694824219,355.20001220703125,1,0,1,0,1,0,0,0,1,0,0,0,0,0,0,0,1,0,0,0,0,1,0
0,0,0,4,1,0,20.450000762939453,82.8499984741211,0,0,0,0,0,1,0,1,0,1,0,1,0,1,0,1,0,1,0,0,1,0,0
0,0,1,35,1,0,55.599998474121094,2016.449951171875,0,0,0,0,0,0,1,0,1,0,0,0,0,0,0,0,0,0,1,0,1,0,0
0,1,1,64,1,1,86.80000305175781,5327.25,0,0,1,0,1,0,1,0,0,0,0,0,1,0,0,0,0,0,0,0,0,0,0
0,0,0,31,1,0,20.950000762939453,683.25,0,0,0,0,0,1,0,1,0,1,0,1,0,1,0,1,0,1,1,0,0,0,1
1,1,0,67,1,1,20.049999237060547,1263.050048828125,0,0,0,0,0,1,0,1,0,1,0,1,0,1,0,1,0,1,0,1,0,0,0
0,0,0,4,1,0,50.70000076293945,151.3000030517578,1,0,0,0,0,0,0,0,1,0,0,0,0,0,0,0,0,0,0,0,1,0,0
1,1,0,70,1,1,113.6500015258789,7714.64990234375,0,0,1,0,1,0,1,0,1,0,1,0,1,0,1,0,1,0,0,1,0,1,0
0,0,0,3,1,0,53.400001525878906,188.6999969482422,1,1,0,0,0,0,0,0,0,0,0,0,0,0,1,0,0,0,0,0,1,0,0
1,1,0,53,1,1,101.9000015258789,5549.39990234375,1,1,1,0,1,0,0,0,1,0,0,0,0,0,1,0,1,0,0,0,0,1,0
0,1,1,2,1,0,59.5,130.5,0,1,0,0,0,0,1,0,1,0,0,0,1,0,0,0,0,0,0,1,0,0,1
0,1,1,29,1,1,87.80000305175781,2621.75,0,0,0,0,1,0,0,0,0,0,0,0,0,0,1,0,1,0,0,0,1,0,0
0,0,0,47,0,0,41.900001525878906,1875.25,0,0,0,1,0,0,1,0,0,0,1,0,1,0,0,0,0,0,0,1,0,0,1
0,1,1,68,1,1,83.0,5685.7998046875,1,0,1,0,1,0,0,0,0,0,0,0,0,0,1,0,0,0,1,0,0,1,0
0,0,1,12,1,1,69.8499984741211,837.5,0,1,0,0,0,0,1,0,0,0,0,0,0,0,1,0,1,0,0,0,0,0,1
0,1,1,8,1,0,56.29999923706055,401.5,0,0,0,0,0,0,0,0,1,0,0,0,1,0,0,0,0,0,0,0,0,0,0
0,1,0,54,1,0,109.55000305175781,6118.9501953125,0,1,1,0,1,0,1,0,1,0,1,0,0,0,1,0,1,0,0,0,0,1,0
0,1,1,69,1,1,92.1500015258789,6480.89990234375,0,1,0,0,1,0,0,0,1,0,0,0,1,0,1,0,0,0,0,1,0,0,1
0,0,0,26,1,1,69.5,1800.050048828125,0,0,1,0,0,0,1,0,1,0,0,0,0,0,1,0,0,0,0,0,0,0,0
0,1,0,72,1,1,97.0,7104.2001953125,0,0,1,0,1,0,1,0,1,0,1,0,1,0,0,0,0,0,0,1,0,0,0
0,0,0,70,0,1,58.349998474121094,4214.25,0,0,0,1,0,0,1,0,0,0,1,0,1,0,1,0,1,0,0,1,0,0,0
0,0,1,1,1,0,50.599998474121094,50.599998474121094,1,1,0,0,0,0,1,0,0,0,0,0,0,0,0,0,0,0,0,0,0,0,1
0,0,0,10,1,1,89.5,863.0999755859375,1,1,0,0,1,0,0,0,0,0,0,0,0,0,1,0,1,0,0,0,0,1,0
0,1,1,28,1,1,70.4000015258789,1992.199951171875,0,0,0,0,1,0,0,0,0,0,0,0,0,0,0,0,0,0,1,0,0,0,0
0,0,0,1,1,1,69.80000305175781,69.80000305175781,1,1,0,0,1,0,0,0,0,0,0,0,0,0,0,0,0,0,0,0,0,1,0
0,1,0,21,1,1,94.30000305175781,1948.3499755859375,0,0,1,0,1,0,0,0,0,0,0,0,0,0,1,0,1,0,0,0,0,1,0
1,1,0,51,1,1,93.80000305175781,4750.9501953125,1,1,1,0,1,0,1,0,0,0,1,0,0,0,1,0,0,0,0,0,0,0,0
0,1,1,53,1,0,19.549999237060547,1007.9000244140625,0,0,0,0,0,1,0,1,0,1,0,1,0,1,0,1,0,1,1,0,0,0,0
0,0,1,53,1,0,95.94999694824219,5036.89990234375,0,1,0,0,1,0,1,0,1,0,1,0,0,0,0,0,1,0,1,0,0,1,0
0,1,0,24,1,1,101.05000305175781,2391.800048828125,1,1,1,0,1,0,0,0,0,0,1,0,0,0,1,0,1,0,0,0,0,1,0
0,1,0,70,1,1,94.80000305175781,6859.0498046875,0,0,1,0,0,0,1,0,1,0,1,0,1,0,1,0,1,0,0,1,1,0,0
0,0,0,61,1,1,107.75,6521.89990234375,0,1,1,0,1,0,1,0,1,0,1,0,0,0,1,0,1,0,1,0,0,1,0
0,0,0,11,1,1,54.599998474121094,617.8499755859375,0,0,0,0,0,0,1,0,0,0,0,0,1,0,0,0,0,0,1,0,0,0,1
0,0,0,2,1,1,71.30000305175781,157.75,0,1,0,0,1,0,0,0,0,0,0,0,0,0,0,0,0,0,0,0,1,0,0
0,0,0,25,1,1,19.5,516.2999877929688,0,1,0,0,0,1,0,1,0,1,0,1,0,1,0,1,0,1,1,0,0,0,0
0,0,0,41,1,1,56.29999923706055,2364.0,0,0,1,0,0,0,0,0,1,0,0,0,0,0,0,0,0,0,1,0,1,0,0
0,1,0,18,1,1,94.69999694824219,1687.949951171875,1,1,1,0,1,0,0,0,0,0,0,0,0,0,1,0,1,0,0,0,0,1,0
1,1,0,72,1,1,104.1500015258789,7689.9501953125,1,1,1,0,1,0,0,0,1,0,1,0,0,0,1,0,1,0,0,1,0,0,0
0,1,1,71,1,1,90.55000305175781,6239.0498046875,0,0,1,0,0,0,1,0,1,0,1,0,1,0,1,0,1,0,0,1,1,0,0
0,1,1,34,1,1,60.79999923706055,2042.050048828125,0,0,0,0,0,0,1,0,1,0,1,0,0,0,0,0,0,0,1,0,0,0,1
0,0,0,29,1,1,98.80000305175781,2807.10009765625,0,1,0,0,1,0,0,0,0,0,1,0,1,0,1,0,1,0,0,0,1,0,0
1,1,0,40,1,1,98.1500015258789,4116.7998046875,0,1,0,0,1,0,1,0,1,0,1,0,1,0,1,0,0,0,1,0,1,0,0
0,1,0,36,0,0,35.349998474121094,1317.949951171875,0,1,0,1,0,0,1,0,0,0,1,0,0,0,0,0,0,0,1,0,0,0,1
0,1,0,46,1,1,103.1500015258789,4594.64990234375,0,0,1,0,1,0,0,0,1,0,0,0,1,0,1,0,1,0,1,0,0,1,0
0,0,0,58,1,1,107.75,6332.75,0,0,1,0,1,0,1,0,1,0,1,0,0,0,1,0,1,0,1,0,0,1,0
0,0,0,39,1,0,81.4000015258789,3213.75,0,1,1,0,1,0,0,0,1,0,0,0,0,0,0,0,0,0,1,0,1,0,0
0,1,1,4,1,0,61.45000076293945,229.5500030517578,1,1,0,0,0,0,0,0,0,0,0,0,1,0,0,0,1,0,0,0,1,0,0
0,1,1,52,1,1,95.69999694824219,4976.14990234375,0,0,1,0,1,0,0,0,1,0,1,0,0,0,1,0,0,0,1,0,1,0,0
1,1,0,70,1,1,104.80000305175781,7308.9501953125,0,1,1,0,1,0,0,0,1,0,1,0,0,0,1,0,1,0,1,0,0,1,0
1,1,0,65,1,1,70.94999694824219,4555.2001953125,0,1,0,0,1,0,0,0,0,0,0,0,0,0,0,0,0,0,1,0,0,0,0
0,0,0,1,1,1,44.95000076293945,44.95000076293945,0,1,0,0,0,0,0,0,0,0,0,0,0,0,0,0,0,0,0,0,0,0,1
0,1,0,70,1,1,97.6500015258789,6982.5,0,0,1,0,1,0,0,0,0,0,1,0,0,0,1,0,1,0,1,0,0,1,0
1,1,1,29,0,1,35.650001525878906,1025.1500244140625,0,0,0,1,0,0,0,0,1,0,1,0,0,0,0,0,0,0,0,0,0,0,1
0,0,0,1,1,1,90.55000305175781,90.55000305175781,1,1,0,0,1,0,0,0,0,0,0,0,0,0,1,0,1,0,0,0,0,1,0
0,0,0,67,1,1,85.25,5714.2001953125,0,0,1,0,0,0,1,0,0,0,1,0,1,0,1,0,1,0,0,1,0,0,1
0,0,0,1,1,1,19.5,19.5,0,0,0,0,0,1,0,1,0,1,0,1,0,1,0,1,0,1,0,0,0,0,1
0,0,0,26,1,1,88.80000305175781,2274.35009765625,1,0,0,0,1,0,0,0,0,0,0,0,0,0,1,0,1,0,0,0,0,0,0
0,1,1,30,1,1,25.100000381469727,789.5499877929688,0,0,1,0,0,1,0,1,0,1,0,1,0,1,0,1,0,1,0,1,0,0,1
0,1,0,48,1,1,100.05000305175781,4834.0,0,0,0,0,1,0,0,0,0,0,1,0,1,0,1,0,1,0,0,0,1,0,0
0,1,1,55,1,0,55.70000076293945,3131.800048828125,0,0,0,0,0,0,1,0,1,0,0,0,0,0,0,0,0,0,0,0,0,1,0
0,0,0,7,1,1,85.19999694824219,602.5499877929688,1,1,1,0,1,0,0,0,0,0,0,0,0,0,0,0,1,0,0,0,0,0,1
0,0,0,37,1,1,91.1500015258789,3369.25,0,1,1,0,1,0,1,0,0,0,0,0,0,0,1,0,0,0,0,0,0,1,0
0,1,0,31,1,1,83.8499984741211,2674.14990234375,0,0,0,0,1,0,0,0,1,0,0,0,0,0,0,0,1,0,0,0,0,0,0
0,0,0,4,1,1,45.900001525878906,199.75,0,1,0,0,0,0,0,0,0,0,0,0,0,0,0,0,0,0,0,0,0,1,0
0,1,1,72,1,1,25.100000381469727,1790.800048828125,0,1,1,0,0,1,0,1,0,1,0,1,0,1,0,1,0,1,0,1,1,0,0
1,0,0,5,1,1,91.4000015258789,449.75,1,1,0,0,1,0,0,0,0,0,0,0,0,0,1,0,1,0,0,0,0,1,0
0,1,1,1,1,0,19.700000762939453,19.700000762939453,0,1,0,0,0,1,0,1,0,1,0,1,0,1,0,1,0,1,0,0,0,0,1
1,0,0,15,1,1,91.5,1400.300048828125,0,0,0,0,1,0,0,0,0,0,0,0,0,0,1,0,1,0,0,0,0,1,0
0,1,1,8,1,1,51.29999923706055,411.6000061035156,0,1,0,0,0,0,1,0,0,0,0,0,0,0,0,0,0,0,0,0,1,0,0
0,0,0,35,1,0,21.100000381469727,741.0,0,0,0,0,0,1,0,1,0,1,0,1,0,1,0,1,0,1,1,0,0,0,1
1,0,0,56,1,0,104.75,5841.35009765625,0,0,1,0,1,0,0,0,1,0,1,0,0,0,1,0,1,0,0,0,0,1,0
0,1,0,42,1,1,106.1500015258789,4512.7001953125,1,1,1,0,1,0,0,0,0,0,1,0,1,0,1,0,1,0,0,0,0,0,0
1,1,1,65,1,1,85.75,5688.4501953125,0,1,1,0,1,0,1,0,1,0,0,0,0,0,0,0,0,0,0,0,0,1,0
0,1,1,2,1,0,20.299999237060547,31.899999618530273,0,0,0,0,0,1,0,1,0,1,0,1,0,1,0,1,0,1,1,0,0,0,1
1,1,0,65,1,1,100.75,6674.64990234375,0,1,1,0,1,0,1,0,0,0,0,0,0,0,1,0,1,0,1,0,0,1,0
0,0,0,18,1,1,74.1500015258789,1345.75,0,0,1,0,1,0,0,0,0,0,0,0,0,0,0,0,0,0,0,0,0,1,0
0,0,0,23,1,1,78.55000305175781,1843.050048828125,0,0,1,0,0,0,1,0,0,0,1,0,0,0,1,0,1,0,1,0,0,1,0
0,0,0,4,1,1,45.29999923706055,196.9499969482422,1,0,0,0,0,0,0,0,0,0,0,0,0,0,0,0,0,0,0,0,0,0,1
0,1,0,70,1,0,19.850000381469727,1433.800048828125,0,1,0,0,0,1,0,1,0,1,0,1,0,1,0,1,0,1,0,1,1,0,0
0,0,0,4,1,0,50.70000076293945,214.5500030517578,0,0,1,0,0,0,0,0,0,0,0,0,0,0,0,0,0,0,0,0,0,1,0
0,0,0,19,1,1,45.0,865.8499755859375,0,1,0,0,0,0,0,0,0,0,0,0,0,0,0,0,0,0,0,0,0,0,0
0,0,0,18,1,0,77.80000305175781,1358.5999755859375,0,0,0,0,1,0,0,0,1,0,1,0,0,0,0,0,0,0,0,0,0,1,0
1,1,0,38,1,1,83.44999694824219,3147.14990234375,0,0,0,0,1,0,1,0,0,0,0,0,0,0,0,0,1,0,0,0,0,1,0
0,0,0,2,1,1,73.25,131.0500030517578,1,1,1,0,1,0,0,0,0,0,0,0,0,0,0,0,0,0,0,0,1,0,0
0,0,0,47,1,0,94.80000305175781,4535.85009765625,0,1,1,0,1,0,1,0,1,0,0,0,0,0,1,0,0,0,1,0,0,0,0
0,1,1,52,1,0,20.100000381469727,1078.75,0,0,0,0,0,1,0,1,0,1,0,1,0,1,0,1,0,1,0,1,0,0,0
0,0,0,9,1,0,59.900001525878906,542.4000244140625,0,1,1,0,0,0,0,0,0,0,0,0,0,0,0,0,1,0,0,0,0,0,1
0,1,0,26,1,1,90.0999984741211,2312.550048828125,0,0,1,0,0,0,1,0,1,0,1,0,1,0,1,0,1,0,1,0,1,0,0
0,1,1,8,1,1,51.04999923706055,415.04998779296875,1,1,0,0,0,0,0,0,0,0,1,0,0,0,0,0,0,0,0,0,0,1,0
0,1,0,44,1,1,70.94999694824219,3250.449951171875,0,1,0,0,0,0,0,0,1,0,1,0,1,0,1,0,0,0,1,0,0,1,0
0,0,0,3,0,0,29.200000762939453,98.5,0,0,0,1,0,0,0,0,1,0,0,0,0,0,0,0,0,0,0,0,0,0,1
0,0,0,2,1,1,46.599998474121094,87.9000015258789,0,1,0,0,0,0,0,0,0,0,0,0,0,0,0,0,0,0,0,0,0,0,0
0,1,1,9,1,1,85.3499984741211,754.6500244140625,1,0,1,0,1,0,0,0,0,0,0,0,0,0,1,0,0,0,0,0,0,0,0
1,0,0,1,1,1,75.3499984741211,75.3499984741211,1,1,1,0,1,0,0,0,0,0,0,0,0,0,0,0,0,0,0,0,0,1,0
0,0,0,25,1,0,74.30000305175781,1952.25,0,1,0,0,1,0,1,0,0,0,0,0,0,0,0,0,0,0,0,0,0,0,0
1,1,0,2,1,1,69.30000305175781,153.8000030517578,0,0,0,0,1,0,0,0,0,0,0,0,0,0,0,0,0,0,0,0,0,1,0
0,0,0,43,1,1,75.19999694824219,3198.60009765625,1,1,0,0,1,0,1,0,0,0,0,0,0,0,0,0,0,0,0,0,0,1,0
0,0,0,1,1,0,20.899999618530273,20.899999618530273,1,0,0,0,0,1,0,1,0,1,0,1,0,1,0,1,0,1,0,0,0,0,1
0,1,0,58,1,1,94.30000305175781,5610.14990234375,0,0,1,0,1,0,0,0,1,0,1,0,0,0,0,0,1,0,1,0,0,1,0
0,1,1,59,1,1,76.44999694824219,4519.5,0,0,1,0,0,0,1,0,0,0,1,0,1,0,1,0,0,0,0,1,0,0,1
0,0,0,44,0,1,54.0,2440.25,0,1,0,1,0,0,1,0,0,0,1,0,0,0,1,0,1,0,1,0,0,1,0
0,0,0,66,1,1,104.25,6860.60009765625,0,1,1,0,1,0,0,0,1,0,0,0,1,0,1,0,1,0,1,0,0,1,0
0,1,1,68,1,0,19.950000762939453,1377.699951171875,0,1,0,0,0,1,0,1,0,1,0,1,0,1,0,1,0,1,0,1,0,0,0
0,0,0,9,0,1,24.950000762939453,190.25,0,1,0,1,0,0,0,0,0,0,0,0,0,0,0,0,0,0,0,0,0,1,0
0,0,0,19,1,1,84.75,1651.949951171875,0,1,1,0,1,0,1,0,0,0,1,0,0,0,0,0,0,0,0,0,0,1,0
0,0,0,4,1,0,19.75,78.30000305175781,0,1,0,0,0,1,0,1,0,1,0,1,0,1,0,1,0,1,0,0,0,0,1
0,0,0,70,1,1,113.6500015258789,7939.25,0,0,1,0,1,0,1,0,1,0,1,0,1,0,1,0,1,0,0,1,0,0,0
0,0,0,1,1,1,44.900001525878906,44.900001525878906,0,1,0,0,0,0,0,0,0,0,0,0,0,0,0,0,0,0,0,0,0,0,1
0,0,0,8,1,1,75.25,576.7000122070312,0,0,1,0,1,0,0,0,0,0,0,0,0,0,0,0,0,0,0,0,0,1,0
0,0,0,53,1,0,24.600000381469727,1279.0,0,1,1,0,0,1,0,1,0,1,0,1,0,1,0,1,0,1,0,1,0,0,1
1,0,0,51,1,0,25.0,1260.699951171875,0,1,1,0,0,1,0,1,0,1,0,1,0,1,0,1,0,1,1,0,0,0,0
0,1,1,11,1,0,20.950000762939453,267.3500061035156,0,1,0,0,0,1,0,1,0,1,0,1,0,1,0,1,0,1,0,0,0,0,0
0,1,1,60,1,1,110.5999984741211,6586.85009765625,0,1,1,0,1,0,1,0,0,0,1,0,1,0,1,0,1,0,0,1,0,1,0
0,0,0,17,1,1,55.5,934.1500244140625,0,1,0,0,0,0,1,0,1,0,0,0,0,0,0,0,0,0,0,0,1,0,0
0,0,0,3,1,1,43.29999923706055,123.6500015258789,1,1,0,0,0,0,0,0,0,0,0,0,0,0,0,0,0,0,0,0,0,1,0
0,1,0,70,1,1,109.5,7534.64990234375,1,1,0,0,1,0,1,0,1,0,1,0,1,0,1,0,1,0,1,0,0,0,0
0,0,0,1,1,0,19.450000762939453,19.450000762939453,0,1,0,0,0,1,0,1,0,1,0,1,0,1,0,1,0,1,0,0,0,0,1
1,0,0,43,1,1,84.8499984741211,3645.60009765625,0,1,1,0,1,0,0,0,0,0,0,0,0,0,1,0,0,0,0,0,0,1,0
0,1,0,16,1,0,19.600000381469727,314.45001220703125,0,0,0,0,0,1,0,1,0,1,0,1,0,1,0,1,0,1,0,0,0,0,1
0,1,1,57,1,0,53.45000076293945,3053.0,0,0,0,0,0,0,1,0,1,0,0,0,0,0,0,0,0,0,1,0,0,1,0
0,1,1,37,1,0,19.799999237060547,677.0499877929688,0,1,0,0,0,1,0,1,0,1,0,1,0,1,0,1,0,1,1,0,1,0,0
0,1,0,72,1,0,112.0999984741211,7965.9501953125,0,0,1,0,1,0,1,0,1,0,1,0,1,0,1,0,1,0,0,1,1,0,0
1,0,0,11,1,1,84.80000305175781,906.8499755859375,1,0,1,0,1,0,0,0,0,0,0,0,0,0,0,0,1,0,0,0,1,0,0
1,1,0,50,1,1,95.05000305175781,4888.7001953125,1,0,1,0,1,0,0,0,1,0,1,0,0,0,1,0,0,0,0,0,0,1,0
1,0,0,5,1,0,50.349998474121094,237.25,1,1,0,0,0,0,0,0,0,0,1,0,0,0,0,0,0,0,0,0,0,1,0
0,1,0,1,1,1,74.5999984741211,74.5999984741211,1,1,1,0,1,0,0,0,0,0,0,0,0,0,0,0,0,0,0,0,0,0,0
0,0,0,16,1,1,19.700000762939453,342.3999938964844,1,1,0,0,0,1,0,1,0,1,0,1,0,1,0,1,0,1,0,0,0,0,1
1,1,0,2,1,1,74.19999694824219,140.10000610351562,0,1,0,0,1,0,0,0,0,0,1,0,0,0,0,0,0,0,0,0,0,1,0
0,0,0,17,1,1,69.0,1108.0,0,0,1,0,0,0,0,0,0,0,1,0,1,0,1,0,0,0,0,0,0,0,1
0,0,0,16,1,0,19.350000381469727,295.54998779296875,0,0,0,0,0,1,0,1,0,1,0,1,0,1,0,1,0,1,1,0,1,0,0
0,0,0,15,1,1,59.45000076293945,892.6500244140625,1,0,0,0,0,0,0,0,0,0,1,0,0,0,0,0,1,0,0,0,0,1,0
0,0,0,10,1,1,19.799999237060547,198.25,0,0,0,0,0,1,0,1,0,1,0,1,0,1,0,1,0,1,1,0,0,0,1
0,0,1,46,1,1,105.19999694824219,4822.85009765625,1,0,0,0,1,0,1,0,1,0,0,0,1,0,1,0,1,0,1,0,0,0,0
0,1,1,64,1,1,109.19999694824219,6741.14990234375,0,1,1,0,1,0,0,0,1,0,1,0,1,0,1,0,1,0,0,1,1,0,0
0,0,0,1,1,1,79.1500015258789,79.1500015258789,0,0,1,0,1,0,0,0,1,0,0,0,0,0,0,0,0,0,0,0,0,0,1
0,1,1,25,1,0,53.650001525878906,1355.449951171875,0,1,0,0,0,0,0,0,1,0,1,0,0,0,0,0,0,0,1,0,0,0,1
0,1,1,71,1,0,100.19999694824219,7209.0,0,1,0,0,1,0,1,0,1,0,1,0,1,0,1,0,0,0,0,1,1,0,0
0,0,0,8,1,1,45.150001525878906,438.3999938964844,1,1,0,0,0,0,0,0,0,0,0,0,0,0,0,0,0,0,0,0,0,0,1
0,1,1,72,1,1,108.6500015258789,7726.35009765625,0,0,0,0,1,0,1,0,1,0,1,0,1,0,1,0,1,0,0,1,0,0,0
0,1,0,49,0,0,40.650001525878906,2070.75,0,0,0,1,0,0,1,0,0,0,0,0,0,0,1,0,0,0,0,0,0,0,0
0,1,1,29,0,1,55.349998474121094,1636.949951171875,0,1,0,1,0,0,1,0,1,0,1,0,1,0,0,0,1,0,1,0,1,0,0
0,1,0,72,1,0,105.5999984741211,7581.5,0,1,1,0,1,0,1,0,1,0,1,0,1,0,0,0,1,0,0,1,0,0,0
0,1,0,31,1,0,93.80000305175781,3019.5,1,1,1,0,1,0,0,0,1,0,1,0,0,0,1,0,0,0,0,0,0,1,0
0,0,0,50,1,1,95.69999694824219,4729.75,0,0,1,0,1,0,0,0,0,0,0,0,0,0,1,0,1,0,0,0,0,1,0
0,1,0,71,1,0,83.19999694824219,6126.10009765625,0,1,1,0,0,0,1,0,0,0,1,0,1,0,1,0,1,0,0,1,0,1,0
1,1,0,70,1,0,90.05000305175781,6333.39990234375,0,1,1,0,0,0,1,0,1,0,1,0,1,0,1,0,1,0,0,1,1,0,0
0,0,0,71,1,0,97.6500015258789,6687.85009765625,0,1,1,0,1,0,1,0,0,0,0,0,1,0,0,0,1,0,1,0,1,0,0
0,1,1,61,1,1,68.05000305175781,4158.25,0,1,0,0,0,0,1,0,1,0,1,0,1,0,0,0,0,0,0,1,0,0,0
0,0,0,32,1,1,96.19999694824219,3183.39990234375,1,1,0,0,1,0,0,0,0,0,0,0,1,0,1,0,1,0,0,0,0,1,0
0,0,1,1,1,1,79.5999984741211,79.5999984741211,1,0,0,0,1,0,0,0,0,0,0,0,0,0,0,0,1,0,0,0,0,1,0
0,0,0,68,1,1,102.0999984741211,7149.35009765625,0,1,1,0,1,0,1,0,1,0,1,0,0,0,0,0,1,0,0,1,0,0,0
0,0,0,62,1,0,23.399999618530273,1429.6500244140625,0,1,1,0,0,1,0,1,0,1,0,1,0,1,0,1,0,1,0,1,0,0,0
0,0,1,7,1,1,71.05000305175781,472.6499938964844,0,0,0,0,1,0,0,0,0,0,0,0,0,0,0,0,0,0,0,0,0,1,0
0,0,0,20,1,1,85.25,1734.5,1,1,1,0,1,0,0,0,0,0,0,0,0,0,1,0,0,0,0,0,0,1,0
0,1,1,6,1,0,19.450000762939453,113.5,0,1,0,0,0,1,0,1,0,1,0,1,0,1,0,1,0,1,1,0,0,0,1
1,0,0,33,0,1,59.45000076293945,1884.6500244140625,0,0,0,1,0,0,1,0,1,0,1,0,0,0,1,0,1,0,0,0,0,0,0
0,1,1,28,1,0,92.19999694824219,2568.14990234375,0,1,1,0,1,0,0,0,0,0,0,0,0,0,1,0,1,0,1,0,0,0,0
0,0,0,27,1,0,19.850000381469727,470.0,0,1,0,0,0,1,0,1,0,1,0,1,0,1,0,1,0,1,0,1,1,0,0
0,0,0,7,1,0,43.900001525878906,278.3999938964844,0,1,0,0,0,0,0,0,0,0,0,0,0,0,0,0,0,0,0,0,0,0,1
0,0,0,26,1,1,80.5,2088.800048828125,1,1,1,0,1,0,0,0,0,0,0,0,1,0,0,0,0,0,0,0,0,1,0
1,0,0,5,1,1,89.80000305175781,502.6000061035156,1,1,1,0,1,0,0,0,1,0,0,0,0,0,0,0,1,0,0,0,0,1,0
1,0,0,30,1,1,90.5,2595.85009765625,0,1,1,0,1,0,1,0,0,0,0,0,0,0,0,0,1,0,0,0,1,0,0
0,0,0,63,1,0,90.44999694824219,5825.5,0,1,1,0,1,0,0,0,1,0,0,0,0,0,0,0,1,0,1,0,1,0,0
0,0,0,1,1,1,50.75,50.75,1,1,0,0,0,0,0,0,1,0,0,0,0,0,0,0,0,0,0,0,0,1,0
0,0,1,53,1,1,84.5999984741211,4449.75,0,0,1,0,0,0,0,0,1,0,1,0,1,0,1,0,1,0,1,0,0,1,0
0,1,1,14,1,1,89.6500015258789,1208.3499755859375,1,0,0,0,1,0,0,0,1,0,0,0,1,0,0,0,1,0,0,0,1,0,0
0,0,0,21,1,1,99.1500015258789,1956.4000244140625,0,0,0,0,1,0,0,0,1,0,0,0,1,0,1,0,1,0,0,0,0,0,0
0,0,0,17,1,0,19.950000762939453,310.6000061035156,0,1,0,0,0,1,0,1,0,1,0,1,0,1,0,1,0,1,1,0,0,0,1
0,1,1,16,1,0,20.5,290.54998779296875,0,1,0,0,0,1,0,1,0,1,0,1,0,1,0,1,0,1,0,1,0,0,1
0,0,0,35,1,1,62.099998474121094,2096.10009765625,0,0,0,0,0,0,0,0,0,0,1,0,0,0,0,0,1,0,0,0,0,1,0
1,0,0,32,1,1,79.5,2665.0,0,0,0,0,1,0,0,0,0,0,0,0,0,0,0,0,1,0,0,0,0,1,0
0,1,1,28,1,1,19.549999237060547,543.7999877929688,0,0,0,0,0,1,0,1,0,1,0,1,0,1,0,1,0,1,0,0,0,0,0
0,0,0,1,1,1,20.350000381469727,20.350000381469727,0,0,0,0,0,1,0,1,0,1,0,1,0,1,0,1,0,1,0,0,0,0,1
0,0,0,59,0,1,51.70000076293945,3005.800048828125,0,1,0,1,0,0,0,0,0,0,0,0,1,0,1,0,1,0,0,0,0,1,0
0,1,1,72,1,1,23.299999237060547,1623.1500244140625,0,0,1,0,0,1,0,1,0,1,0,1,0,1,0,1,0,1,1,0,0,0,0
0,0,0,36,1,1,65.4000015258789,2498.39990234375,1,1,0,0,0,0,0,0,1,0,0,0,1,0,0,0,1,0,1,0,0,0,1
0,0,0,40,1,0,65.0999984741211,2586.0,0,0,0,0,0,0,1,0,1,0,0,0,0,0,1,0,0,0,0,0,0,0,1
0,1,1,40,1,1,81.19999694824219,3292.300048828125,0,1,1,0,1,0,0,0,0,0,1,0,0,0,0,0,0,0,0,0,0,1,0
0,0,1,9,1,1,72.9000015258789,651.4000244140625,1,0,0,0,0,0,0,0,0,0,1,0,1,0,1,0,1,0,0,0,0,0,1
0,1,1,63,1,0,74.5,4674.5498046875,0,1,0,0,0,0,1,0,1,0,1,0,1,0,1,0,0,0,0,1,1,0,0
0,0,0,3,1,1,80.5,232.35000610351562,0,0,0,0,1,0,0,0,0,0,0,0,0,0,1,0,0,0,0,0,0,1,0
0,1,1,40,0,0,60.29999923706055,2448.5,0,1,0,1,0,0,0,0,1,0,1,0,1,0,1,0,1,0,1,0,0,0,1
0,1,0,8,1,1,75.0,658.0999755859375,0,1,0,0,1,0,1,0,0,0,0,0,0,0,0,0,0,0,0,0,0,0,1
1,1,0,34,1,0,90.1500015258789,3128.800048828125,0,1,0,0,1,0,1,0,0,0,0,0,1,0,1,0,0,0,1,0,0,0,1
0,0,0,5,0,0,40.0,223.4499969482422,1,1,0,1,0,0,1,0,0,0,1,0,1,0,0,0,0,0,0,0,0,0,1
1,0,0,9,1,1,99.44999694824219,919.4000244140625,1,1,1,0,1,0,0,0,1,0,0,0,0,0,1,0,1,0,0,0,1,0,0
0,1,0,9,1,1,69.05000305175781,653.9500122070312,0,1,1,0,0,0,0,0,1,0,1,0,0,0,0,0,1,0,0,0,1,0,0
0,1,1,31,1,0,59.70000076293945,1825.5,0,1,1,0,0,0,0,0,0,0,0,0,0,0,0,0,1,0,0,0,0,0,0
0,1,0,50,1,1,19.850000381469727,943.0999755859375,0,0,0,0,0,1,0,1,0,1,0,1,0,1,0,1,0,1,1,0,0,0,0
0,0,0,2,1,1,86.25,181.64999389648438,1,0,0,0,1,0,1,0,1,0,0,0,1,0,0,0,0,0,0,0,0,1,0
0,0,0,1,1,1,45.650001525878906,45.650001525878906,1,0,0,0,0,0,0,0,0,0,0,0,0,0,0,0,0,0,0,0,0,1,0
0,0,0,8,1,1,70.0999984741211,551.3499755859375,1,1,0,0,1,0,0,0,0,0,0,0,0,0,0,0,0,0,0,0,0,0,1
0,0,0,9,0,0,40.75,359.3999938964844,0,0,0,1,0,0,0,0,1,0,0,0,0,0,0,0,1,0,0,0,0,1,0
1,0,0,2,1,1,70.19999694824219,115.94999694824219,1,0,0,0,1,0,0,0,0,0,0,0,0,0,0,0,0,0,0,0,0,0,0
0,0,0,3,1,0,55.349998474121094,165.1999969482422,1,0,0,0,0,0,1,0,1,0,0,0,0,0,0,0,0,0,0,0,0,1,0
0,1,0,25,1,1,95.69999694824219,2338.35009765625,0,1,0,0,1,0,0,0,0,0,0,0,1,0,1,0,1,0,0,0,1,0,0
1,0,0,1,1,0,46.29999923706055,46.29999923706055,0,1,0,0,0,0,0,0,0,0,0,0,0,0,0,0,0,0,0,0,0,1,0
0,1,1,45,1,0,81.30000305175781,3541.10009765625,0,0,1,0,0,0,1,0,1,0,1,0,1,0,1,0,0,0,0,0,0,0,1
1,1,1,51,1,1,84.19999694824219,4146.0498046875,1,1,1,0,1,0,0,0,1,0,1,0,0,0,0,0,0,0,0,0,0,1,0
0,1,1,55,1,0,20.0,1087.25,0,0,0,0,0,1,0,1,0,1,0,1,0,1,0,1,0,1,0,0,1,0,0
0,0,0,38,1,1,66.1500015258789,2522.39990234375,0,0,1,0,0,0,1,0,1,0,1,0,0,0,0,0,0,0,0,0,0,0,0
0,0,0,2,1,0,45.849998474121094,81.0,1,1,0,0,0,0,0,0,0,0,0,0,0,0,0,0,0,0,0,0,0,0,1
0,1,1,38,1,0,19.600000381469727,717.2999877929688,0,1,0,0,0,1,0,1,0,1,0,1,0,1,0,1,0,1,0,0,0,1,0
0,0,0,34,1,1,49.79999923706055,1734.199951171875,0,1,0,0,0,0,0,0,1,0,0,0,0,0,0,0,0,0,0,0,0,1,0
0,1,0,70,1,1,101.75,7069.2998046875,0,0,1,0,1,0,0,0,0,0,1,0,0,0,1,0,1,0,1,0,0,1,0
0,0,0,13,1,0,55.150001525878906,742.9000244140625,0,0,0,0,0,0,1,0,0,0,0,0,1,0,0,0,0,0,1,0,0,0,1
0,0,0,39,1,0,75.25,3017.64990234375,1,1,1,0,1,0,0,0,0,0,0,0,0,0,0,0,0,0,0,0,0,1,0
0,0,0,61,1,1,103.94999694824219,6423.0,0,0,1,0,1,0,0,0,1,0,1,0,0,0,1,0,1,0,1,0,0,1,0
0,0,0,12,1,1,100.1500015258789,1164.300048828125,1,0,1,0,1,0,0,0,0,0,1,0,0,0,1,0,1,0,0,0,0,0,0
0,0,0,41,1,1,99.6500015258789,4220.35009765625,0,1,0,0,1,0,0,0,1,0,0,0,1,0,1,0,1,0,0,1,1,0,0
0,0,0,21,1,1,73.69999694824219,1558.699951171875,0,1,1,0,1,0,0,0,0,0,0,0,0,0,0,0,0,0,0,0,0,1,0
1,0,0,55,0,1,50.04999923706055,2743.449951171875,0,1,0,1,0,0,0,0,0,0,1,0,0,0,1,0,1,0,1,0,0,0,0
0,1,0,69,0,0,60.25,4055.5,0,1,0,1,0,0,1,0,0,0,1,0,1,0,1,0,1,0,0,1,0,0,0
1,1,1,26,1,0,105.75,2710.25,1,1,1,0,1,0,0,0,1,0,1,0,0,0,1,0,1,0,0,0,0,1,0
1,1,0,69,1,0,87.30000305175781,6055.5498046875,0,0,0,0,1,0,1,0,1,0,0,0,0,0,0,0,1,0,1,0,1,0,0
1,1,0,18,0,1,48.349998474121094,810.7000122070312,1,0,0,1,0,0,0,0,0,0,1,0,0,0,1,0,1,0,0,0,0,1,0
0,1,1,47,1,0,54.25,2538.199951171875,0,1,1,0,0,0,0,0,1,0,0,0,0,0,0,0,0,0,0,0,0,1,0
0,1,1,72,1,0,85.30000305175781,6129.2001953125,0,0,0,0,0,0,1,0,1,0,1,0,1,0,1,0,1,0,0,1,0,0,0
1,1,0,33,0,1,50.0,1750.8499755859375,0,1,0,1,0,0,0,0,1,0,1,0,1,0,1,0,0,0,0,0,0,1,0
0,1,1,2,0,1,24.399999618530273,36.54999923706055,1,0,0,1,0,0,0,0,0,0,0,0,0,0,0,0,0,0,0,0,0,0,1
0,1,1,72,1,0,90.94999694824219,6652.4501953125,0,0,1,0,0,0,1,0,1,0,1,0,1,0,1,0,1,0,0,1,1,0,0
1,1,0,37,1,1,72.25,2575.449951171875,0,1,0,0,1,0,0,0,0,0,0,0,0,0,0,0,0,0,0,0,0,0,0
1,1,1,62,1,1,96.0999984741211,6019.35009765625,0,0,1,0,1,0,0,0,1,0,1,0,0,0,0,0,1,0,0,0,1,0,0
0,1,0,71,1,0,19.850000381469727,1379.5999755859375,0,0,0,0,0,1,0,1,0,1,0,1,0,1,0,1,0,1,0,1,1,0,0
0,0,1,23,1,1,55.29999923706055,1284.199951171875,0,1,0,0,0,0,0,0,1,0,0,0,1,0,0,0,0,0,0,0,0,0,0
0,0,0,16,1,0,20.100000381469727,296.1499938964844,0,0,0,0,0,1,0,1,0,1,0,1,0,1,0,1,0,1,1,0,0,0,1
0,0,0,9,1,1,69.5,653.25,0,1,0,0,0,0,1,0,0,0,1,0,1,0,1,0,0,0,0,0,0,0,1
0,1,1,17,1,1,25.149999618530273,412.6000061035156,0,1,1,0,0,1,0,1,0,1,0,1,0,1,0,1,0,1,0,1,0,0,1
0,0,0,4,1,0,20.950000762939453,85.5,1,0,0,0,0,1,0,1,0,1,0,1,0,1,0,1,0,1,0,0,0,0,0
1,1,0,1,1,1,49.54999923706055,49.54999923706055,1,0,0,0,0,0,1,0,0,0,0,0,0,0,0,0,0,0,0,0,0,1,0
0,1,0,24,1,1,79.6500015258789,1928.699951171875,0,0,1,0,1,0,0,0,0,0,1,0,0,0,0,0,0,0,0,0,0,0,1
1,0,0,1,1,1,71.25,71.25,0,0,0,0,1,0,0,0,0,0,0,0,0,0,0,0,0,0,0,0,0,1,0
1,0,0,72,1,0,113.80000305175781,7845.7998046875,0,1,1,0,1,0,1,0,1,0,1,0,1,0,1,0,1,0,0,1,0,0,0
0,1,0,72,1,0,24.549999237060547,1750.699951171875,0,0,1,0,0,1,0,1,0,1,0,1,0,1,0,1,0,1,0,1,0,1,0
0,0,1,11,1,0,19.700000762939453,216.1999969482422,0,0,0,0,0,1,0,1,0,1,0,1,0,1,0,1,0,1,0,0,1,0,0
0,0,0,9,1,0,20.25,178.5,1,1,0,0,0,1,0,1,0,1,0,1,0,1,0,1,0,1,0,0,0,0,1
1,1,0,2,1,0,50.150001525878906,115.0999984741211,1,0,0,0,0,0,0,0,1,0,0,0,0,0,0,0,0,0,0,0,1,0,0
1,1,0,60,1,1,100.5,6029.0,0,0,1,0,1,0,0,0,0,0,1,0,0,0,1,0,1,0,1,0,1,0,0
1,1,0,29,1,1,95.9000015258789,2745.199951171875,1,1,1,0,1,0,0,0,1,0,1,0,0,0,0,0,1,0,0,0,0,1,0
0,0,0,49,1,1,74.44999694824219,3721.89990234375,0,0,0,0,0,0,0,0,0,0,1,0,1,0,1,0,1,0,0,1,0,0,0
1,0,0,30,1,1,104.0999984741211,3121.10009765625,0,0,1,0,1,0,0,0,1,0,1,0,0,0,1,0,1,0,0,0,0,1,0
0,1,0,53,1,0,19.049999237060547,990.4500122070312,0,0,0,0,0,1,0,1,0,1,0,1,0,1,0,1,0,1,1,0,1,0,0
0,0,1,39,1,0,25.0,1004.3499755859375,0,1,1,0,0,1,0,1,0,1,0,1,0,1,0,1,0,1,0,1,0,0,1
0,0,0,9,1,0,19.049999237060547,157.64999389648438,0,0,0,0,0,1,0,1,0,1,0,1,0,1,0,1,0,1,0,0,0,0,1
0,0,0,39,1,0,81.9000015258789,3219.75,0,1,0,0,1,0,0,0,0,0,1,0,1,0,0,0,0,0,1,0,0,1,0
1,0,0,8,1,1,69.69999694824219,572.8499755859375,0,1,0,0,1,0,0,0,0,0,0,0,0,0,0,0,0,0,0,0,0,1,0
0,1,1,51,1,1,90.1500015258789,4554.85009765625,0,0,1,0,1,0,0,0,0,0,1,0,0,0,0,0,1,0,1,0,0,1,0
0,1,1,71,1,0,25.350000381469727,1847.550048828125,0,1,1,0,0,1,0,1,0,1,0,1,0,1,0,1,0,1,0,1,1,0,0
1,0,0,71,1,1,24.649999618530273,1766.75,0,1,1,0,0,1,0,1,0,1,0,1,0,1,0,1,0,1,0,1,0,0,1
1,1,0,70,1,1,19.549999237060547,1462.050048828125,0,0,0,0,0,1,0,1,0,1,0,1,0,1,0,1,0,1,0,1,1,0,0
1,0,0,1,0,0,25.25,25.25,1,0,0,1,0,0,0,0,0,0,0,0,0,0,0,0,0,0,0,0,0,1,0
0,1,0,38,0,1,60.0,2193.199951171875,0,1,0,1,0,0,1,0,1,0,0,0,1,0,1,0,1,0,0,1,0,0,0
0,1,0,28,1,0,89.9000015258789,2433.5,0,0,0,0,1,0,0,0,1,0,1,0,0,0,0,0,1,0,0,0,1,0,0
0,1,0,32,1,0,19.399999618530273,641.1500244140625,0,0,0,0,0,1,0,1,0,1,0,1,0,1,0,1,0,1,0,0,0,0,0
1,1,0,49,1,0,49.79999923706055,2398.39990234375,0,1,0,0,0,0,0,0,1,0,0,0,0,0,0,0,0,0,0,1,0,0,1
0,1,1,37,1,1,24.100000381469727,861.8499755859375,0,0,1,0,0,1,0,1,0,1,0,1,0,1,0,1,0,1,0,1,0,0,0
0,0,0,10,1,0,54.25,583.0,0,0,0,0,0,0,0,0,0,0,1,0,1,0,0,0,0,0,0,0,0,1,0
0,1,0,67,1,0,109.9000015258789,7332.39990234375,0,1,1,0,1,0,1,0,1,0,1,0,0,0,1,0,1,0,1,0,1,0,0
0,0,0,7,0,1,35.5,249.5500030517578,0,1,0,1,0,0,0,0,0,0,1,0,1,0,0,0,0,0,1,0,1,0,0
0,0,0,51,1,0,87.55000305175781,4475.89990234375,0,0,0,0,1,0,0,0,0,0,0,0,0,0,1,0,1,0,1,0,1,0,0
0,0,0,9,1,0,45.150001525878906,416.45001220703125,1,0,0,0,0,0,0,0,0,0,0,0,0,0,0,0,0,0,0,0,0,1,0
0,0,0,9,1,1,88.4000015258789,788.5999755859375,0,0,0,0,1,0,0,0,0,0,0,0,0,0,1,0,1,0,0,0,0,0,1
0,0,0,4,1,1,50.79999923706055,202.3000030517578,0,1,0,0,0,0,0,0,0,0,0,0,1,0,0,0,0,0,0,0,0,0,1
0,1,0,71,1,1,99.0,6994.60009765625,0,1,1,0,1,0,1,0,1,0,1,0,0,0,1,0,0,0,0,1,0,1,0
0,1,1,50,1,1,84.4000015258789,4116.14990234375,1,0,1,0,1,0,0,0,0,0,0,0,0,0,1,0,0,0,0,0,0,0,0
1,1,1,24,1,1,96.55000305175781,2263.449951171875,0,0,0,0,1,0,0,0,0,0,1,0,0,0,1,0,1,0,0,1,0,1,0
0,1,0,22,1,1,59.75,1374.3499755859375,0,1,0,0,0,0,1,0,0,0,0,0,0,0,1,0,0,0,1,0,0,0,0
0,0,0,44,1,1,111.5,4915.14990234375,0,1,1,0,1,0,1,0,1,0,1,0,0,0,1,0,1,0,0,0,0,1,0
0,1,1,33,1,0,24.25,838.5,0,0,1,0,0,1,0,1,0,1,0,1,0,1,0,1,0,1,0,0,0,0,0
0,0,0,1,1,1,75.0999984741211,75.0999984741211,1,0,1,0,1,0,0,0,0,0,0,0,0,0,0,0,0,0,0,0,0,1,0
0,1,0,54,1,1,70.1500015258789,3715.64990234375,1,0,1,0,0,0,0,0,0,0,0,0,0,0,1,0,1,0,1,0,1,0,0
0,0,0,42,1,1,101.75,4273.4501953125,1,1,1,0,1,0,0,0,1,0,0,0,0,0,1,0,1,0,0,0,0,1,0
0,0,0,1,1,0,45.79999923706055,45.79999923706055,1,0,0,0,0,0,0,0,0,0,0,0,0,0,0,0,0,0,0,0,0,1,0
0,0,0,1,1,0,20.5,20.5,0,0,0,0,0,1,0,1,0,1,0,1,0,1,0,1,0,1,0,0,0,0,1
0,0,0,30,1,0,70.4000015258789,2044.75,0,1,0,0,0,0,1,0,1,0,0,0,1,0,1,0,0,0,1,0,0,1,0
0,0,0,1,0,0,30.549999237060547,30.549999237060547,0,0,0,1,0,0,0,0,0,0,0,0,1,0,0,0,0,0,0,0,0,0,1
0,1,1,16,1,0,84.9000015258789,1398.25,0,1,1,0,0,0,1,0,1,0,0,0,1,0,1,0,1,0,0,0,0,1,0
0,0,0,1,1,1,20.100000381469727,20.100000381469727,1,1,0,0,0,1,0,1,0,1,0,1,0,1,0,1,0,1,0,0,0,0,1
0,1,0,9,0,0,40.650001525878906,328.95001220703125,1,1,0,1,0,0,0,0,0,0,0,0,1,0,1,0,0,0,0,0,0,0,1
1,1,0,46,1,1,101.0,4680.0498046875,1,1,1,0,1,0,0,0,0,0,1,0,0,0,1,0,1,0,0,0,0,1,0
0,0,0,1,1,1,69.0999984741211,69.0999984741211,1,1,0,0,1,0,0,0,0,0,0,0,0,0,0,0,0,0,0,0,0,1,0
0,1,0,71,1,0,54.5,3778.199951171875,0,1,0,0,0,0,1,0,0,0,0,0,1,0,0,0,0,0,0,1,0,0,0
0,0,0,43,1,1,75.3499984741211,3161.39990234375,0,1,1,0,1,0,0,0,0,0,0,0,0,0,0,0,0,0,0,0,1,0,0
0,1,0,50,0,1,44.45000076293945,2188.449951171875,0,1,0,1,0,0,1,0,0,0,0,0,1,0,1,0,0,0,1,0,0,0,0
0,0,0,13,1,1,75.0,999.4500122070312,1,0,1,0,1,0,0,0,0,0,0,0,0,0,0,0,0,0,0,0,0,0,1
0,1,1,19,1,0,100.0,1888.6500244140625,1,1,0,0,1,0,0,0,1,0,0,0,1,0,1,0,1,0,1,0,0,0,0
0,0,0,41,1,0,98.05000305175781,3990.60009765625,0,0,1,0,1,0,0,0,0,0,1,0,0,0,1,0,1,0,0,0,0,0,0
1,0,0,1,1,1,71.1500015258789,71.1500015258789,1,0,0,0,1,0,0,0,0,0,0,0,0,0,0,0,0,0,0,0,0,1,0
0,0,0,24,0,1,54.150001525878906,1240.25,1,0,0,1,0,0,0,0,1,0,1,0,0,0,1,0,1,0,0,0,1,0,0
0,1,0,40,1,0,63.900001525878906,2635.0,0,0,1,0,0,0,0,0,1,0,0,0,0,0,1,0,0,0,1,0,0,0,0
0,1,1,3,1,1,69.1500015258789,235.0,0,0,1,0,0,0,0,0,1,0,1,0,0,0,1,0,0,0,0,0,0,0,0
0,0,0,37,1,0,64.6500015258789,2347.85009765625,0,0,1,0,0,0,1,0,0,0,0,0,0,0,1,0,0,0,1,0,0,0,0
0,1,1,67,1,1,108.75,7156.2001953125,1,0,1,0,1,0,1,0,0,0,1,0,1,0,1,0,1,0,0,1,1,0,0
0,1,1,32,1,1,98.8499984741211,3089.60009765625,0,0,1,0,1,0,0,0,1,0,0,0,0,0,1,0,1,0,0,0,0,1,0
0,1,0,6,1,1,49.150001525878906,270.79998779296875,1,0,0,0,0,0,0,0,0,0,0,0,1,0,0,0,0,0,0,0,0,1,0
0,1,1,32,1,0,89.5999984741211,2901.800048828125,0,0,1,0,1,0,1,0,0,0,0,0,0,0,1,0,0,0,0,0,0,1,0
0,0,0,59,1,1,83.25,4949.10009765625,0,0,1,0,1,0,0,0,1,0,1,0,0,0,0,0,0,0,0,0,0,1,0
0,1,0,30,1,0,70.25,2198.89990234375,0,0,0,0,0,0,0,0,1,0,1,0,1,0,0,0,1,0,1,0,0,0,0
0,0,1,20,1,1,19.399999618530273,374.5,1,1,0,0,0,1,0,1,0,1,0,1,0,1,0,1,0,1,0,0,0,1,0
0,1,1,27,1,0,24.5,761.9500122070312,0,0,1,0,0,1,0,1,0,1,0,1,0,1,0,1,0,1,0,1,0,1,0
1,0,0,20,1,1,79.1500015258789,1520.9000244140625,1,0,1,0,1,0,1,0,0,0,0,0,0,0,0,0,0,0,0,0,0,1,0
0,0,1,9,1,0,20.100000381469727,190.25,0,1,0,0,0,1,0,1,0,1,0,1,0,1,0,1,0,1,1,0,0,0,1
0,1,1,68,1,1,73.0,5163.0,0,0,1,0,0,0,1,0,1,0,1,0,0,0,1,0,0,0,1,0,1,0,0
0,1,1,69,1,0,61.400001525878906,4059.85009765625,0,0,1,0,0,0,1,0,0,0,0,0,1,0,0,0,0,0,0,1,1,0,0
0,0,0,26,1,1,84.30000305175781,2281.60009765625,0,1,1,0,1,0,0,0,0,0,1,0,1,0,0,0,0,0,0,0,0,0,1
0,1,1,69,1,0,19.899999618530273,1356.699951171875,0,1,0,0,0,1,0,1,0,1,0,1,0,1,0,1,0,1,0,1,0,0,0
0,0,0,11,1,0,20.399999618530273,231.4499969482422,0,1,0,0,0,1,0,1,0,1,0,1,0,1,0,1,0,1,0,1,0,0,1
0,0,0,1,1,0,50.75,50.75,0,1,1,0,0,0,0,0,0,0,0,0,0,0,0,0,0,0,0,0,0,0,1
0,1,1,10,1,0,20.450000762939453,242.39999389648438,0,1,0,0,0,1,0,1,0,1,0,1,0,1,0,1,0,1,1,0,0,0,1
0,1,1,55,1,1,75.75,4264.25,0,0,1,0,0,0,1,0,1,0,0,0,1,0,0,0,1,0,1,0,0,0,0
0,0,0,44,1,0,65.4000015258789,2774.550048828125,0,1,0,0,0,0,1,0,0,0,0,0,1,0,1,0,0,0,1,0,0,1,0
1,1,0,46,1,1,80.4000015258789,3605.199951171875,1,1,0,0,1,0,0,0,0,0,0,0,0,0,0,0,1,0,0,0,0,1,0
0,1,1,69,1,1,59.75,4069.89990234375,0,1,0,0,0,0,1,0,1,0,1,0,0,0,0,0,0,0,0,1,0,0,0
1,0,0,11,1,1,78.5,874.2000122070312,0,1,0,0,1,0,0,0,0,0,0,0,0,0,0,0,1,0,0,0,0,1,0
0,1,0,11,1,1,102.0,1145.3499755859375,1,0,1,0,1,0,0,0,1,0,0,0,0,0,1,0,1,0,0,0,0,1,0
0,0,0,29,1,0,48.95000076293945,1323.699951171875,0,1,0,0,0,0,0,0,0,0,1,0,0,0,0,0,0,0,0,0,0,0,0
0,1,0,57,1,1,99.6500015258789,5497.0498046875,0,0,1,0,1,0,1,0,0,0,0,0,0,0,1,0,1,0,0,0,0,1,0
0,0,0,28,1,0,18.25,534.7000122070312,0,1,0,0,0,1,0,1,0,1,0,1,0,1,0,1,0,1,1,0,1,0,0
0,0,0,42,1,0,54.54999923706055,2455.050048828125,0,0,0,0,0,0,1,0,0,0,1,0,0,0,0,0,0,0,0,0,1,0,0
0,0,0,2,1,0,20.649999618530273,38.70000076293945,1,0,0,0,0,1,0,1,0,1,0,1,0,1,0,1,0,1,0,0,0,0,1
0,0,1,23,0,0,40.650001525878906,947.4000244140625,0,1,0,1,0,0,1,0,1,0,0,0,1,0,0,0,0,0,1,0,0,0,0
0,1,1,18,1,0,20.450000762939453,357.0,0,0,0,0,0,1,0,1,0,1,0,1,0,1,0,1,0,1,0,0,0,0,1
0,1,1,62,1,0,24.799999237060547,1476.25,0,1,1,0,0,1,0,1,0,1,0,1,0,1,0,1,0,1,1,0,0,0,0
0,0,0,1,1,1,70.80000305175781,70.80000305175781,1,0,0,0,1,0,0,0,0,0,0,0,0,0,0,0,0,0,0,0,0,0,1
0,0,0,16,1,1,89.05000305175781,1448.5999755859375,1,1,1,0,1,0,0,0,0,0,0,0,1,0,0,0,1,0,0,0,1,0,0
0,0,0,3,1,1,96.5999984741211,291.8999938964844,1,0,1,0,1,0,0,0,0,0,0,0,0,0,1,0,1,0,0,0,0,1,0
0,0,0,67,1,1,88.80000305175781,5903.14990234375,0,1,1,0,0,0,1,0,1,0,1,0,1,0,1,0,1,0,1,0,0,0,0
0,0,0,62,1,1,20.049999237060547,1201.6500244140625,0,1,0,0,0,1,0,1,0,1,0,1,0,1,0,1,0,1,0,1,1,0,0
0,1,0,57,1,1,104.5,5921.35009765625,1,0,1,0,1,0,0,0,1,0,1,0,0,0,1,0,1,0,0,0,1,0,0
0,0,0,2,1,1,69.80000305175781,146.64999389648438,0,1,0,0,1,0,0,0,0,0,0,0,0,0,0,0,0,0,0,0,0,1,0
0,1,1,23,1,1,77.1500015258789,1759.4000244140625,0,0,1,0,0,0,1,0,0,0,1,0,1,0,1,0,0,0,0,1,0,0,0
0,0,1,25,0,0,35.04999923706055,844.4500122070312,0,0,0,1,0,0,1,0,0,0,0,0,1,0,0,0,0,0,0,1,0,0,0
1,0,0,72,1,1,108.0999984741211,7774.0498046875,0,0,1,0,1,0,0,0,1,0,1,0,1,0,1,0,1,0,0,1,0,0,0
0,1,0,2,1,1,84.05000305175781,134.0500030517578,0,0,1,0,1,0,0,0,0,0,0,0,0,0,1,0,0,0,0,0,0,1,0
0,0,0,8,1,1,20.200000762939453,140.9499969482422,0,0,0,0,0,1,0,1,0,1,0,1,0,1,0,1,0,1,1,0,0,0,0
0,0,0,5,1,1,50.599998474121094,249.9499969482422,1,0,1,0,0,0,0,0,0,0,0,0,0,0,0,0,0,0,0,0,0,0,1
0,0,0,35,0,0,49.20000076293945,1701.6500244140625,0,1,0,1,0,0,0,0,0,0,1,0,0,0,1,0,1,0,0,0,0,1,0
0,0,0,24,1,0,24.600000381469727,592.6500244140625,0,1,1,0,0,1,0,1,0,1,0,1,0,1,0,1,0,1,1,0,0,1,0
0,1,1,2,1,1,71.6500015258789,135.75,0,0,0,0,1,0,0,0,0,0,0,0,0,0,0,0,0,0,0,0,0,1,0
0,1,1,72,1,1,104.9000015258789,7732.64990234375,0,1,1,0,1,0,1,0,1,0,1,0,1,0,0,0,1,0,0,1,1,0,0
0,0,0,41,1,1,106.5,4282.39990234375,0,0,1,0,1,0,1,0,1,0,1,0,1,0,1,0,0,0,0,0,0,1,0
0,0,1,4,1,0,49.349998474121094,219.64999389648438,1,1,0,0,0,0,1,0,0,0,0,0,0,0,0,0,0,0,0,0,0,1,0
0,0,0,26,1,0,75.5,2018.0999755859375,0,1,0,0,1,0,0,0,1,0,0,0,0,0,0,0,0,0,1,0,0,0,0
0,0,0,7,1,1,94.25,669.0,1,1,0,0,1,0,0,0,1,0,0,0,0,0,1,0,1,0,0,0,0,1,0
0,1,0,1,1,1,68.94999694824219,68.94999694824219,1,0,0,0,1,0,0,0,0,0,0,0,0,0,0,0,0,0,0,0,0,1,0
0,1,1,4,1,1,58.5,224.85000610351562,0,0,1,0,0,0,0,0,1,0,0,0,1,0,0,0,0,0,0,0,0,0,1
0,0,0,48,1,0,78.9000015258789,3771.5,0,1,0,0,0,0,0,0,1,0,1,0,1,0,1,0,1,0,0,1,1,0,0
1,0,0,2,1,1,93.8499984741211,196.75,1,1,1,0,1,0,0,0,0,0,0,0,0,0,1,0,1,0,0,0,0,1,0
1,1,0,12,1,1,79.19999694824219,943.8499755859375,0,0,0,0,0,0,1,0,0,0,1,0,1,0,1,0,1,0,1,0,0,1,0
0,1,0,60,1,1,109.44999694824219,6572.85009765625,0,1,1,0,1,0,1,0,0,0,1,0,1,0,1,0,1,0,0,0,0,0,0
0,0,0,55,1,1,59.20000076293945,3175.85009765625,0,1,0,0,0,0,1,0,0,0,1,0,1,0,0,0,0,0,0,1,0,1,0
0,0,0,1,0,0,29.149999618530273,29.149999618530273,0,1,0,1,0,0,0,0,0,0,0,0,1,0,0,0,0,0,0,0,0,0,1
0,0,0,1,1,0,20.049999237060547,20.049999237060547,0,1,0,0,0,1,0,1,0,1,0,1,0,1,0,1,0,1,0,0,0,0,1
0,0,0,4,1,1,76.05000305175781,318.8999938964844,1,1,1,0,1,0,0,0,0,0,0,0,0,0,0,0,0,0,0,0,0,1,0
0,0,0,1,0,1,24.450000762939453,24.450000762939453,1,1,0,1,0,0,0,0,0,0,0,0,0,0,0,0,0,0,0,0,0,0,1
0,0,0,42,1,0,66.5,2762.75,0,0,0,0,0,0,0,0,0,0,1,0,1,0,0,0,1,0,0,1,1,0,0
0,0,0,1,1,0,49.54999923706055,49.54999923706055,0,0,0,0,0,0,1,0,0,0,0,0,0,0,0,0,0,0,0,0,0,0,0
0,0,0,7,1,1,89.3499984741211,631.8499755859375,1,1,1,0,1,0,0,0,0,0,1,0,0,0,1,0,0,0,0,0,1,0,0
0,0,0,3,1,1,73.5999984741211,232.5,0,1,0,0,1,0,0,0,0,0,1,0,0,0,0,0,0,0,0,0,1,0,0
0,1,0,72,1,1,82.6500015258789,5919.35009765625,0,0,1,0,0,0,1,0,1,0,1,0,0,0,1,0,1,0,0,1,1,0,0
0,0,0,15,1,1,49.0,749.25,0,1,1,0,0,0,0,0,0,0,0,0,0,0,0,0,0,0,0,0,0,1,0
0,1,0,4,1,1,80.3499984741211,307.3999938964844,1,1,0,0,1,0,0,0,0,0,0,0,0,0,1,0,0,0,0,0,0,1,0
0,0,0,11,1,0,25.200000762939453,245.14999389648438,0,0,1,0,0,1,0,1,0,1,0,1,0,1,0,1,0,1,1,0,0,1,0
0,0,0,5,1,0,25.450000762939453,134.75,0,0,1,0,0,1,0,1,0,1,0,1,0,1,0,1,0,1,0,0,0,0,1
1,0,0,1,1,1,55.79999923706055,55.79999923706055,1,0,0,0,0,0,1,0,0,0,1,0,0,0,0,0,0,0,0,0,0,1,0
0,1,0,72,1,1,110.9000015258789,8240.849609375,0,1,1,0,1,0,1,0,0,0,1,0,1,0,1,0,1,0,0,1,1,0,0
0,1,0,55,1,1,77.75,4266.39990234375,0,0,1,0,1,0,0,0,1,0,0,0,0,0,0,0,0,0,0,0,1,0,0
0,1,1,40,1,1,26.200000762939453,1077.5,0,0,1,0,0,1,0,1,0,1,0,1,0,1,0,1,0,1,0,0,0,1,0
0,1,0,57,1,0,19.899999618530273,1115.5999755859375,0,0,0,0,0,1,0,1,0,1,0,1,0,1,0,1,0,1,0,1,0,0,0
0,0,0,1,1,1,79.05000305175781,79.05000305175781,1,1,0,0,1,0,0,0,0,0,0,0,0,0,1,0,0,0,0,0,0,1,0
0,1,0,1,1,1,95.0,95.0,1,1,0,0,1,0,1,0,0,0,0,0,0,0,1,0,1,0,0,0,0,1,0
0,0,0,1,0,0,25.200000762939453,25.200000762939453,1,0,0,1,0,0,0,0,0,0,0,0,0,0,0,0,0,0,0,0,0,0,1
1,1,1,52,1,1,80.8499984741211,4079.550048828125,0,1,1,0,0,0,0,0,1,0,1,0,0,0,1,0,1,0,1,0,0,1,0
1,0,0,41,1,1,98.4000015258789,4187.75,1,1,1,0,1,0,0,0,0,0,1,0,0,0,1,0,1,0,0,0,0,1,0
0,1,0,43,1,1,56.349998474121094,2391.14990234375,0,1,0,0,0,0,0,0,0,0,0,0,0,0,1,0,0,0,1,0,0,0,1
0,1,1,47,1,0,19.299999237060547,890.5,0,0,0,0,0,1,0,1,0,1,0,1,0,1,0,1,0,1,0,1,0,0,0
0,0,0,3,1,0,50.400001525878906,137.25,0,1,1,0,0,0,0,0,0,0,0,0,0,0,0,0,0,0,0,0,0,0,0
1,1,1,66,1,0,79.4000015258789,5154.60009765625,1,1,1,0,0,0,1,0,1,0,1,0,1,0,1,0,0,0,0,1,1,0,0
0,1,1,55,1,1,55.25,3119.89990234375,0,1,0,0,0,0,0,0,0,0,1,0,1,0,0,0,0,0,0,1,1,0,0
0,0,0,29,1,0,19.100000381469727,529.5,0,1,0,0,0,1,0,1,0,1,0,1,0,1,0,1,0,1,1,0,0,0,1
0,0,1,12,1,1,84.05000305175781,966.5499877929688,0,0,1,0,1,0,0,0,0,0,0,0,0,0,1,0,0,0,0,0,0,1,0
0,1,0,66,1,1,105.19999694824219,6936.85009765625,0,0,1,0,1,0,0,0,1,0,1,0,0,0,1,0,1,0,0,0,0,1,0
1,0,0,35,1,1,101.4000015258789,3496.300048828125,1,1,1,0,1,0,0,0,0,0,1,0,0,0,1,0,1,0,0,0,0,1,0
1,1,0,10,1,1,89.80000305175781,914.2999877929688,1,1,1,0,1,0,0,0,0,0,1,0,0,0,0,0,1,0,0,0,0,1,0
0,1,1,27,1,1,75.75,1929.0,0,1,1,0,1,0,0,0,0,0,0,0,0,0,0,0,0,0,0,0,0,0,0
0,0,0,58,1,1,95.30000305175781,5817.7001953125,0,0,0,0,1,0,0,0,0,0,0,0,1,0,1,0,1,0,0,0,0,1,0
0,1,0,54,1,0,109.75,6110.2001953125,1,1,0,0,1,0,1,0,1,0,1,0,1,0,1,0,1,0,0,1,0,0,0
0,0,0,9,1,0,19.850000381469727,178.8000030517578,0,1,0,0,0,1,0,1,0,1,0,1,0,1,0,1,0,1,0,0,0,0,1
0,0,0,2,1,0,19.299999237060547,28.299999237060547,1,1,0,0,0,1,0,1,0,1,0,1,0,1,0,1,0,1,1,0,1,0,0
0,0,0,6,1,1,69.0999984741211,435.0,0,1,0,0,1,0,0,0,0,0,0,0,0,0,0,0,0,0,0,0,0,1,0
1,0,0,26,1,1,91.25,2351.800048828125,1,0,0,0,1,0,0,0,0,0,0,0,0,0,1,0,1,0,0,0,0,1,0
0,0,0,9,1,0,20.25,186.14999389648438,0,0,0,0,0,1,0,1,0,1,0,1,0,1,0,1,0,1,0,0,0,0,1
0,1,0,8,1,1,54.75,445.8500061035156,0,1,0,0,0,0,0,0,1,0,1,0,0,0,0,0,0,0,0,0,0,0,1
0,0,0,12,1,1,81.44999694824219,912.0,0,1,0,0,1,0,0,0,0,0,0,0,0,0,1,0,0,0,0,0,0,1,0
0,0,0,15,1,1,49.099998474121094,679.5499877929688,1,0,1,0,0,0,0,0,0,0,0,0,0,0,0,0,0,0,0,0,0,1,0
0,1,0,43,1,1,80.19999694824219,3581.60009765625,0,1,1,0,0,0,1,0,0,0,1,0,0,0,1,0,1,0,1,0,0,1,0
0,0,0,42,1,1,100.30000305175781,4222.9501953125,0,1,1,0,1,0,0,0,0,0,0,0,1,0,1,0,1,0,0,0,0,1,0
0,0,0,31,1,0,65.25,1994.300048828125,1,0,1,0,0,0,1,0,0,0,1,0,1,0,0,0,0,0,0,0,1,0,0
0,0,1,66,1,1,90.94999694824219,5930.0498046875,0,0,1,0,1,0,1,0,0,0,1,0,1,0,0,0,0,0,0,1,1,0,0
1,0,0,18,1,1,85.44999694824219,1505.8499755859375,1,0,1,0,1,0,0,0,1,0,0,0,1,0,0,0,0,0,0,0,0,1,0
0,0,0,1,1,0,20.0,20.0,0,1,0,0,0,1,0,1,0,1,0,1,0,1,0,1,0,1,0,0,0,0,1
0,1,0,61,1,1,94.0999984741211,5638.2998046875,1,1,1,0,1,0,0,0,1,0,0,0,1,0,1,0,0,0,0,1,0,1,0
0,0,0,10,1,0,79.8499984741211,797.25,0,1,1,0,1,0,0,0,1,0,0,0,0,0,0,0,0,0,0,0,0,1,0
1,0,0,1,1,1,71.6500015258789,71.6500015258789,1,1,0,0,1,0,0,0,0,0,0,0,0,0,0,0,0,0,0,0,0,1,0
1,0,0,18,1,1,73.55000305175781,1359.449951171875,0,0,0,0,1,0,0,0,1,0,0,0,0,0,0,0,0,0,0,0,0,1,0
0,1,0,24,1,1,104.6500015258789,2542.449951171875,1,1,1,0,1,0,0,0,1,0,1,0,0,0,1,0,1,0,0,0,0,1,0
0,1,1,3,1,0,19.299999237060547,54.70000076293945,0,0,0,0,0,1,0,1,0,1,0,1,0,1,0,1,0,1,0,0,0,0,1
0,0,0,50,1,0,20.149999618530273,989.0499877929688,0,1,0,0,0,1,0,1,0,1,0,1,0,1,0,1,0,1,1,0,1,0,0
0,1,1,1,1,0,44.54999923706055,44.54999923706055,0,1,0,0,0,0,0,0,0,0,0,0,0,0,0,0,0,0,0,0,0,1,0
0,0,0,2,1,1,54.45000076293945,87.30000305175781,0,1,0,0,0,0,1,0,0,0,0,0,1,0,0,0,0,0,0,0,0,0,1
0,0,0,17,1,1,19.649999618530273,351.54998779296875,0,1,0,0,0,1,0,1,0,1,0,1,0,1,0,1,0,1,1,0,0,0,0
0,1,1,69,1,1,105.0,7297.75,0,1,1,0,1,0,0,0,1,0,1,0,0,0,1,0,1,0,0,1,0,1,0
0,1,0,72,1,1,88.69999694824219,6301.7001953125,0,1,1,0,0,0,1,0,1,0,1,0,1,0,1,0,1,0,0,1,1,0,0
0,0,0,3,1,1,74.25,210.3000030517578,1,0,1,0,1,0,0,0,0,0,0,0,0,0,0,0,0,0,0,0,0,1,0
1,1,1,50,1,1,75.1500015258789,3822.449951171875,0,1,1,0,0,0,1,0,1,0,1,0,0,0,0,0,1,0,0,1,0,0,0
0,0,0,53,1,0,20.25,1048.449951171875,0,0,0,0,0,1,0,1,0,1,0,1,0,1,0,1,0,1,0,1,0,0,1
0,1,0,58,1,1,109.0999984741211,6393.64990234375,0,0,1,0,1,0,1,0,1,0,0,0,1,0,1,0,1,0,0,1,1,0,0
0,0,0,46,0,1,30.75,1489.300048828125,0,1,0,1,0,0,1,0,0,0,0,0,0,0,0,0,0,0,1,0,0,0,0
1,1,0,72,1,1,112.9000015258789,8061.5,0,1,1,0,1,0,1,0,1,0,1,0,1,0,1,0,1,0,0,0,1,0,0
1,0,0,1,1,1,74.19999694824219,74.19999694824219,1,0,1,0,1,0,0,0,0,0,0,0,0,0,0,0,0,0,0,0,0,1,0
0,1,1,6,1,1,94.05000305175781,518.75,0,0,1,0,1,0,0,0,1,0,1,0,0,0,1,0,0,0,0,0,0,0,1
0,1,0,72,1,0,78.8499984741211,5763.14990234375,0,1,1,0,0,0,1,0,1,0,1,0,1,0,0,0,1,0,0,1,0,0,0
0,0,0,4,1,1,55.29999923706055,238.5,0,1,0,0,0,0,0,0,0,0,0,0,0,0,0,0,1,0,0,0,0,0,1
0,1,1,52,1,0,19.350000381469727,1031.699951171875,0,0,0,0,0,1,0,1,0,1,0,1,0,1,0,1,0,1,0,1,0,0,1
0,1,1,0,1,0,25.350000381469727,0.0,0,1,1,0,0,1,0,1,0,1,0,1,0,1,0,1,0,1,0,1,0,0,1
0,0,0,2,1,0,20.450000762939453,34.79999923706055,0,0,0,0,0,1,0,1,0,1,0,1,0,1,0,1,0,1,1,0,0,0,1
0,1,0,65,1,0,19.350000381469727,1319.949951171875,0,0,0,0,0,1,0,1,0,1,0,1,0,1,0,1,0,1,0,1,0,0,0
1,1,0,43,1,1,101.0,4388.39990234375,1,1,1,0,1,0,0,0,1,0,0,0,0,0,1,0,1,0,0,0,0,1,0
0,1,0,4,1,1,100.19999694824219,420.20001220703125,1,1,1,0,1,0,0,0,1,0,0,0,0,0,1,0,1,0,0,0,0,1,0
1,1,0,25,1,1,89.05000305175781,2177.449951171875,1,1,1,0,1,0,1,0,0,0,0,0,0,0,0,0,1,0,1,0,0,1,0
0,1,0,51,1,1,78.6500015258789,3950.85009765625,0,0,1,0,0,0,0,0,1,0,0,0,1,0,1,0,1,0,1,0,1,0,0
0,0,0,12,1,0,74.75,827.0499877929688,0,1,1,0,0,0,0,0,0,0,1,0,0,0,1,0,1,0,0,0,0,0,0
0,1,1,57,1,1,70.0999984741211,3913.300048828125,1,0,0,0,0,0,1,0,0,0,0,0,0,0,1,0,1,0,1,0,0,0,0
0,1,1,24,1,0,19.899999618530273,533.5,0,0,0,0,0,1,0,1,0,1,0,1,0,1,0,1,0,1,1,0,0,0,1
0,1,0,64,1,0,58.349998474121094,3756.449951171875,0,0,1,0,0,0,0,0,0,0,1,0,1,0,0,0,0,0,1,0,0,0,0
0,0,0,4,1,1,105.6500015258789,443.8999938964844,1,0,0,0,1,0,0,0,1,0,1,0,1,0,1,0,1,0,1,0,0,1,0
0,0,0,26,1,1,100.5,2599.949951171875,0,0,1,0,1,0,0,0,0,0,1,0,0,0,1,0,1,0,0,0,0,0,0
0,1,1,15,1,0,20.049999237060547,284.29998779296875,0,0,0,0,0,1,0,1,0,1,0,1,0,1,0,1,0,1,0,0,0,0,1
1,1,0,64,1,0,25.649999618530273,1740.800048828125,0,1,1,0,0,1,0,1,0,1,0,1,0,1,0,1,0,1,0,1,1,0,0
1,1,0,36,1,1,96.5,3436.10009765625,1,1,1,0,1,0,0,0,1,0,0,0,0,0,1,0,1,0,0,0,0,1,0
0,1,0,27,1,0,95.0,2462.550048828125,0,0,1,0,1,0,0,0,0,0,0,0,0,0,1,0,1,0,0,0,1,0,0
1,1,0,1,1,0,70.8499984741211,70.8499984741211,1,1,0,0,1,0,0,0,0,0,0,0,0,0,0,0,0,0,0,0,0,0,1
0,0,0,35,1,1,85.94999694824219,3110.10009765625,1,0,1,0,0,0,1,0,0,0,1,0,1,0,1,0,1,0,1,0,1,0,0
0,0,0,4,1,1,73.9000015258789,280.8500061035156,1,1,0,0,1,0,0,0,0,0,1,0,0,0,0,0,0,0,0,0,0,1,0
0,1,1,8,1,1,45.45000076293945,411.75,0,0,0,0,0,0,0,0,0,0,0,0,0,0,0,0,0,0,0,0,0,1,0
0,0,0,10,1,1,20.0,198.60000610351562,0,1,0,0,0,1,0,1,0,1,0,1,0,1,0,1,0,1,0,0,1,0,0
0,0,0,2,1,0,49.20000076293945,103.69999694824219,0,0,0,0,0,0,0,0,1,0,0,0,0,0,0,0,0,0,0,0,0,0,1
0,1,0,58,1,1,109.44999694824219,6144.5498046875,1,0,1,0,1,0,1,0,1,0,1,0,0,0,1,0,1,0,0,1,0,0,0
0,1,0,51,1,1,83.25,4089.449951171875,0,1,0,0,0,0,1,0,1,0,1,0,1,0,1,0,1,0,0,1,1,0,0
0,1,1,46,1,1,19.25,864.2000122070312,0,0,0,0,0,1,0,1,0,1,0,1,0,1,0,1,0,1,0,1,0,0,1
0,0,0,1,1,1,19.649999618530273,19.649999618530273,0,1,0,0,0,1,0,1,0,1,0,1,0,1,0,1,0,1,0,0,0,0,0
0,0,0,46,1,0,72.80000305175781,3249.39990234375,0,1,1,0,1,0,0,0,0,0,0,0,0,0,0,0,0,0,0,0,0,0,0
0,1,0,50,1,1,109.6500015258789,5405.7998046875,0,0,1,0,1,0,1,0,1,0,0,0,1,0,1,0,1,0,0,0,0,0,0
0,1,1,53,1,0,65.0,3363.800048828125,0,1,0,0,0,0,0,0,1,0,0,0,1,0,1,0,0,0,0,0,1,0,0
0,1,0,61,1,1,114.0999984741211,7132.14990234375,0,1,1,0,1,0,0,0,1,0,1,0,1,0,1,0,1,0,0,0,0,1,0
0,0,0,5,1,0,20.649999618530273,93.55000305175781,0,1,0,0,0,1,0,1,0,1,0,1,0,1,0,1,0,1,0,0,0,0,0
0,0,0,47,1,1,86.94999694824219,4138.89990234375,0,1,0,0,0,0,1,0,1,0,1,0,1,0,1,0,1,0,1,0,0,0,0
0,0,0,54,1,1,94.75,5121.75,0,0,1,0,1,0,0,0,1,0,1,0,0,0,1,0,0,0,1,0,0,0,0
0,0,1,19,0,1,25.350000381469727,566.0999755859375,0,1,0,1,0,0,0,0,0,0,0,0,0,0,0,0,0,0,0,0,1,0,0
0,0,1,26,1,1,105.44999694824219,2715.300048828125,0,0,0,0,1,0,0,0,1,0,1,0,1,0,1,0,1,0,0,1,0,1,0
0,1,1,70,1,0,25.399999618530273,1782.050048828125,0,1,1,0,0,1,0,1,0,1,0,1,0,1,0,1,0,1,0,1,0,0,1
0,1,0,17,1,1,102.55000305175781,1742.5,0,1,1,0,1,0,0,0,1,0,1,0,0,0,1,0,1,0,0,0,0,1,0
0,0,0,30,1,1,100.19999694824219,2983.800048828125,1,0,1,0,1,0,0,0,1,0,0,0,0,0,1,0,1,0,0,0,0,1,0
0,0,1,1,1,0,24.0,24.0,0,0,1,0,0,1,0,1,0,1,0,1,0,1,0,1,0,1,0,0,0,0,1
0,1,1,19,1,0,25.600000381469727,485.8999938964844,0,0,1,0,0,1,0,1,0,1,0,1,0,1,0,1,0,1,0,1,0,0,1
0,1,0,26,1,1,73.5,1905.699951171875,0,0,0,0,0,0,0,0,1,0,1,0,0,0,1,0,1,0,0,1,1,0,0
0,1,1,21,1,1,74.05000305175781,1565.699951171875,1,0,0,0,1,0,0,0,1,0,0,0,0,0,0,0,0,0,0,0,0,0,0
0,1,0,50,1,1,98.25,4858.7001953125,0,1,1,0,1,0,0,0,1,0,0,0,0,0,1,0,1,0,1,0,0,1,0
0,1,0,68,0,1,54.400001525878906,3723.64990234375,0,0,0,1,0,0,1,0,0,0,1,0,0,0,1,0,1,0,1,0,0,1,0
0,0,0,3,1,1,101.55000305175781,298.3500061035156,1,1,1,0,1,0,0,0,0,0,1,0,0,0,1,0,1,0,0,0,0,0,0
0,1,1,9,1,0,103.0999984741211,970.4500122070312,0,1,0,0,1,0,0,0,0,0,1,0,1,0,1,0,1,0,0,0,0,1,0
0,1,1,51,0,0,34.20000076293945,1782.0,0,0,0,1,0,0,1,0,0,0,0,0,1,0,0,0,0,0,0,1,0,0,0
0,0,0,9,1,1,43.75,405.70001220703125,0,0,0,0,0,0,0,0,0,0,0,0,0,0,0,0,0,0,0,0,0,1,0
1,1,1,41,1,1,111.94999694824219,4534.89990234375,1,1,1,0,1,0,0,0,1,0,1,0,1,0,1,0,1,0,1,0,0,1,0
0,0,0,22,1,1,100.6500015258789,2415.949951171875,0,1,1,0,1,0,0,0,1,0,0,0,0,0,1,0,1,0,0,0,0,1,0
0,1,1,21,0,1,55.95000076293945,1157.050048828125,1,0,0,1,0,0,1,0,0,0,1,0,0,0,1,0,1,0,1,0,0,1,0
0,1,1,71,1,1,116.05000305175781,8297.5,0,1,1,0,1,0,1,0,1,0,1,0,1,0,1,0,1,0,0,1,0,0,0
0,0,0,1,1,0,45.75,45.75,1,1,0,0,0,0,0,0,0,0,0,0,0,0,0,0,0,0,0,0,0,1,0
0,1,1,26,1,1,82.0,2083.10009765625,0,1,1,0,0,0,0,0,0,0,1,0,1,0,1,0,1,0,1,0,1,0,0
0,1,0,71,1,0,65.1500015258789,4681.75,0,1,1,0,0,0,1,0,1,0,0,0,1,0,0,0,0,0,0,1,0,0,0
0,0,0,4,1,1,44.79999923706055,176.1999969482422,0,1,0,0,0,0,0,0,0,0,0,0,0,0,0,0,0,0,0,0,1,0,0
0,0,0,12,1,1,79.80000305175781,1001.2000122070312,0,0,1,0,1,0,1,0,0,0,0,0,0,0,0,0,0,0,0,0,0,1,0
0,1,0,18,1,1,88.8499984741211,1594.75,0,0,1,0,1,0,0,0,0,0,0,0,1,0,1,0,0,0,0,0,0,1,0
0,0,0,3,1,1,74.94999694824219,212.39999389648438,0,0,1,0,1,0,0,0,0,0,0,0,0,0,0,0,0,0,0,0,0,1,0
1,1,0,72,1,1,106.8499984741211,7677.39990234375,0,0,1,0,1,0,1,0,1,0,0,0,0,0,1,0,1,0,1,0,0,0,0
0,0,0,11,1,0,74.94999694824219,815.5,1,1,0,0,1,0,0,0,1,0,0,0,0,0,0,0,0,0,0,0,0,1,0
0,0,0,1,1,0,80.1500015258789,80.1500015258789,1,0,0,0,1,0,0,0,0,0,0,0,0,0,0,0,1,0,0,0,1,0,0
0,0,0,13,1,0,19.299999237060547,259.6499938964844,0,1,0,0,0,1,0,1,0,1,0,1,0,1,0,1,0,1,1,0,1,0,0
0,1,0,72,1,1,109.25,8109.7998046875,1,0,1,0,1,0,0,0,1,0,1,0,1,0,1,0,1,0,1,0,0,1,0
0,1,0,42,1,0,56.099998474121094,2386.85009765625,0,1,1,0,0,0,1,0,0,0,0,0,0,0,0,0,0,0,1,0,1,0,0
0,0,0,17,1,0,19.700000762939453,340.3500061035156,0,0,0,0,0,1,0,1,0,1,0,1,0,1,0,1,0,1,0,0,1,0,0
1,0,0,7,1,1,51.29999923706055,419.3500061035156,0,0,0,0,0,0,0,0,1,0,0,0,0,0,0,0,0,0,0,0,0,0,1
0,1,0,68,1,0,118.5999984741211,7990.0498046875,0,0,1,0,1,0,1,0,1,0,1,0,1,0,1,0,1,0,0,1,0,0,1
0,1,1,56,1,0,24.149999618530273,1402.25,0,1,1,0,0,1,0,1,0,1,0,1,0,1,0,1,0,1,0,1,0,0,0
0,1,1,38,1,0,20.299999237060547,749.3499755859375,0,0,0,0,0,1,0,1,0,1,0,1,0,1,0,1,0,1,1,0,0,0,1
0,1,1,72,1,1,115.5,8425.150390625,0,0,1,0,1,0,1,0,1,0,1,0,1,0,1,0,1,0,0,1,0,1,0
0,0,0,48,1,0,25.049999237060547,1171.5,0,0,1,0,0,1,0,1,0,1,0,1,0,1,0,1,0,1,1,0,1,0,0
1,1,0,52,1,1,109.0999984741211,5647.9501953125,0,0,1,0,1,0,1,0,1,0,1,0,0,0,1,0,1,0,0,0,0,1,0
0,1,1,35,1,0,19.649999618530273,708.7999877929688,0,0,0,0,0,1,0,1,0,1,0,1,0,1,0,1,0,1,1,0,0,0,1
0,1,0,67,1,1,111.30000305175781,7567.2001953125,0,1,1,0,1,0,0,0,1,0,1,0,1,0,1,0,1,0,0,1,0,0,0
0,0,0,1,0,0,29.899999618530273,29.899999618530273,0,0,0,1,0,0,1,0,0,0,0,0,0,0,0,0,0,0,0,0,0,0,1
0,0,0,53,1,1,80.5999984741211,4348.10009765625,0,1,0,0,1,0,0,0,1,0,0,0,1,0,0,0,0,0,0,0,0,0,1
0,1,1,34,1,0,20.799999237060547,635.9000244140625,0,1,0,0,0,1,0,1,0,1,0,1,0,1,0,1,0,1,0,0,0,0,1
0,0,0,3,0,0,35.20000076293945,108.94999694824219,1,0,0,1,0,0,0,0,0,0,0,0,0,0,1,0,0,0,0,0,1,0,0
0,1,0,1,1,0,78.80000305175781,78.80000305175781,1,0,0,0,1,0,0,0,0,0,0,0,0,0,1,0,0,0,0,0,0,1,0
0,0,0,19,1,0,89.94999694824219,1682.4000244140625,0,1,0,0,1,0,0,0,0,0,1,0,1,0,1,0,0,0,0,0,0,0,1
1,1,0,60,1,1,116.05000305175781,6925.89990234375,0,0,1,0,1,0,1,0,1,0,1,0,1,0,1,0,1,0,0,1,0,0,0
0,0,0,11,1,0,19.549999237060547,223.14999389648438,0,1,0,0,0,1,0,1,0,1,0,1,0,1,0,1,0,1,0,1,1,0,0
0,0,0,47,1,1,106.4000015258789,5127.9501953125,1,0,1,0,1,0,0,0,1,0,1,0,0,0,1,0,1,0,0,0,0,1,0
0,0,0,18,1,0,49.400001525878906,874.7999877929688,1,1,0,0,0,0,1,0,0,0,0,0,0,0,0,0,0,0,0,0,0,1,0
0,1,1,60,1,0,115.25,6758.4501953125,0,0,1,0,1,0,1,0,1,0,1,0,1,0,1,0,1,0,0,1,1,0,0
0,1,0,72,1,0,24.799999237060547,1874.300048828125,0,1,1,0,0,1,0,1,0,1,0,1,0,1,0,1,0,1,0,1,1,0,0
0,0,0,39,1,0,19.899999618530273,791.1500244140625,0,1,0,0,0,1,0,1,0,1,0,1,0,1,0,1,0,1,1,0,0,0,1
0,1,0,59,1,1,81.25,4639.4501953125,0,0,0,0,1,0,1,0,0,0,1,0,0,0,0,0,0,0,1,0,1,0,0
0,1,1,2,1,0,69.94999694824219,143.89999389648438,0,1,0,0,1,0,0,0,0,0,0,0,0,0,0,0,0,0,0,0,0,0,1
1,0,0,1,1,0,69.0999984741211,69.0999984741211,1,1,0,0,1,0,0,0,0,0,0,0,0,0,0,0,0,0,0,0,0,1,0
0,1,1,20,1,1,90.19999694824219,1776.550048828125,1,1,0,0,1,0,0,0,0,0,0,0,0,0,1,0,1,0,0,0,0,1,0
0,0,0,6,1,1,93.55000305175781,536.4000244140625,1,0,1,0,1,0,0,0,0,0,0,0,0,0,1,0,1,0,0,0,0,0,0
0,0,0,71,1,1,86.4000015258789,6172.0,0,1,1,0,1,0,0,0,0,0,1,0,1,0,0,0,0,0,0,1,1,0,0
0,1,0,24,1,0,66.30000305175781,1559.449951171875,0,0,1,0,0,0,1,0,1,0,1,0,0,0,0,0,0,0,0,0,0,0,1
1,1,0,67,1,1,94.6500015258789,6079.0,0,1,1,0,1,0,0,0,0,0,0,0,0,0,1,0,1,0,0,0,1,0,0
0,0,0,1,1,1,80.8499984741211,80.8499984741211,1,1,0,0,1,0,0,0,0,0,0,0,0,0,0,0,1,0,0,0,0,0,1
0,1,1,48,1,1,82.05000305175781,4029.949951171875,1,0,1,0,1,0,0,0,0,0,0,0,0,0,0,0,1,0,1,0,0,0,1
0,1,0,37,1,0,72.0999984741211,2658.39990234375,0,0,1,0,0,0,0,0,1,0,0,0,1,0,0,0,1,0,1,0,0,0,1
0,0,0,11,0,0,34.70000076293945,383.54998779296875,0,1,0,1,0,0,0,0,1,0,1,0,0,0,0,0,0,0,0,0,0,0,1
0,1,0,3,1,1,20.549999237060547,51.150001525878906,1,1,0,0,0,1,0,1,0,1,0,1,0,1,0,1,0,1,0,0,1,0,0
0,1,0,18,1,1,95.94999694824219,1745.5,0,0,0,0,1,0,0,0,0,0,1,0,0,0,1,0,1,0,0,0,1,0,0
0,1,1,50,1,1,44.79999923706055,2230.85009765625,0,1,0,0,0,0,0,0,0,0,0,0,0,0,0,0,0,0,1,0,0,0,0
0,1,1,67,1,1,109.4000015258789,7281.60009765625,0,0,1,0,1,0,1,0,0,0,1,0,1,0,1,0,1,0,1,0,0,1,0
0,1,0,25,1,1,71.05000305175781,1837.699951171875,0,0,0,0,0,0,1,0,1,0,0,0,1,0,0,0,1,0,0,0,0,0,1
1,0,0,2,1,1,78.55000305175781,149.5500030517578,1,0,1,0,1,0,0,0,0,0,1,0,0,0,0,0,0,0,0,0,0,1,0
0,0,0,9,1,0,19.700000762939453,180.6999969482422,0,1,0,0,0,1,0,1,0,1,0,1,0,1,0,1,0,1,0,0,1,0,0
0,0,1,10,0,0,40.25,411.45001220703125,0,0,0,1,0,0,1,0,1,0,0,0,1,0,0,0,0,0,1,0,0,0,1
0,1,0,70,1,0,19.850000381469727,1328.3499755859375,0,0,0,0,0,1,0,1,0,1,0,1,0,1,0,1,0,1,0,1,1,0,0
0,0,0,9,1,1,68.25,576.9500122070312,0,1,0,0,0,0,1,0,0,0,1,0,1,0,0,0,1,0,0,0,0,0,0
0,0,0,4,1,1,20.149999618530273,68.44999694824219,0,0,0,0,0,1,0,1,0,1,0,1,0,1,0,1,0,1,0,0,1,0,0
0,0,0,2,1,0,50.95000076293945,123.05000305175781,0,0,0,0,0,0,1,0,0,0,0,0,0,0,0,0,0,0,0,0,0,0,1
0,0,1,1,1,0,78.6500015258789,78.6500015258789,1,0,0,0,1,0,0,0,0,0,0,0,0,0,0,0,1,0,0,0,0,1,0
0,0,0,19,0,1,25.149999618530273,468.3500061035156,0,1,0,1,0,0,0,0,0,0,0,0,0,0,0,0,0,0,0,0,0,0,0
0,1,1,7,1,1,20.25,174.6999969482422,0,1,0,0,0,1,0,1,0,1,0,1,0,1,0,1,0,1,0,0,0,0,0
0,0,0,1,1,1,42.900001525878906,42.900001525878906,1,1,0,0,0,0,0,0,0,0,0,0,0,0,0,0,0,0,0,0,0,1,0
1,0,0,1,1,0,44.0,44.0,0,1,0,0,0,0,0,0,0,0,0,0,0,0,0,0,0,0,0,0,0,1,0
0,1,1,9,1,0,20.25,172.35000610351562,0,0,0,0,0,1,0,1,0,1,0,1,0,1,0,1,0,1,1,0,0,0,1
0,0,0,3,0,0,34.25,139.35000610351562,1,0,0,1,0,0,1,0,0,0,0,0,1,0,0,0,0,0,0,0,0,0,1
0,0,0,9,0,0,58.5,539.8499755859375,1,0,0,1,0,0,1,0,0,0,1,0,1,0,1,0,1,0,0,0,0,0,1
0,0,0,5,1,0,55.79999923706055,300.3999938964844,0,0,0,0,0,0,1,0,0,0,1,0,0,0,0,0,0,0,0,0,1,0,0
0,1,1,56,1,0,88.9000015258789,4968.0,0,0,0,0,1,0,0,0,0,0,0,0,0,0,1,0,1,0,1,0,0,0,0
0,0,1,18,1,0,57.650001525878906,992.7000122070312,0,0,1,0,0,0,1,0,0,0,0,0,0,0,0,0,0,0,0,0,0,0,1
1,0,0,49,1,1,96.19999694824219,4718.25,1,1,1,0,1,0,0,0,0,0,0,0,0,0,1,0,1,0,0,0,0,1,0
0,1,0,70,1,0,79.1500015258789,5536.5,0,1,1,0,0,0,1,0,1,0,1,0,1,0,1,0,0,0,0,1,0,0,1
0,0,0,72,1,1,108.05000305175781,7806.60009765625,0,0,1,0,1,0,0,0,1,0,1,0,1,0,1,0,1,0,0,1,1,0,0
1,0,0,6,1,0,74.4000015258789,434.1000061035156,1,0,0,0,1,0,0,0,0,0,1,0,0,0,0,0,0,0,0,0,0,1,0
1,1,0,17,1,1,94.80000305175781,1563.9000244140625,0,1,1,0,1,0,0,0,0,0,0,0,0,0,1,0,1,0,0,0,0,1,0
0,1,0,29,0,1,45.900001525878906,1332.4000244140625,0,1,0,1,0,0,0,0,0,0,0,0,0,0,1,0,1,0,0,0,0,1,0
0,1,0,6,1,1,105.30000305175781,545.2000122070312,1,0,1,0,1,0,0,0,1,0,1,0,0,0,1,0,1,0,0,0,0,1,0
0,1,0,63,1,0,102.5999984741211,6296.75,0,1,1,0,1,0,0,0,0,0,1,0,0,0,1,0,1,0,0,1,0,1,0
0,1,0,16,1,1,73.8499984741211,1284.199951171875,1,1,1,0,1,0,0,0,0,0,0,0,0,0,0,0,0,0,0,0,0,0,0
0,0,0,59,1,1,61.349998474121094,3645.5,0,1,0,0,0,0,0,0,0,0,1,0,0,0,0,0,1,0,1,0,0,0,0
0,0,0,3,1,0,57.54999923706055,161.4499969482422,0,0,0,0,0,0,0,0,0,0,1,0,0,0,1,0,0,0,0,0,0,1,0
0,0,0,8,0,1,29.25,226.9499969482422,0,0,0,1,0,0,0,0,1,0,0,0,0,0,0,0,0,0,0,0,0,0,1
1,1,0,7,1,1,84.55000305175781,646.8499755859375,1,0,1,0,1,0,0,0,0,0,0,0,0,0,0,0,1,0,0,0,0,1,0
0,0,0,68,1,0,19.600000381469727,1441.6500244140625,0,0,0,0,0,1,0,1,0,1,0,1,0,1,0,1,0,1,0,1,1,0,0
0,1,1,68,1,0,111.75,7511.2998046875,0,0,1,0,1,0,1,0,0,0,1,0,1,0,1,0,1,0,0,1,1,0,0
1,1,0,52,1,1,106.5,5621.85009765625,0,0,1,0,1,0,0,0,1,0,1,0,0,0,1,0,1,0,1,0,0,1,0
0,1,1,72,1,1,107.69999694824219,7919.7998046875,0,1,1,0,1,0,1,0,1,0,0,0,1,0,1,0,1,0,0,1,1,0,0
0,1,0,32,1,0,19.299999237060547,593.2000122070312,0,0,0,0,0,1,0,1,0,1,0,1,0,1,0,1,0,1,1,0,0,0,1
0,1,0,72,1,0,20.049999237060547,1423.6500244140625,0,0,0,0,0,1,0,1,0,1,0,1,0,1,0,1,0,1,0,1,0,0,0
0,1,1,1,1,1,69.94999694824219,69.94999694824219,0,1,0,0,1,0,0,0,0,0,0,0,0,0,0,0,0,0,0,0,1,0,0
0,1,1,42,1,0,63.70000076293945,2763.35009765625,0,1,0,0,0,0,1,0,0,0,0,0,1,0,0,0,1,0,1,0,1,0,0
0,0,0,25,1,0,24.75,692.0999755859375,1,0,1,0,0,1,0,1,0,1,0,1,0,1,0,1,0,1,0,1,1,0,0
0,0,0,45,1,1,50.900001525878906,2298.550048828125,0,1,0,0,0,0,1,0,0,0,0,0,0,0,0,0,0,0,0,0,0,0,0
0,1,1,43,0,1,60.400001525878906,2640.550048828125,0,0,0,1,0,0,1,0,0,0,1,0,1,0,1,0,1,0,1,0,1,0,0
0,1,0,37,1,0,79.25,2911.800048828125,0,1,1,0,0,0,1,0,0,0,1,0,0,0,1,0,1,0,1,0,0,0,1
1,0,0,20,1,1,85.80000305175781,1727.5,1,0,1,0,1,0,0,0,0,0,0,0,0,0,0,0,1,0,0,0,1,0,0
0,0,0,4,0,1,24.450000762939453,86.5999984741211,1,0,0,1,0,0,0,0,0,0,0,0,0,0,0,0,0,0,0,0,0,1,0
0,1,0,63,1,1,110.0999984741211,6705.7001953125,0,1,0,0,1,0,1,0,1,0,1,0,1,0,1,0,1,0,0,1,1,0,0
0,0,0,3,1,0,90.69999694824219,237.64999389648438,0,1,0,0,1,0,0,0,0,0,0,0,0,0,1,0,1,0,0,0,0,0,1
0,1,1,66,1,1,25.299999237060547,1672.3499755859375,0,1,1,0,0,1,0,1,0,1,0,1,0,1,0,1,0,1,0,1,1,0,0
0,0,0,28,1,1,105.69999694824219,2979.5,1,1,1,0,1,0,0,0,1,0,1,0,0,0,1,0,1,0,0,0,0,1,0
1,0,0,8,1,0,85.19999694824219,695.75,0,0,1,0,1,0,0,0,0,0,0,0,0,0,0,0,1,0,0,0,0,1,0
0,0,1,71,1,0,24.350000381469727,1654.5999755859375,0,1,1,0,0,1,0,1,0,1,0,1,0,1,0,1,0,1,0,1,0,0,1
0,0,0,1,0,1,24.25,24.25,1,1,0,1,0,0,0,0,0,0,0,0,0,0,0,0,0,0,0,0,0,1,0
0,1,1,72,1,0,25.100000381469727,1857.8499755859375,0,0,1,0,0,1,0,1,0,1,0,1,0,1,0,1,0,1,0,1,0,0,0
1,1,0,16,1,1,54.54999923706055,825.0999755859375,0,1,0,0,0,0,1,0,1,0,0,0,0,0,0,0,0,0,0,0,0,0,0
0,1,0,66,1,0,96.5999984741211,6424.25,0,1,1,0,1,0,1,0,1,0,1,0,1,0,0,0,0,0,0,1,0,0,1
0,0,0,11,1,1,76.5,837.9500122070312,1,0,1,0,1,0,0,0,0,0,0,0,0,0,0,0,0,0,0,0,0,1,0
0,0,0,51,1,1,81.1500015258789,4126.2001953125,0,1,1,0,0,0,1,0,1,0,1,0,1,0,1,0,0,0,1,0,1,0,0
0,0,1,8,0,1,38.5,330.79998779296875,0,0,0,1,0,0,1,0,0,0,0,0,0,0,0,0,1,0,0,0,0,1,0
0,0,0,14,1,1,92.9000015258789,1337.449951171875,0,1,0,0,1,0,0,0,0,0,0,0,0,0,1,0,1,0,0,0,0,1,0
0,0,0,4,1,1,93.5,362.20001220703125,1,0,1,0,1,0,0,0,1,0,0,0,1,0,0,0,1,0,0,0,0,1,0
0,0,0,70,1,0,84.69999694824219,5991.0498046875,0,0,1,0,0,0,1,0,1,0,1,0,0,0,1,0,1,0,0,1,0,0,1
0,0,1,70,1,0,66.0,4891.5,0,0,1,0,0,0,1,0,1,0,0,0,1,0,0,0,0,0,0,1,0,1,0
1,1,0,54,1,1,101.5,5373.10009765625,1,0,1,0,1,0,0,0,1,0,0,0,0,0,1,0,1,0,1,0,1,0,0
0,0,1,28,1,1,74.9000015258789,2068.550048828125,1,1,0,0,1,0,1,0,0,0,0,0,0,0,0,0,0,0,0,0,0,0,0
0,0,0,24,1,0,20.75,487.04998779296875,0,1,0,0,0,1,0,1,0,1,0,1,0,1,0,1,0,1,0,1,0,0,1
0,1,0,69,1,1,61.45000076293945,4131.2001953125,0,0,0,0,0,0,0,0,1,0,0,0,0,0,0,0,1,0,0,1,1,0,0
0,1,1,42,1,0,54.5,2301.14990234375,0,1,0,0,0,0,1,0,1,0,0,0,0,0,0,0,0,0,0,0,0,0,1
1,0,0,2,1,1,69.5999984741211,131.64999389648438,1,0,0,0,1,0,0,0,0,0,0,0,0,0,0,0,0,0,0,0,0,1,0
1,0,0,39,1,1,99.75,4036.0,0,0,1,0,1,0,0,0,0,0,1,0,0,0,1,0,1,0,0,0,0,1,0
0,1,1,45,1,1,109.75,4900.64990234375,0,1,1,0,1,0,0,0,1,0,1,0,1,0,1,0,1,0,0,1,0,0,0
0,1,1,72,1,1,80.8499984741211,5727.4501953125,0,1,1,0,0,0,1,0,1,0,1,0,1,0,1,0,0,0,0,1,0,0,0
0,0,0,38,1,0,20.299999237060547,743.0499877929688,0,0,0,0,0,1,0,1,0,1,0,1,0,1,0,1,0,1,0,1,0,0,1
0,1,0,72,1,1,67.80000305175781,4804.64990234375,0,1,1,0,0,0,1,0,1,0,1,0,1,0,0,0,0,0,0,1,0,0,0
0,0,0,1,1,1,24.049999237060547,24.049999237060547,1,1,1,0,0,1,0,1,0,1,0,1,0,1,0,1,0,1,0,0,0,0,1
0,1,1,72,1,1,19.799999237060547,1414.6500244140625,0,1,0,0,0,1,0,1,0,1,0,1,0,1,0,1,0,1,0,1,1,0,0
0,1,0,55,1,0,25.700000762939453,1443.6500244140625,0,1,1,0,0,1,0,1,0,1,0,1,0,1,0,1,0,1,0,1,0,0,0
0,1,1,51,0,1,56.150001525878906,2898.949951171875,0,0,0,1,0,0,0,0,0,0,1,0,1,0,1,0,1,0,1,0,0,1,0
0,0,0,63,1,1,86.69999694824219,5309.5,0,1,0,0,0,0,1,0,1,0,1,0,1,0,1,0,1,0,0,1,0,0,0
0,0,0,1,1,0,20.399999618530273,20.399999618530273,0,0,0,0,0,1,0,1,0,1,0,1,0,1,0,1,0,1,0,0,0,0,1
0,1,1,23,1,1,19.649999618530273,451.54998779296875,0,0,0,0,0,1,0,1,0,1,0,1,0,1,0,1,0,1,0,1,0,0,1
0,0,0,1,1,0,50.54999923706055,50.54999923706055,1,0,0,0,0,0,0,0,1,0,0,0,0,0,0,0,0,0,0,0,0,1,0
0,0,0,2,1,1,54.349998474121094,117.05000305175781,0,0,1,0,0,0,0,0,0,0,0,0,1,0,0,0,0,0,0,0,0,0,1
1,0,0,52,1,0,108.0999984741211,5839.2998046875,0,0,1,0,1,0,1,0,1,0,1,0,0,0,1,0,1,0,0,0,1,0,0
0,0,0,36,1,0,54.45000076293945,1893.5,0,0,1,0,0,0,1,0,0,0,0,0,0,0,0,0,0,0,1,0,0,0,1
0,0,0,1,1,0,45.349998474121094,45.349998474121094,0,0,0,0,0,0,0,0,0,0,0,0,0,0,0,0,0,0,0,0,0,0,1
0,0,0,28,1,0,59.0,1654.449951171875,0,0,1,0,0,0,1,0,0,0,1,0,0,0,0,0,0,0,1,0,0,0,1
0,1,1,7,1,0,69.44999694824219,477.04998779296875,0,0,0,0,0,0,1,0,1,0,1,0,0,0,1,0,0,0,1,0,0,1,0
0,0,0,14,1,1,100.55000305175781,1415.550048828125,1,1,1,0,1,0,0,0,1,0,0,0,0,0,1,0,1,0,0,0,0,1,0
1,1,0,72,0,1,64.94999694824219,4546.0,0,1,0,1,0,0,1,0,1,0,1,0,1,0,1,0,1,0,0,1,1,0,0
0,1,1,1,1,1,20.5,20.5,1,0,0,0,0,1,0,1,0,1,0,1,0,1,0,1,0,1,0,0,0,0,1
0,0,0,10,1,0,18.850000381469727,163.1999969482422,0,0,0,0,0,1,0,1,0,1,0,1,0,1,0,1,0,1,0,0,0,0,1
0,0,0,42,1,0,19.799999237060547,849.9000244140625,0,1,0,0,0,1,0,1,0,1,0,1,0,1,0,1,0,1,1,0,0,0,0
0,0,0,7,0,0,25.049999237060547,189.9499969482422,0,0,0,1,0,0,0,0,0,0,0,0,0,0,0,0,0,0,0,0,0,0,0
0,0,0,4,1,1,74.80000305175781,321.8999938964844,1,1,0,0,1,0,0,0,0,0,1,0,0,0,0,0,0,0,0,0,0,0,0
0,1,1,72,1,1,114.30000305175781,8058.5498046875,0,1,1,0,1,0,1,0,1,0,1,0,1,0,1,0,1,0,0,1,1,0,0
0,1,0,20,0,1,24.450000762939453,482.79998779296875,1,0,0,1,0,0,0,0,0,0,0,0,0,0,0,0,0,0,0,0,0,1,0
0,0,0,63,1,0,109.19999694824219,7049.75,0,1,0,0,1,0,1,0,1,0,1,0,1,0,1,0,1,0,0,1,1,0,0
0,0,0,56,0,0,45.04999923706055,2560.10009765625,0,0,0,1,0,0,1,0,1,0,1,0,1,0,0,0,0,0,0,1,0,0,0
0,0,1,5,1,1,51.0,286.79998779296875,0,0,0,0,0,0,0,0,0,0,0,0,1,0,0,0,0,0,0,0,0,0,1
0,1,0,72,1,1,110.44999694824219,7982.5,0,0,1,0,1,0,0,0,1,0,1,0,1,0,1,0,1,0,0,1,0,0,0
1,1,1,68,1,1,84.6500015258789,5683.60009765625,0,1,1,0,1,0,0,0,1,0,1,0,0,0,0,0,0,0,0,0,0,1,0
0,1,1,67,1,0,60.04999923706055,3994.050048828125,0,1,0,0,0,0,1,0,1,0,0,0,1,0,0,0,0,0,1,0,0,0,1
0,1,1,8,1,0,44.650001525878906,369.1499938964844,0,1,0,0,0,0,0,0,0,0,0,0,0,0,0,0,0,0,0,0,0,0,0
0,1,1,52,1,1,93.25,4631.7001953125,0,1,1,0,1,0,0,0,1,0,0,0,1,0,0,0,1,0,0,0,0,0,0
0,1,1,18,1,1,20.25,401.95001220703125,0,0,0,0,0,1,0,1,0,1,0,1,0,1,0,1,0,1,0,0,0,0,1
0,1,1,59,1,0,25.450000762939453,1534.050048828125,0,0,1,0,0,1,0,1,0,1,0,1,0,1,0,1,0,1,0,1,0,0,1
0,0,0,60,1,0,20.600000381469727,1093.0,0,0,0,0,0,1,0,1,0,1,0,1,0,1,0,1,0,1,0,1,0,0,1
0,0,0,7,1,1,94.0999984741211,701.2999877929688,0,1,1,0,1,0,0,0,0,0,0,0,0,0,1,0,1,0,0,0,0,1,0
0,1,1,59,0,0,34.79999923706055,1980.300048828125,0,1,0,1,0,0,1,0,0,0,1,0,0,0,0,0,0,0,1,0,0,0,1
0,0,0,46,0,1,60.75,2893.39990234375,0,1,0,1,0,0,1,0,0,0,1,0,1,0,1,0,1,0,0,1,0,0,0
0,0,0,5,1,1,51.349998474121094,262.29998779296875,0,1,0,0,0,0,0,0,1,0,0,0,0,0,0,0,0,0,0,0,0,1,0
1,1,0,59,0,1,64.05000305175781,3886.85009765625,0,1,0,1,0,0,1,0,0,0,1,0,1,0,1,0,1,0,0,1,1,0,0
0,1,0,70,1,1,84.80000305175781,5917.5498046875,0,0,1,0,0,0,0,0,1,0,1,0,1,0,1,0,1,0,0,1,0,0,0
0,0,0,14,1,1,71.0,914.0,1,0,0,0,1,0,0,0,0,0,0,0,0,0,0,0,0,0,0,0,1,0,0
0,0,0,44,1,1,50.150001525878906,2139.10009765625,0,0,1,0,0,0,0,0,0,0,0,0,0,0,0,0,0,0,0,0,0,0,1
0,1,0,64,1,1,94.5999984741211,5948.7001953125,0,0,1,0,1,0,1,0,0,0,1,0,0,0,1,0,0,0,0,1,1,0,0
0,1,1,58,0,0,59.75,3624.35009765625,0,0,0,1,0,0,1,0,0,0,1,0,1,0,1,0,1,0,0,1,0,0,1
1,1,0,46,1,0,100.25,4753.85009765625,0,0,1,0,1,0,0,0,0,0,0,0,1,0,1,0,1,0,1,0,0,1,0
1,1,0,58,1,1,98.9000015258789,5780.7001953125,0,1,1,0,1,0,0,0,1,0,0,0,0,0,1,0,1,0,0,0,0,1,0
0,1,0,72,1,1,97.69999694824219,6869.7001953125,0,0,1,0,1,0,0,0,1,0,0,0,0,0,1,0,1,0,0,1,1,0,0
1,0,0,30,0,1,40.29999923706055,1172.949951171875,1,0,0,1,0,0,0,0,0,0,1,0,0,0,1,0,0,0,0,0,0,1,0
1,0,0,11,1,0,60.25,662.9500122070312,0,1,1,0,0,0,1,0,1,0,0,0,0,0,0,0,0,0,0,0,0,0,0
1,0,0,34,0,1,56.25,1765.949951171875,0,0,0,1,0,0,0,0,1,0,1,0,0,0,1,0,1,0,0,0,0,1,0
0,0,0,54,0,0,46.20000076293945,2431.949951171875,0,1,0,1,0,0,1,0,1,0,0,0,0,0,0,0,1,0,0,1,0,0,0
0,0,0,3,0,1,50.599998474121094,155.35000610351562,1,0,0,1,0,0,0,0,1,0,0,0,0,0,1,0,1,0,0,0,0,1,0
0,1,1,72,1,0,24.899999618530273,1859.199951171875,0,0,1,0,0,1,0,1,0,1,0,1,0,1,0,1,0,1,0,1,0,0,1
0,1,1,40,1,1,84.8499984741211,3303.050048828125,1,0,1,0,1,0,0,0,0,0,1,0,1,0,0,0,0,0,0,0,0,1,0
0,1,1,2,1,0,65.69999694824219,134.35000610351562,1,0,0,0,0,0,0,0,0,0,0,0,0,0,1,0,1,0,0,0,0,0,1
0,1,1,54,1,0,63.349998474121094,3409.10009765625,0,1,1,0,0,0,0,0,0,0,1,0,0,0,0,0,1,0,0,1,1,0,0
0,0,0,14,1,0,50.099998474121094,709.5,0,0,0,0,0,0,1,0,0,0,0,0,0,0,0,0,0,0,0,0,0,0,0
0,0,0,1,1,0,70.5,70.5,1,0,0,0,1,0,0,0,0,0,0,0,0,0,0,0,0,0,0,0,0,1,0
0,0,0,10,1,1,94.8499984741211,953.4500122070312,1,0,1,0,1,0,0,0,1,0,1,0,0,0,0,0,1,0,0,0,0,1,0
0,0,0,1,1,0,50.150001525878906,50.150001525878906,0,0,0,0,0,0,1,0,0,0,0,0,0,0,0,0,0,0,0,0,0,1,0
0,0,0,1,1,0,19.75,19.75,1,1,0,0,0,1,0,1,0,1,0,1,0,1,0,1,0,1,0,0,0,0,1
0,0,0,56,1,1,64.6500015258789,3665.550048828125,0,1,1,0,0,0,1,0,1,0,0,0,1,0,0,0,0,0,1,0,0,0,0
0,1,0,68,1,1,79.5999984741211,5515.7998046875,0,0,0,0,0,0,1,0,1,0,0,0,1,0,1,0,1,0,0,1,0,0,0
0,1,1,14,1,1,19.5,272.0,0,0,0,0,0,1,0,1,0,1,0,1,0,1,0,1,0,1,1,0,0,0,1
0,1,1,68,1,1,99.55000305175781,6668.0,0,1,0,0,1,0,1,0,0,0,0,0,1,0,1,0,1,0,0,1,0,1,0
1,1,0,55,1,1,74.0,4052.39990234375,0,1,1,0,1,0,0,0,0,0,0,0,0,0,0,0,0,0,0,0,0,1,0
0,0,0,16,0,1,38.900001525878906,664.4000244140625,0,0,0,1,0,0,1,0,0,0,0,0,0,0,1,0,0,0,0,0,0,1,0
1,0,0,9,1,1,79.55000305175781,718.5499877929688,0,1,0,0,1,0,0,0,0,0,0,0,0,0,0,0,1,0,0,0,0,1,0
0,1,1,14,1,1,65.44999694824219,937.5999755859375,1,1,0,0,0,0,1,0,1,0,0,0,0,0,1,0,0,0,0,0,0,1,0
1,1,0,58,1,1,98.69999694824219,5812.60009765625,1,1,1,0,1,0,0,0,0,0,1,0,0,0,1,0,1,0,0,0,0,1,0
0,0,0,53,0,1,46.29999923706055,2546.85009765625,0,1,0,1,0,0,1,0,1,0,0,0,0,0,0,0,1,0,0,0,0,0,0
0,1,0,70,1,1,99.3499984741211,6944.5,0,1,1,0,1,0,1,0,1,0,1,0,0,0,1,0,0,0,0,1,1,0,0
1,1,1,14,1,1,95.80000305175781,1346.300048828125,0,0,1,0,1,0,0,0,0,0,0,0,0,0,1,0,1,0,0,0,0,1,0
0,1,1,22,1,1,67.5,1544.050048828125,1,1,0,0,0,0,1,0,0,0,1,0,1,0,1,0,0,0,1,0,0,0,0
0,1,0,10,1,1,78.1500015258789,765.1500244140625,0,0,1,0,1,0,1,0,0,0,0,0,0,0,0,0,0,0,0,0,1,0,0
0,1,1,29,1,0,26.100000381469727,692.5499877929688,0,0,1,0,0,1,0,1,0,1,0,1,0,1,0,1,0,1,0,1,0,0,1
0,0,0,1,1,1,69.5999984741211,69.5999984741211,1,0,0,0,1,0,0,0,0,0,0,0,0,0,0,0,0,0,0,0,0,1,0
0,1,0,49,1,0,84.3499984741211,4059.35009765625,1,1,1,0,0,0,1,0,0,0,1,0,1,0,1,0,1,0,1,0,0,1,0
1,1,0,68,1,1,100.19999694824219,6851.64990234375,1,0,1,0,1,0,0,0,1,0,0,0,0,0,1,0,1,0,0,0,0,1,0
0,0,0,1,1,0,78.05000305175781,78.05000305175781,1,0,0,0,1,0,0,0,0,0,0,0,0,0,1,0,0,0,0,0,0,1,0
0,0,0,30,0,1,40.349998474121094,1187.050048828125,0,0,0,1,0,0,0,0,0,0,0,0,1,0,0,0,1,0,1,0,1,0,0
0,1,0,72,1,0,79.19999694824219,5401.89990234375,0,0,1,0,0,0,1,0,1,0,1,0,1,0,1,0,0,0,0,1,1,0,0
0,0,0,10,1,1,20.899999618530273,247.0,0,0,0,0,0,1,0,1,0,1,0,1,0,1,0,1,0,1,0,0,0,0,1
0,0,0,7,1,0,73.5999984741211,520.0,1,1,1,0,1,0,0,0,0,0,0,0,0,0,0,0,0,0,0,0,0,1,0
0,0,0,9,1,1,74.75,706.5999755859375,1,0,1,0,1,0,0,0,0,0,0,0,0,0,0,0,0,0,0,0,0,1,0
0,0,1,1,1,0,49.900001525878906,49.900001525878906,0,0,0,0,0,0,1,0,0,0,0,0,0,0,0,0,0,0,0,0,0,0,1
0,0,0,20,1,1,68.9000015258789,1370.3499755859375,0,0,1,0,0,0,0,0,1,0,0,0,1,0,0,0,1,0,0,0,1,0,0
0,0,0,1,1,1,20.25,20.25,0,0,0,0,0,1,0,1,0,1,0,1,0,1,0,1,0,1,0,0,0,0,1
0,0,0,29,1,1,76.0,2215.25,0,0,1,0,1,0,0,0,0,0,0,0,0,0,0,0,0,0,0,0,1,0,0
0,0,0,1,1,0,74.0,74.0,0,1,0,0,1,0,0,0,0,0,0,0,1,0,0,0,0,0,0,0,0,1,0
0,0,0,3,1,1,82.30000305175781,214.39999389648438,0,1,0,0,1,0,1,0,0,0,0,0,1,0,0,0,0,0,0,0,0,0,1
0,0,0,20,1,1,89.4000015258789,1871.1500244140625,0,0,0,0,1,0,1,0,0,0,1,0,0,0,1,0,0,0,0,0,0,0,0
0,0,1,64,1,1,99.1500015258789,6171.2001953125,0,1,0,0,1,0,0,0,1,0,0,0,1,0,1,0,1,0,0,0,1,0,0
0,0,0,1,1,1,20.200000762939453,20.200000762939453,1,1,0,0,0,1,0,1,0,1,0,1,0,1,0,1,0,1,0,0,0,0,1
0,0,0,6,0,0,29.450000762939453,161.4499969482422,0,0,0,1,0,0,1,0,0,0,0,0,0,0,0,0,0,0,0,0,0,0,0
0,1,0,50,1,0,19.799999237060547,1013.2000122070312,0,1,0,0,0,1,0,1,0,1,0,1,0,1,0,1,0,1,0,1,0,1,0
0,0,0,6,1,1,59.150001525878906,336.70001220703125,0,1,0,0,0,0,1,0,0,0,0,0,0,0,0,0,1,0,0,0,0,0,0
0,1,1,7,1,0,44.75,333.6499938964844,0,1,0,0,0,0,0,0,0,0,0,0,0,0,0,0,0,0,0,0,0,1,0
0,1,1,72,1,1,90.80000305175781,6511.7998046875,0,1,1,0,1,0,0,0,0,0,1,0,0,0,0,0,1,0,0,1,1,0,0
0,1,0,8,1,1,49.54999923706055,393.45001220703125,0,1,0,0,0,0,0,0,1,0,0,0,0,0,0,0,0,0,0,0,0,0,0
0,1,1,67,1,0,106.69999694824219,7009.5,0,0,1,0,1,0,1,0,0,0,0,0,1,0,1,0,1,0,0,1,1,0,0
1,1,0,24,1,1,93.55000305175781,2264.050048828125,1,0,1,0,1,0,0,0,0,0,0,0,0,0,1,0,1,0,0,0,0,1,0
0,1,0,72,1,1,94.44999694824219,6921.7001953125,0,0,1,0,1,0,1,0,1,0,0,0,0,0,0,0,1,0,0,1,1,0,0
0,1,1,33,1,1,19.450000762939453,600.25,0,1,0,0,0,1,0,1,0,1,0,1,0,1,0,1,0,1,1,0,0,0,0
0,0,0,2,0,1,25.049999237060547,56.349998474121094,1,1,0,1,0,0,0,0,0,0,0,0,0,0,0,0,0,0,0,0,0,1,0
0,1,0,70,1,0,67.94999694824219,4664.14990234375,0,1,0,0,0,0,1,0,1,0,0,0,1,0,0,0,1,0,0,1,0,0,1
0,0,0,22,1,0,65.25,1441.800048828125,0,0,0,0,0,0,0,0,1,0,1,0,0,0,1,0,0,0,1,0,0,0,0
0,0,0,59,1,1,99.44999694824219,5623.7001953125,0,0,1,0,1,0,1,0,1,0,1,0,0,0,0,0,1,0,0,0,0,0,0
0,0,0,36,1,1,20.350000381469727,695.8499755859375,0,1,0,0,0,1,0,1,0,1,0,1,0,1,0,1,0,1,1,0,1,0,0
0,1,1,51,1,0,19.950000762939453,1028.75,0,0,0,0,0,1,0,1,0,1,0,1,0,1,0,1,0,1,0,1,0,0,1
0,1,0,53,1,0,77.4000015258789,4155.9501953125,0,1,1,0,0,0,1,0,0,0,1,0,1,0,1,0,0,0,1,0,0,0,0
0,1,1,20,1,0,19.700000762939453,395.6000061035156,0,0,0,0,0,1,0,1,0,1,0,1,0,1,0,1,0,1,1,0,0,0,0
0,1,0,63,1,0,99.69999694824219,6330.39990234375,0,1,0,0,1,0,1,0,0,0,1,0,0,0,1,0,1,0,0,1,1,0,0
0,0,0,40,1,0,74.80000305175781,2971.699951171875,0,0,0,0,1,0,0,0,1,0,0,0,0,0,0,0,0,0,0,0,1,0,0
0,0,0,35,1,1,19.149999618530273,638.0,0,1,0,0,0,1,0,1,0,1,0,1,0,1,0,1,0,1,1,0,0,0,1
0,1,1,26,1,0,78.94999694824219,2034.25,0,1,0,0,1,0,0,0,0,0,0,0,0,0,0,0,1,0,1,0,0,0,0
1,1,0,27,1,1,95.55000305175781,2510.199951171875,1,1,1,0,1,0,0,0,1,0,1,0,0,0,0,0,1,0,0,0,0,1,0
0,0,1,53,1,0,62.849998474121094,3419.5,0,1,0,0,0,0,1,0,1,0,0,0,1,0,0,0,0,0,1,0,1,0,0
1,1,0,34,1,0,71.55000305175781,2427.35009765625,0,1,0,0,1,0,0,0,0,0,0,0,0,0,0,0,0,0,0,0,1,0,0
1,1,0,19,1,1,94.94999694824219,1760.25,0,0,1,0,1,0,0,0,0,0,0,0,0,0,1,0,1,0,0,0,0,1,0
0,1,0,43,1,1,86.0999984741211,3551.64990234375,0,1,0,0,1,0,1,0,1,0,1,0,0,0,0,0,0,0,0,0,1,0,0
0,1,1,6,1,0,19.549999237060547,122.9000015258789,0,1,0,0,0,1,0,1,0,1,0,1,0,1,0,1,0,1,0,0,0,0,1
0,0,1,56,1,1,24.799999237060547,1424.199951171875,0,1,1,0,0,1,0,1,0,1,0,1,0,1,0,1,0,1,0,1,0,0,1
0,0,0,57,0,1,39.29999923706055,2111.449951171875,1,1,0,1,0,0,0,0,1,0,0,0,0,0,1,0,0,0,0,0,0,1,0
0,1,1,34,1,1,84.05000305175781,2909.949951171875,0,1,0,0,1,0,0,0,0,0,1,0,0,0,1,0,0,0,0,0,0,0,1
0,0,0,10,0,0,36.25,374.0,0,0,0,1,0,0,0,0,1,0,0,0,1,0,0,0,0,0,0,0,0,1,0
0,0,0,1,1,1,20.25,20.25,1,0,0,0,0,1,0,1,0,1,0,1,0,1,0,1,0,1,0,0,0,0,1
0,0,0,13,0,1,23.899999618530273,300.79998779296875,1,0,0,1,0,0,0,0,0,0,0,0,0,0,0,0,0,0,0,0,0,1,0
0,0,0,56,1,0,98.5999984741211,5581.0498046875,0,1,1,0,1,0,0,0,1,0,0,0,0,0,1,0,1,0,0,0,0,1,0
0,1,0,55,1,1,103.6500015258789,5676.64990234375,0,0,1,0,1,0,0,0,1,0,1,0,0,0,1,0,1,0,0,0,1,0,0
0,1,1,36,1,1,92.9000015258789,3379.25,0,0,1,0,0,0,1,0,1,0,1,0,1,0,1,0,1,0,0,1,1,0,0
0,1,0,47,1,0,19.899999618530273,942.9500122070312,0,1,0,0,0,1,0,1,0,1,0,1,0,1,0,1,0,1,1,0,0,0,0
0,1,1,12,1,1,20.100000381469727,232.39999389648438,0,0,0,0,0,1,0,1,0,1,0,1,0,1,0,1,0,1,0,0,1,0,0
0,0,0,1,1,1,85.44999694824219,85.44999694824219,1,0,0,0,1,0,0,0,0,0,1,0,0,0,1,0,0,0,0,0,0,1,0
1,0,0,24,1,1,80.5,2088.449951171875,0,1,1,0,1,0,0,0,1,0,0,0,0,0,0,0,0,0,0,0,0,1,0
0,0,0,63,1,0,99.9000015258789,6137.0,1,0,1,0,1,0,0,0,1,0,0,0,0,0,1,0,1,0,1,0,0,0,0
1,0,0,35,0,1,39.849998474121094,1434.5999755859375,0,0,0,1,0,0,0,0,0,0,1,0,0,0,1,0,0,0,0,0,0,1,0
0,0,0,67,1,0,60.5,3870.0,0,0,0,0,0,0,1,0,1,0,0,0,1,0,0,0,0,0,1,0,1,0,0
0,0,0,25,1,1,84.80000305175781,2043.449951171875,1,1,1,0,1,0,0,0,0,0,0,0,0,0,0,0,1,0,0,0,0,1,0
0,0,0,21,1,0,103.8499984741211,2215.0,0,1,1,0,1,0,1,0,0,0,1,0,0,0,1,0,1,0,0,0,0,0,1
0,0,0,13,1,0,67.80000305175781,842.25,0,0,0,0,0,0,1,0,1,0,0,0,1,0,0,0,1,0,0,0,0,0,0
0,1,0,35,1,1,75.19999694824219,2576.199951171875,1,1,1,0,1,0,0,0,0,0,0,0,0,0,0,0,0,0,0,0,0,1,0
1,1,0,71,1,0,24.850000381469727,1901.0,0,1,1,0,0,1,0,1,0,1,0,1,0,1,0,1,0,1,0,1,0,0,0
0,0,0,29,1,0,19.350000381469727,601.5999755859375,0,0,0,0,0,1,0,1,0,1,0,1,0,1,0,1,0,1,0,0,1,0,0
0,1,0,71,0,0,49.349998474121094,3515.25,1,1,0,1,0,0,0,0,1,0,0,0,0,0,1,0,1,0,0,1,0,1,0
1,1,0,7,1,1,89.0,605.4500122070312,0,1,0,0,1,0,0,0,0,0,0,0,0,0,1,0,1,0,0,0,0,1,0
1,0,0,57,0,1,55.0,3094.050048828125,0,0,0,1,0,0,0,0,1,0,1,0,0,0,1,0,1,0,0,0,0,1,0
0,1,0,65,1,0,76.1500015258789,4929.5498046875,0,1,1,0,0,0,1,0,0,0,1,0,1,0,0,0,1,0,0,1,0,0,0
0,0,0,27,1,0,20.299999237060547,595.0499877929688,0,1,0,0,0,1,0,1,0,1,0,1,0,1,0,1,0,1,1,0,0,0,1
0,0,0,6,1,1,74.9000015258789,469.79998779296875,1,1,1,0,1,0,0,0,0,0,0,0,0,0,0,0,0,0,0,0,0,1,0
1,0,0,72,1,1,117.3499984741211,8436.25,0,0,1,0,1,0,1,0,1,0,1,0,1,0,1,0,1,0,0,1,1,0,0
0,0,0,1,1,1,19.75,19.75,0,1,0,0,0,1,0,1,0,1,0,1,0,1,0,1,0,1,0,0,0,0,1
0,0,0,11,1,0,45.20000076293945,492.0,0,1,0,0,0,0,0,0,0,0,0,0,0,0,0,0,0,0,0,0,1,0,0
0,1,1,39,1,0,25.200000762939453,987.9500122070312,0,1,1,0,0,1,0,1,0,1,0,1,0,1,0,1,0,1,0,1,0,0,1
1,0,0,59,1,1,89.75,5496.89990234375,0,0,1,0,1,0,1,0,1,0,1,0,0,0,0,0,0,0,0,0,0,1,0
0,0,0,26,1,0,75.0,1908.3499755859375,0,1,0,0,0,0,1,0,0,0,0,0,1,0,1,0,1,0,1,0,0,0,0
1,0,0,2,1,0,49.95000076293945,107.0999984741211,0,1,0,0,0,0,0,0,0,0,1,0,0,0,0,0,0,0,0,0,0,0,1
0,1,1,72,0,0,65.69999694824219,4575.35009765625,0,0,0,1,0,0,1,0,1,0,1,0,1,0,1,0,1,0,0,1,0,0,0
0,1,0,65,1,0,67.05000305175781,4309.5498046875,0,1,1,0,0,0,1,0,1,0,1,0,0,0,0,0,0,0,1,0,1,0,0
0,1,1,72,1,0,110.9000015258789,7922.75,0,1,1,0,1,0,0,0,1,0,1,0,1,0,1,0,1,0,0,1,1,0,0
0,0,0,6,1,1,87.94999694824219,522.3499755859375,0,1,1,0,1,0,0,0,0,0,0,0,1,0,0,0,1,0,0,0,0,0,0
1,0,0,32,1,0,19.799999237060547,587.7000122070312,0,1,0,0,0,1,0,1,0,1,0,1,0,1,0,1,0,1,1,0,1,0,0
0,1,0,50,1,0,75.69999694824219,3876.199951171875,0,0,1,0,0,0,0,0,0,0,1,0,0,0,1,0,1,0,1,0,0,0,0
0,1,0,61,0,1,62.150001525878906,3778.85009765625,0,1,0,1,0,0,1,0,0,0,1,0,1,0,1,0,1,0,0,1,0,0,1
0,0,0,15,1,1,101.25,1457.25,1,0,0,0,1,0,0,0,1,0,1,0,0,0,1,0,1,0,0,0,0,1,0
0,1,0,72,1,0,115.1500015258789,8349.4501953125,0,1,1,0,1,0,1,0,1,0,1,0,1,0,1,0,1,0,0,1,0,0,0
0,0,0,9,1,1,18.950000762939453,185.60000610351562,1,1,0,0,0,1,0,1,0,1,0,1,0,1,0,1,0,1,0,0,0,0,1
0,0,0,1,1,0,19.5,19.5,0,0,0,0,0,1,0,1,0,1,0,1,0,1,0,1,0,1,0,0,0,0,1
0,0,0,12,1,1,86.55000305175781,1066.9000244140625,0,0,1,0,1,0,0,0,0,0,0,0,0,0,0,0,1,0,0,0,0,1,0
0,0,0,37,0,0,28.600000381469727,973.5499877929688,1,0,0,1,0,0,0,0,0,0,0,0,1,0,0,0,0,0,0,0,1,0,0
0,1,1,61,1,0,20.399999618530273,1226.449951171875,0,1,0,0,0,1,0,1,0,1,0,1,0,1,0,1,0,1,1,0,0,0,1
0,1,1,18,1,0,19.799999237060547,342.29998779296875,0,1,0,0,0,1,0,1,0,1,0,1,0,1,0,1,0,1,1,0,0,0,0
0,0,1,21,1,0,45.650001525878906,985.0499877929688,0,1,0,0,0,0,0,0,0,0,0,0,0,0,0,0,0,0,0,0,0,0,1
0,1,1,68,0,1,56.400001525878906,3948.449951171875,0,1,0,1,0,0,1,0,1,0,1,0,1,0,0,0,1,0,0,1,0,0,1
1,0,0,12,1,1,73.30000305175781,828.0499877929688,0,1,1,0,1,0,0,0,0,0,0,0,0,0,0,0,0,0,0,0,1,0,0
1,0,0,2,0,0,24.350000381469727,41.849998474121094,1,0,0,1,0,0,0,0,0,0,0,0,0,0,0,0,0,0,0,0,0,1,0
0,1,0,62,1,1,101.3499984741211,6164.7001953125,0,0,1,0,1,0,0,0,0,0,1,0,0,0,1,0,1,0,0,0,0,1,0
1,0,0,29,1,0,98.6500015258789,2862.75,1,0,1,0,1,0,0,0,0,0,0,0,1,0,1,0,1,0,0,0,0,1,0
0,0,1,1,0,0,33.599998474121094,33.599998474121094,0,1,0,1,0,0,0,0,1,0,0,0,1,0,0,0,0,0,0,0,0,0,1
1,1,0,5,1,1,79.9000015258789,343.95001220703125,1,1,1,0,1,0,0,0,0,0,1,0,0,0,0,0,0,0,0,0,0,0,0
0,0,0,1,1,0,20.700000762939453,20.700000762939453,0,0,0,0,0,1,0,1,0,1,0,1,0,1,0,1,0,1,0,0,0,1,0
0,0,1,62,1,1,104.05000305175781,6590.5,0,1,1,0,1,0,0,0,0,0,1,0,1,0,1,0,1,0,0,1,0,1,0
0,1,1,36,1,0,20.25,717.9500122070312,0,0,0,0,0,1,0,1,0,1,0,1,0,1,0,1,0,1,0,1,0,0,0
1,0,0,28,1,1,103.30000305175781,2890.64990234375,1,0,1,0,1,0,0,0,0,0,1,0,1,0,1,0,1,0,0,0,0,1,0
0,1,1,69,1,0,73.69999694824219,4885.85009765625,0,0,1,0,0,0,1,0,1,0,0,0,1,0,1,0,0,0,1,0,1,0,0
0,1,0,11,1,1,96.19999694824219,1222.050048828125,1,0,1,0,1,0,1,0,0,0,0,0,1,0,1,0,0,0,0,0,1,0,0
0,1,0,63,1,1,108.75,6871.7001953125,0,0,1,0,1,0,0,0,1,0,1,0,1,0,1,0,1,0,0,0,0,1,0
0,0,0,23,1,0,20.149999618530273,405.6000061035156,0,1,0,0,0,1,0,1,0,1,0,1,0,1,0,1,0,1,1,0,0,0,0
0,0,0,10,1,0,19.75,208.25,0,1,0,0,0,1,0,1,0,1,0,1,0,1,0,1,0,1,0,0,1,0,0
0,1,0,71,1,1,25.950000762939453,1801.9000244140625,0,0,1,0,0,1,0,1,0,1,0,1,0,1,0,1,0,1,0,1,1,0,0
1,0,0,45,1,1,70.05000305175781,3062.449951171875,0,0,1,0,0,0,1,0,0,0,0,0,1,0,0,0,1,0,0,0,0,1,0
0,1,1,70,1,0,24.049999237060547,1764.75,0,0,1,0,0,1,0,1,0,1,0,1,0,1,0,1,0,1,0,1,0,0,1
0,0,1,22,1,1,84.75,1816.75,0,0,1,0,1,0,0,0,0,0,0,0,0,0,0,0,1,0,0,0,0,1,0
0,1,1,52,1,0,23.049999237060547,1255.0999755859375,0,0,1,0,0,1,0,1,0,1,0,1,0,1,0,1,0,1,0,1,0,0,1
0,1,0,55,1,1,104.1500015258789,5743.0498046875,1,1,1,0,1,0,0,0,0,0,1,0,1,0,1,0,1,0,1,0,0,1,0
0,0,0,65,0,0,59.95000076293945,3921.10009765625,0,0,0,1,0,0,1,0,0,0,1,0,1,0,1,0,1,0,0,1,1,0,0
0,1,1,72,1,0,19.549999237060547,1463.449951171875,0,0,0,0,0,1,0,1,0,1,0,1,0,1,0,1,0,1,0,1,0,0,0
0,1,0,10,1,0,19.600000381469727,189.4499969482422,0,1,0,0,0,1,0,1,0,1,0,1,0,1,0,1,0,1,1,0,0,0,0
0,0,1,7,1,0,20.049999237060547,96.80000305175781,0,0,0,0,0,1,0,1,0,1,0,1,0,1,0,1,0,1,1,0,0,0,1
1,0,0,5,1,1,85.55000305175781,408.5,0,1,0,0,1,0,0,0,1,0,0,0,0,0,0,0,1,0,0,0,0,1,0
0,1,1,24,1,0,78.5999984741211,1846.6500244140625,0,0,1,0,0,0,1,0,0,0,1,0,0,0,1,0,1,0,0,1,1,0,0
0,1,1,72,1,1,116.80000305175781,8456.75,0,0,1,0,1,0,1,0,1,0,1,0,1,0,1,0,1,0,0,1,1,0,0
0,0,0,21,0,1,43.54999923706055,1011.5,0,1,0,1,0,0,1,0,0,0,0,0,1,0,1,0,0,0,0,0,0,0,1
0,1,0,69,0,1,60.79999923706055,4263.39990234375,0,1,0,1,0,0,0,0,1,0,1,0,1,0,1,0,1,0,1,0,1,0,0
0,1,1,44,1,1,54.900001525878906,2549.10009765625,0,1,0,0,0,0,0,0,1,0,0,0,1,0,0,0,0,0,0,0,0,0,0
1,1,1,61,1,1,65.19999694824219,3965.050048828125,0,0,1,0,0,0,0,0,0,0,1,0,0,0,1,0,0,0,1,0,0,1,0
1,0,0,24,1,1,102.94999694824219,2496.699951171875,1,1,1,0,1,0,0,0,1,0,1,0,0,0,1,0,1,0,0,0,1,0,0
0,0,0,1,1,0,90.5999984741211,90.5999984741211,1,0,0,0,1,0,0,0,0,0,0,0,0,0,1,0,1,0,0,0,0,1,0
0,0,0,6,1,1,50.79999923706055,288.04998779296875,1,0,0,0,0,0,0,0,0,0,0,0,1,0,0,0,0,0,0,0,0,0,0
0,0,0,4,1,1,90.05000305175781,368.1000061035156,1,1,1,0,1,0,0,0,1,0,0,0,0,0,0,0,1,0,0,0,0,1,0
0,1,0,72,1,1,108.19999694824219,7840.60009765625,0,1,1,0,1,0,0,0,1,0,1,0,1,0,1,0,1,0,0,1,0,1,0
0,0,0,72,1,0,92.0,6632.75,0,1,1,0,0,0,1,0,1,0,1,0,1,0,1,0,1,0,0,1,0,0,0
1,1,0,14,1,1,75.0999984741211,1013.3499755859375,0,1,1,0,1,0,0,0,0,0,0,0,0,0,0,0,0,0,0,0,0,1,0
0,0,0,7,1,1,25.049999237060547,152.9499969482422,0,1,1,0,0,1,0,1,0,1,0,1,0,1,0,1,0,1,0,0,0,0,0
0,0,0,48,1,0,75.1500015258789,3772.64990234375,0,0,0,0,1,0,0,0,1,0,0,0,0,0,0,0,0,0,1,0,0,1,0
0,1,1,55,1,0,19.5,1026.3499755859375,0,1,0,0,0,1,0,1,0,1,0,1,0,1,0,1,0,1,1,0,0,0,1
0,0,0,1,1,0,19.299999237060547,19.299999237060547,0,1,0,0,0,1,0,1,0,1,0,1,0,1,0,1,0,1,0,0,1,0,0
0,0,0,45,1,0,112.19999694824219,5031.85009765625,0,1,0,0,1,0,1,0,1,0,1,0,1,0,1,0,1,0,1,0,1,0,0
0,0,0,3,1,1,70.30000305175781,220.39999389648438,0,1,0,0,1,0,0,0,0,0,0,0,0,0,0,0,0,0,0,0,0,0,1
0,1,0,71,1,0,19.600000381469727,1416.5,0,0,0,0,0,1,0,1,0,1,0,1,0,1,0,1,0,1,0,1,0,0,1
0,1,0,8,1,0,20.25,158.35000610351562,0,1,0,0,0,1,0,1,0,1,0,1,0,1,0,1,0,1,0,0,0,0,1
0,1,0,3,1,1,75.8499984741211,256.6000061035156,1,0,1,0,1,0,0,0,0,0,0,0,0,0,0,0,0,0,0,0,0,1,0
0,1,1,69,1,0,80.6500015258789,5542.5498046875,0,1,0,0,0,0,1,0,1,0,0,0,1,0,1,0,1,0,0,1,0,0,0
0,1,1,1,1,1,68.5,68.5,1,1,0,0,1,0,0,0,0,0,0,0,0,0,0,0,0,0,0,0,0,1,0
1,1,0,72,1,1,115.75,8443.7001953125,0,0,1,0,1,0,1,0,1,0,1,0,1,0,1,0,1,0,0,1,1,0,0
0,0,0,11,1,1,73.5,791.75,1,1,0,0,1,0,1,0,0,0,0,0,0,0,0,0,0,0,0,0,0,1,0
0,0,0,71,1,0,80.5999984741211,5708.2001953125,0,1,1,0,0,0,1,0,1,0,1,0,1,0,0,0,1,0,0,1,0,0,0
0,0,0,1,1,1,69.94999694824219,69.94999694824219,1,0,0,0,1,0,0,0,0,0,0,0,0,0,0,0,0,0,0,0,0,0,1
0,1,0,33,0,0,59.54999923706055,2016.300048828125,0,0,0,1,0,0,1,0,0,0,1,0,1,0,1,0,1,0,0,1,0,0,0
0,0,0,16,1,0,19.049999237060547,326.6499938964844,0,0,0,0,0,1,0,1,0,1,0,1,0,1,0,1,0,1,1,0,0,0,1
1,1,0,56,1,0,95.6500015258789,5471.75,0,0,1,0,1,0,1,0,1,0,1,0,1,0,0,0,0,0,1,0,0,1,0
0,0,0,1,1,0,19.950000762939453,19.950000762939453,0,0,0,0,0,1,0,1,0,1,0,1,0,1,0,1,0,1,0,0,1,0,0
0,0,0,5,1,1,70.05000305175781,346.3999938964844,1,1,0,0,0,0,0,0,0,0,1,0,0,0,1,0,1,0,0,0,0,1,0
0,1,1,57,1,0,19.399999618530273,1061.5999755859375,0,1,0,0,0,1,0,1,0,1,0,1,0,1,0,1,0,1,1,0,0,0,1
0,1,1,56,0,1,36.099998474121094,1971.5,0,1,0,1,0,0,0,0,1,0,1,0,0,0,0,0,0,0,1,0,1,0,0
0,0,0,8,1,1,94.0,773.6500244140625,1,1,1,0,1,0,0,0,1,0,1,0,0,0,1,0,0,0,0,0,0,1,0
0,1,1,22,1,0,61.150001525878906,1422.050048828125,1,0,0,0,0,0,1,0,1,0,1,0,0,0,0,0,0,0,0,0,0,0,1
0,0,0,1,1,0,19.75,19.75,0,0,0,0,0,1,0,1,0,1,0,1,0,1,0,1,0,1,0,0,0,0,1
0,0,1,40,1,1,64.0999984741211,2460.35009765625,0,0,0,0,0,0,1,0,0,0,0,0,1,0,1,0,0,0,0,0,1,0,0
0,1,1,46,1,0,19.75,856.5,0,1,0,0,0,1,0,1,0,1,0,1,0,1,0,1,0,1,0,1,1,0,0
0,1,1,63,1,0,19.700000762939453,1275.8499755859375,0,1,0,0,0,1,0,1,0,1,0,1,0,1,0,1,0,1,0,1,0,0,1
0,1,1,68,1,1,110.19999694824219,7467.5,0,1,1,0,1,0,1,0,1,0,1,0,0,0,1,0,1,0,0,1,0,1,0
0,1,1,69,1,1,106.3499984741211,7261.75,0,1,0,0,1,0,1,0,1,0,0,0,1,0,1,0,1,0,0,1,1,0,0
0,1,0,56,1,0,90.55000305175781,5116.60009765625,0,0,1,0,1,0,0,0,1,0,1,0,1,0,0,0,0,0,0,0,0,1,0
0,1,1,10,1,1,65.9000015258789,660.0499877929688,0,0,0,0,0,0,0,0,1,0,1,0,0,0,0,0,1,0,1,0,0,0,1
0,0,0,63,1,0,104.5,6590.7998046875,0,1,1,0,1,0,1,0,1,0,1,0,1,0,1,0,0,0,1,0,1,0,0
0,1,1,24,0,1,52.5,1208.1500244140625,0,0,0,1,0,0,1,0,1,0,1,0,1,0,0,0,1,0,0,1,0,0,1
0,0,0,19,1,1,56.099998474121094,1033.9000244140625,0,0,1,0,0,0,0,0,0,0,1,0,0,0,0,0,0,0,0,0,0,0,1
0,1,1,22,1,1,88.75,1885.1500244140625,0,1,1,0,1,0,0,0,0,0,1,0,0,0,1,0,0,0,0,0,0,1,0
0,1,0,29,1,1,84.44999694824219,2467.10009765625,1,1,1,0,1,0,1,0,1,0,0,0,0,0,0,0,0,0,0,0,0,1,0
0,1,0,13,1,1,75.30000305175781,989.4500122070312,1,1,1,0,0,0,0,0,0,0,1,0,0,0,1,0,1,0,1,0,0,0,1
0,1,0,70,1,1,26.0,2006.949951171875,0,0,1,0,0,1,0,1,0,1,0,1,0,1,0,1,0,1,0,1,0,0,0
0,1,0,49,1,0,99.4000015258789,5025.0,0,0,0,0,1,0,0,0,1,0,1,0,0,0,1,0,1,0,0,0,0,1,0
1,1,0,43,1,1,109.55000305175781,4830.25,1,0,1,0,1,0,1,0,0,0,1,0,1,0,1,0,1,0,1,0,0,0,1
0,0,0,3,1,1,19.600000381469727,59.75,1,0,0,0,0,1,0,1,0,1,0,1,0,1,0,1,0,1,0,0,0,0,1
0,1,1,42,1,0,73.1500015258789,3088.25,0,1,0,0,0,0,0,0,0,0,1,0,1,0,1,0,1,0,1,0,0,1,0
0,0,0,57,1,1,54.650001525878906,3134.699951171875,0,1,0,0,0,0,0,0,1,0,0,0,1,0,0,0,0,0,1,0,0,0,1
1,0,0,2,1,0,66.4000015258789,94.55000305175781,1,1,0,0,0,0,1,0,0,0,1,0,0,0,1,0,0,0,0,0,0,0,0
0,1,0,72,1,1,115.55000305175781,8312.400390625,0,0,1,0,1,0,1,0,1,0,1,0,1,0,1,0,1,0,0,1,1,0,0
1,0,0,46,1,1,104.44999694824219,4863.85009765625,0,0,1,0,1,0,0,0,1,0,1,0,0,0,1,0,1,0,0,0,0,1,0
1,1,0,66,1,1,100.05000305175781,6871.89990234375,1,1,1,0,1,0,0,0,0,0,0,0,1,0,1,0,1,0,0,0,1,0,0
0,0,0,62,1,0,102.0,6529.25,1,1,1,0,1,0,1,0,1,0,0,0,1,0,0,0,1,0,1,0,0,1,0
0,1,0,72,1,1,91.1500015258789,6637.89990234375,0,0,1,0,0,0,1,0,1,0,1,0,1,0,1,0,1,0,0,1,0,0,0
0,1,1,35,1,1,89.69999694824219,3165.60009765625,0,1,0,0,1,0,0,0,1,0,0,0,1,0,1,0,0,0,1,0,0,1,0
0,1,0,17,1,0,90.19999694824219,1454.1500244140625,1,1,1,0,1,0,1,0,1,0,1,0,0,0,0,0,0,0,0,0,1,0,0
0,1,0,72,1,1,92.4000015258789,6786.10009765625,0,0,1,0,0,0,1,0,1,0,1,0,1,0,1,0,1,0,0,1,0,1,0
0,1,1,28,1,0,19.899999618530273,543.0,0,0,0,0,0,1,0,1,0,1,0,1,0,1,0,1,0,1,1,0,0,0,1
0,1,0,56,1,1,25.149999618530273,1327.1500244140625,1,1,1,0,0,1,0,1,0,1,0,1,0,1,0,1,0,1,0,1,1,0,0
0,0,0,31,1,1,79.8499984741211,2404.14990234375,1,0,1,0,1,0,0,0,0,0,0,0,1,0,0,0,0,0,0,0,1,0,0
0,0,0,45,1,0,18.850000381469727,867.2999877929688,0,1,0,0,0,1,0,1,0,1,0,1,0,1,0,1,0,1,1,0,0,0,0
0,0,0,1,1,1,25.75,25.75,0,0,1,0,0,1,0,1,0,1,0,1,0,1,0,1,0,1,0,0,0,0,1
0,0,0,2,1,1,49.599998474121094,114.69999694824219,1,0,0,0,0,0,0,0,1,0,0,0,0,0,0,0,0,0,0,0,0,0,1
0,0,0,6,1,1,20.950000762939453,109.5,0,0,0,0,0,1,0,1,0,1,0,1,0,1,0,1,0,1,0,0,0,0,1
0,1,0,48,1,1,97.05000305175781,4692.9501953125,0,0,0,0,1,0,0,0,1,0,1,0,0,0,1,0,1,0,1,0,0,1,0
0,1,1,25,1,1,25.399999618530273,546.8499755859375,0,1,1,0,0,1,0,1,0,1,0,1,0,1,0,1,0,1,0,0,0,0,0
0,1,1,64,1,1,19.700000762939453,1274.050048828125,0,1,0,0,0,1,0,1,0,1,0,1,0,1,0,1,0,1,0,1,0,0,0
0,0,0,50,0,1,35.0,1782.4000244140625,0,1,0,1,0,0,1,0,1,0,0,0,0,0,0,0,0,0,0,0,0,0,1
0,1,1,52,1,0,101.25,5301.10009765625,0,0,1,0,1,0,0,0,0,0,1,0,0,0,1,0,1,0,1,0,0,0,0
1,1,0,4,1,1,70.19999694824219,280.3500061035156,0,1,0,0,1,0,0,0,0,0,0,0,0,0,0,0,0,0,0,0,0,1,0
1,0,0,32,1,0,90.94999694824219,2897.949951171875,0,0,0,0,1,0,0,0,0,0,0,0,0,0,1,0,1,0,0,0,0,1,0
0,1,1,45,1,0,73.8499984741211,3371.0,0,1,1,0,0,0,1,0,1,0,0,0,1,0,1,0,0,0,0,1,1,0,0
0,1,0,9,1,1,88.05000305175781,801.2999877929688,0,1,1,0,1,0,1,0,0,0,0,0,0,0,0,0,1,0,0,0,0,1,0
1,1,0,66,1,1,105.94999694824219,6975.25,1,0,1,0,1,0,0,0,0,0,1,0,1,0,1,0,1,0,1,0,1,0,0
0,0,1,3,1,0,91.8499984741211,257.04998779296875,1,1,1,0,1,0,0,0,0,0,1,0,0,0,0,0,1,0,0,0,0,1,0
0,0,0,54,1,0,20.100000381469727,1079.449951171875,0,0,0,0,0,1,0,1,0,1,0,1,0,1,0,1,0,1,0,1,0,0,1
0,1,1,1,0,0,40.099998474121094,40.099998474121094,1,0,0,1,0,0,0,0,0,0,0,0,1,0,1,0,0,0,0,0,0,1,0
0,1,1,64,1,0,110.30000305175781,6997.2998046875,0,0,1,0,1,0,1,0,1,0,0,0,1,0,1,0,1,0,0,1,0,0,0
1,0,0,31,1,1,73.9000015258789,2217.14990234375,1,0,1,0,1,0,0,0,0,0,0,0,0,0,0,0,0,0,0,0,0,1,0
0,0,0,14,1,1,89.80000305175781,1129.0999755859375,1,0,0,0,1,0,0,0,0,0,0,0,0,0,1,0,1,0,0,0,0,0,1
0,0,0,12,1,1,85.1500015258789,979.0499877929688,0,0,0,0,1,0,1,0,0,0,0,0,0,0,1,0,0,0,1,0,1,0,0
1,1,0,67,1,1,60.95000076293945,4119.39990234375,0,1,0,0,0,0,1,0,1,0,0,0,1,0,0,0,0,0,1,0,0,0,0
0,1,1,35,1,0,72.25,2568.550048828125,1,0,1,0,0,0,1,0,0,0,1,0,1,0,1,0,0,0,0,0,0,1,0
0,0,0,45,1,0,73.55000305175781,3349.10009765625,0,0,1,0,0,0,1,0,0,0,0,0,1,0,0,0,1,0,0,1,0,0,1
0,0,0,10,1,0,46.0,492.1000061035156,0,1,0,0,0,0,0,0,0,0,0,0,0,0,0,0,0,0,0,0,0,0,1
1,0,0,29,1,1,58.54999923706055,1718.949951171875,0,0,1,0,0,0,1,0,1,0,0,0,0,0,0,0,0,0,0,0,0,0,0
0,0,0,24,1,0,24.600000381469727,605.25,0,0,1,0,0,1,0,1,0,1,0,1,0,1,0,1,0,1,1,0,0,0,0
0,1,1,66,1,1,19.75,1344.5,0,1,0,0,0,1,0,1,0,1,0,1,0,1,0,1,0,1,0,1,0,0,1
0,0,0,51,1,0,86.3499984741211,4267.14990234375,0,1,0,0,1,0,1,0,0,0,0,0,0,0,1,0,0,0,1,0,0,0,1
0,1,0,45,1,0,25.5,1121.050048828125,0,0,1,0,0,1,0,1,0,1,0,1,0,1,0,1,0,1,0,1,0,0,1
0,1,0,49,1,0,19.0,918.7000122070312,0,0,0,0,0,1,0,1,0,1,0,1,0,1,0,1,0,1,1,0,1,0,0
0,1,0,29,1,1,19.549999237060547,521.7999877929688,0,0,0,0,0,1,0,1,0,1,0,1,0,1,0,1,0,1,0,1,0,0,1
0,1,1,40,1,1,110.0999984741211,4469.10009765625,0,1,1,0,1,0,1,0,1,0,0,0,1,0,1,0,1,0,0,0,1,0,0
1,0,0,37,1,1,96.55000305175781,3580.300048828125,1,0,1,0,1,0,0,0,0,0,0,0,0,0,1,0,1,0,0,0,0,1,0
0,0,0,25,1,0,69.75,1729.3499755859375,0,1,0,0,1,0,0,0,0,0,0,0,0,0,0,0,0,0,0,0,0,1,0
0,0,0,22,0,1,50.599998474121094,1073.300048828125,0,0,0,1,0,0,0,0,0,0,1,0,0,0,1,0,1,0,0,0,0,1,0
0,0,0,72,0,1,65.5999984741211,4566.5,0,1,0,1,0,0,1,0,1,0,1,0,1,0,1,0,1,0,0,1,0,0,0
0,0,0,7,0,1,40.099998474121094,293.29998779296875,1,0,0,1,0,0,0,0,1,0,0,0,0,0,0,0,1,0,0,0,1,0,0
0,1,1,33,1,0,82.0999984741211,2603.10009765625,0,1,0,0,0,0,0,0,1,0,1,0,1,0,1,0,1,0,0,1,1,0,0
0,0,0,23,1,1,79.0999984741211,1783.75,0,0,0,0,1,0,0,0,1,0,0,0,1,0,0,0,0,0,0,0,0,0,1
1,0,0,24,1,1,101.25,2440.14990234375,1,1,1,0,1,0,0,0,1,0,0,0,0,0,1,0,1,0,0,0,0,1,0
0,0,0,1,1,0,79.55000305175781,79.55000305175781,1,0,0,0,1,0,0,0,0,0,0,0,0,0,1,0,0,0,0,0,0,1,0
0,0,0,69,1,0,90.6500015258789,6322.10009765625,0,1,1,0,0,0,1,0,1,0,1,0,1,0,1,0,1,0,0,1,0,0,1
0,0,1,3,1,1,20.549999237060547,57.400001525878906,0,0,0,0,0,1,0,1,0,1,0,1,0,1,0,1,0,1,1,0,1,0,0
0,0,0,56,1,1,75.75,4284.64990234375,0,1,0,0,0,0,0,0,1,0,0,0,1,0,1,0,1,0,1,0,0,0,0
0,0,0,65,1,1,110.0,7138.64990234375,0,1,1,0,1,0,1,0,0,0,1,0,1,0,1,0,1,0,1,0,1,0,0
0,1,0,71,1,0,20.850000381469727,1539.75,0,1,0,0,0,1,0,1,0,1,0,1,0,1,0,1,0,1,1,0,0,1,0
1,0,0,14,1,1,80.3499984741211,1058.0999755859375,0,0,1,0,1,0,0,0,0,0,1,0,0,0,0,0,0,0,0,0,0,0,0
0,0,0,2,1,1,70.1500015258789,123.80000305175781,0,0,0,0,1,0,0,0,0,0,0,0,0,0,0,0,0,0,0,0,0,1,0
0,0,0,32,1,0,84.05000305175781,2781.85009765625,1,0,1,0,1,0,0,0,0,0,0,0,0,0,1,0,0,0,1,0,0,1,0
0,0,0,40,1,0,67.44999694824219,2731.0,0,1,0,0,0,0,1,0,0,0,1,0,0,0,0,0,1,0,0,0,0,1,0
0,0,0,1,1,0,20.75,20.75,0,1,0,0,0,1,0,1,0,1,0,1,0,1,0,1,0,1,0,0,1,0,0
0,0,0,1,1,1,89.0999984741211,89.0999984741211,1,1,0,0,1,0,0,0,0,0,0,0,0,0,1,0,1,0,0,0,0,1,0
0,0,0,7,1,1,69.9000015258789,497.29998779296875,0,0,0,0,1,0,0,0,0,0,0,0,0,0,0,0,0,0,0,0,0,0,1
0,1,0,15,1,1,51.099998474121094,711.1500244140625,0,0,1,0,0,0,0,0,0,0,0,0,0,0,0,0,0,0,0,0,0,1,0
0,1,1,17,1,0,94.4000015258789,1607.199951171875,1,0,1,0,1,0,1,0,0,0,1,0,0,0,1,0,0,0,0,0,0,1,0
0,0,0,19,1,1,78.25,1490.949951171875,1,1,0,0,1,0,0,0,1,0,1,0,0,0,0,0,0,0,0,0,0,1,0
0,0,0,71,1,0,25.549999237060547,1898.0999755859375,0,1,1,0,0,1,0,1,0,1,0,1,0,1,0,1,0,1,0,1,0,0,0
0,1,1,54,1,0,60.0,3273.949951171875,0,0,1,0,0,0,1,0,0,0,0,0,1,0,0,0,0,0,0,1,0,0,0
0,1,0,31,1,1,90.55000305175781,2929.75,0,1,1,0,1,0,1,0,1,0,0,0,1,0,0,0,0,0,0,0,1,0,0
0,0,0,11,1,0,76.4000015258789,838.7000122070312,0,0,0,0,1,0,1,0,0,0,0,0,0,0,0,0,0,0,0,0,0,1,0
1,0,0,18,1,1,84.94999694824219,1443.6500244140625,0,0,0,0,1,0,0,0,0,0,1,0,0,0,0,0,1,0,0,0,0,1,0
1,0,0,72,1,1,110.0999984741211,7746.7001953125,0,0,1,0,1,0,1,0,1,0,0,0,1,0,1,0,1,0,0,1,0,0,0
1,0,0,71,1,1,99.6500015258789,6951.14990234375,0,0,1,0,1,0,0,0,1,0,0,0,0,0,1,0,1,0,0,0,1,0,0
1,0,0,5,0,0,45.400001525878906,214.75,0,1,0,1,0,0,0,0,0,0,1,0,1,0,1,0,0,0,0,0,1,0,0
0,1,0,38,1,0,69.0,2669.449951171875,0,1,1,0,0,0,0,0,0,0,1,0,1,0,0,0,1,0,1,0,1,0,0
0,0,1,5,1,1,48.650001525878906,235.1999969482422,0,1,0,0,0,0,0,0,0,0,0,0,1,0,0,0,0,0,0,0,0,0,0
1,0,0,2,1,1,44.150001525878906,92.6500015258789,1,1,0,0,0,0,0,0,0,0,0,0,0,0,0,0,0,0,0,0,0,1,0
1,0,0,52,1,0,59.849998474121094,3103.25,0,0,1,0,0,0,1,0,0,0,1,0,0,0,0,0,0,0,0,1,0,0,0
1,0,0,8,1,1,75.75,606.25,1,0,1,0,1,0,0,0,0,0,0,0,0,0,0,0,0,0,0,0,0,1,0
0,0,0,68,1,1,80.6500015258789,5330.2001953125,0,0,1,0,0,0,0,0,1,0,1,0,0,0,1,0,1,0,0,1,0,1,0
0,1,1,69,1,1,20.549999237060547,1403.0999755859375,0,1,0,0,0,1,0,1,0,1,0,1,0,1,0,1,0,1,1,0,1,0,0
0,1,0,42,1,1,66.4000015258789,2727.800048828125,0,0,1,0,0,0,1,0,1,0,0,0,1,0,0,0,0,0,0,0,1,0,0
0,0,0,50,1,1,100.19999694824219,5038.4501953125,0,0,0,0,1,0,0,0,1,0,0,0,1,0,1,0,1,0,0,1,0,0,1
0,0,0,1,1,1,19.100000381469727,19.100000381469727,1,0,0,0,0,1,0,1,0,1,0,1,0,1,0,1,0,1,0,0,0,0,1
1,1,0,1,1,1,80.30000305175781,80.30000305175781,1,1,1,0,1,0,1,0,0,0,0,0,0,0,0,0,0,0,0,0,0,1,0
0,1,0,33,1,1,44.54999923706055,1462.5999755859375,0,1,0,0,0,0,0,0,0,0,0,0,0,0,0,0,0,0,0,0,1,0,0
0,0,0,7,1,0,20.350000381469727,150.60000610351562,0,0,0,0,0,1,0,1,0,1,0,1,0,1,0,1,0,1,0,0,0,0,1
0,1,1,64,1,1,91.80000305175781,5960.5,0,1,1,0,1,0,1,0,1,0,1,0,0,0,0,0,0,0,0,0,0,1,0
0,0,0,1,1,1,74.9000015258789,74.9000015258789,1,0,0,0,1,0,0,0,0,0,1,0,0,0,0,0,0,0,0,0,0,1,0
0,0,0,59,1,1,20.200000762939453,1192.300048828125,0,1,0,0,0,1,0,1,0,1,0,1,0,1,0,1,0,1,0,1,0,0,0
0,1,0,6,1,0,50.349998474121094,314.54998779296875,0,0,1,0,0,0,0,0,0,0,0,0,0,0,0,0,0,0,0,0,0,1,0
0,0,0,3,1,0,18.799999237060547,56.0,0,0,0,0,0,1,0,1,0,1,0,1,0,1,0,1,0,1,0,0,0,0,1
0,1,0,15,1,0,20.450000762939453,330.79998779296875,0,0,0,0,0,1,0,1,0,1,0,1,0,1,0,1,0,1,0,0,1,0,0
0,1,1,13,1,1,64.75,877.3499755859375,0,1,0,0,0,0,0,0,0,0,0,0,0,0,1,0,1,0,1,0,0,1,0
0,0,0,23,1,1,98.69999694824219,2249.10009765625,0,0,1,0,1,0,0,0,1,0,0,0,0,0,1,0,1,0,0,0,1,0,0
1,1,0,31,1,0,89.44999694824219,2807.64990234375,0,1,1,0,1,0,1,0,0,0,0,0,0,0,1,0,0,0,0,0,0,1,0
0,0,0,29,1,1,58.75,1696.199951171875,0,1,0,0,0,0,1,0,1,0,0,0,1,0,0,0,0,0,1,0,0,1,0
0,1,0,49,1,0,20.700000762939453,1032.050048828125,0,0,0,0,0,1,0,1,0,1,0,1,0,1,0,1,0,1,1,0,1,0,0
0,1,0,56,1,1,85.5999984741211,4902.7998046875,0,0,1,0,1,0,0,0,0,0,0,0,0,0,1,0,0,0,0,0,0,0,0
0,0,0,63,1,1,80.30000305175781,4995.35009765625,0,0,1,0,0,0,1,0,1,0,1,0,1,0,0,0,1,0,0,1,1,0,0
0,1,0,63,1,0,79.80000305175781,5034.0498046875,0,1,1,0,0,0,0,0,0,0,1,0,1,0,1,0,1,0,0,1,1,0,0
1,1,1,24,1,1,79.8499984741211,1857.75,0,1,1,0,1,0,1,0,0,0,0,0,0,0,0,0,0,0,0,0,0,1,0
1,1,0,36,1,0,54.099998474121094,1992.8499755859375,0,1,0,0,0,0,0,0,0,0,1,0,1,0,0,0,0,0,1,0,1,0,0
1,0,0,9,1,1,80.8499984741211,751.6500244140625,1,0,0,0,1,0,0,0,0,0,0,0,0,0,1,0,0,0,0,0,0,1,0
0,0,0,3,0,0,24.75,66.94999694824219,1,1,0,1,0,0,0,0,0,0,0,0,0,0,0,0,0,0,0,0,0,1,0
0,1,0,21,1,0,80.9000015258789,1714.949951171875,0,0,0,0,0,0,1,0,0,0,1,0,1,0,1,0,1,0,1,0,0,0,1
0,1,1,13,1,0,24.5,343.6000061035156,0,1,1,0,0,1,0,1,0,1,0,1,0,1,0,1,0,1,1,0,0,0,0
0,1,1,1,1,1,20.149999618530273,20.149999618530273,0,1,0,0,0,1,0,1,0,1,0,1,0,1,0,1,0,1,0,0,0,0,0
0,1,1,25,1,0,20.049999237060547,520.0999755859375,0,0,0,0,0,1,0,1,0,1,0,1,0,1,0,1,0,1,1,0,0,0,1
0,1,1,71,1,1,19.600000381469727,1387.449951171875,0,1,0,0,0,1,0,1,0,1,0,1,0,1,0,1,0,1,0,1,0,0,0
0,0,0,66,1,1,114.30000305175781,7383.7001953125,0,1,1,0,1,0,1,0,1,0,1,0,1,0,1,0,1,0,1,0,0,0,0
0,0,0,45,1,1,100.30000305175781,4483.9501953125,0,0,0,0,1,0,1,0,1,0,0,0,0,0,1,0,1,0,1,0,0,1,0
0,1,0,22,1,1,80.0,1706.449951171875,0,0,0,0,1,0,0,0,0,0,0,0,0,0,1,0,0,0,0,0,1,0,0
0,1,0,67,1,1,20.850000381469727,1327.4000244140625,0,0,0,0,0,1,0,1,0,1,0,1,0,1,0,1,0,1,1,0,0,0,0
0,1,0,68,1,1,89.94999694824219,5974.2998046875,0,0,1,0,1,0,0,0,0,0,1,0,0,0,1,0,0,0,0,1,0,0,0
0,1,1,0,1,0,20.0,0.0,0,0,0,0,0,1,0,1,0,1,0,1,0,1,0,1,0,1,0,1,0,0,1
1,0,0,49,1,1,90.8499984741211,4515.85009765625,1,0,1,0,1,0,0,0,0,0,1,0,0,0,0,0,1,0,0,0,1,0,0
1,0,0,4,1,0,48.75,179.85000610351562,0,0,1,0,0,0,0,0,0,0,0,0,0,0,0,0,0,0,0,0,0,0,1
0,1,0,63,1,0,80.0,5040.2001953125,0,1,1,0,0,0,1,0,1,0,1,0,1,0,0,0,1,0,1,0,1,0,0
0,1,0,2,1,0,79.69999694824219,165.0,1,0,0,0,1,0,0,0,1,0,1,0,0,0,0,0,0,0,0,0,0,0,0
0,0,0,21,1,1,20.350000381469727,422.70001220703125,0,1,0,0,0,1,0,1,0,1,0,1,0,1,0,1,0,1,1,0,0,0,1
0,1,1,55,1,0,57.54999923706055,3046.39990234375,1,1,0,0,0,0,1,0,1,0,0,0,1,0,0,0,0,0,0,1,0,0,0
0,0,1,1,1,1,20.25,20.25,0,1,0,0,0,1,0,1,0,1,0,1,0,1,0,1,0,1,0,0,0,0,1
0,0,0,17,1,0,19.399999618530273,358.04998779296875,0,0,0,0,0,1,0,1,0,1,0,1,0,1,0,1,0,1,0,1,0,0,1
0,0,0,30,1,1,100.4000015258789,2936.25,0,1,1,0,1,0,1,0,0,0,0,0,0,0,1,0,1,0,0,0,0,0,0
0,1,1,22,1,1,57.95000076293945,1271.800048828125,0,1,0,0,0,0,1,0,1,0,0,0,1,0,0,0,0,0,0,0,0,0,1
0,0,0,9,1,1,59.5,530.0499877929688,0,0,0,0,0,0,0,0,0,0,0,0,1,0,1,0,0,0,0,0,0,0,0
0,1,1,1,1,0,19.200000762939453,19.200000762939453,0,1,0,0,0,1,0,1,0,1,0,1,0,1,0,1,0,1,0,0,0,0,1
0,1,0,21,1,1,86.5,1808.699951171875,1,0,1,0,1,0,0,0,0,0,0,0,0,0,0,0,1,0,0,0,0,1,0
0,0,0,19,1,0,59.54999923706055,1144.5999755859375,0,1,1,0,0,0,0,0,0,0,1,0,1,0,0,0,0,0,0,0,0,1,0
0,1,1,69,1,1,103.94999694824219,7446.89990234375,1,0,1,0,1,0,0,0,1,0,1,0,0,0,1,0,1,0,0,0,0,1,0
1,0,0,1,0,1,25.100000381469727,25.100000381469727,1,1,0,1,0,0,0,0,0,0,0,0,0,0,0,0,0,0,0,0,0,1,0
0,1,0,72,1,1,103.94999694824219,7556.89990234375,0,0,1,0,1,0,1,0,1,0,1,0,1,0,1,0,0,0,0,1,0,0,0
0,1,1,70,1,0,68.94999694824219,4858.7001953125,0,1,1,0,0,0,1,0,0,0,1,0,0,0,1,0,0,0,0,1,1,0,0
0,0,0,66,1,1,103.0999984741211,6595.0,0,0,1,0,1,0,1,0,1,0,1,0,1,0,0,0,1,0,0,0,0,0,0
0,1,1,7,0,1,24.700000762939453,149.0500030517578,0,0,0,1,0,0,0,0,0,0,0,0,0,0,0,0,0,0,0,0,0,1,0
1,1,1,46,1,1,110.19999694824219,4972.10009765625,0,0,1,0,1,0,1,0,1,0,0,0,1,0,1,0,1,0,0,0,0,1,0
0,0,0,39,0,1,48.95000076293945,1880.8499755859375,1,1,0,1,0,0,1,0,1,0,0,0,1,0,1,0,0,0,0,0,1,0,0
0,1,1,32,1,0,62.45000076293945,2045.550048828125,0,0,1,0,0,0,0,0,1,0,1,0,0,0,0,0,0,0,0,0,0,0,0
0,0,0,24,1,1,89.55000305175781,2187.14990234375,0,1,0,0,1,0,0,0,1,0,1,0,0,0,0,0,1,0,0,0,0,1,0
0,1,1,6,1,1,83.55000305175781,477.54998779296875,1,1,0,0,1,0,0,0,1,0,0,0,0,0,0,0,1,0,0,0,1,0,0
0,0,0,37,1,1,78.9000015258789,2976.949951171875,0,0,1,0,0,0,1,0,1,0,1,0,1,0,1,0,0,0,0,0,1,0,0
0,0,1,8,1,0,20.350000381469727,178.6999969482422,0,1,0,0,0,1,0,1,0,1,0,1,0,1,0,1,0,1,0,0,0,0,1
0,1,1,72,1,1,71.44999694824219,5025.85009765625,0,0,1,0,0,0,1,0,0,0,1,0,0,0,1,0,0,0,0,1,0,0,0
1,1,0,71,0,0,46.349998474121094,3353.39990234375,0,1,0,1,0,0,1,0,1,0,1,0,1,0,0,0,0,0,0,1,1,0,0
0,1,0,16,1,1,94.6500015258789,1461.1500244140625,0,0,0,0,1,0,0,0,1,0,0,0,0,0,1,0,1,0,0,0,0,0,0
0,1,0,57,0,1,49.900001525878906,2782.39990234375,0,0,0,1,0,0,1,0,0,0,1,0,1,0,0,0,1,0,0,0,0,0,0
0,0,0,66,1,0,25.450000762939453,1699.1500244140625,0,1,1,0,0,1,0,1,0,1,0,1,0,1,0,1,0,1,1,0,0,0,0
1,0,0,17,1,1,89.1500015258789,1496.9000244140625,1,0,0,0,1,0,0,0,1,0,1,0,0,0,1,0,0,0,0,0,0,1,0
0,0,1,21,1,0,20.75,452.20001220703125,0,0,0,0,0,1,0,1,0,1,0,1,0,1,0,1,0,1,0,0,0,0,1
0,1,0,66,1,1,66.0999984741211,4428.4501953125,0,1,1,0,0,0,1,0,1,0,1,0,0,0,0,0,0,0,0,1,1,0,0
0,1,0,17,1,1,75.4000015258789,1322.550048828125,0,0,1,0,0,0,0,0,1,0,0,0,0,0,1,0,1,0,0,0,0,0,0
0,0,1,1,1,1,70.44999694824219,70.44999694824219,1,1,0,0,1,0,0,0,0,0,0,0,0,0,0,0,0,0,0,0,0,0,1
0,1,0,58,1,0,60.29999923706055,3563.800048828125,1,1,0,0,0,0,1,0,1,0,1,0,0,0,0,0,0,0,1,0,1,0,0
0,1,1,8,1,0,21.049999237060547,139.75,0,0,0,0,0,1,0,1,0,1,0,1,0,1,0,1,0,1,0,0,1,0,0
0,0,0,27,1,0,69.3499984741211,1927.300048828125,0,1,0,0,0,0,1,0,0,0,1,0,1,0,1,0,0,0,1,0,1,0,0
0,1,0,34,1,0,88.8499984741211,3000.25,0,1,1,0,1,0,0,0,1,0,0,0,0,0,0,0,1,0,0,0,0,0,1
0,0,0,30,1,1,97.0,3021.300048828125,0,1,0,0,1,0,0,0,1,0,0,0,0,0,1,0,1,0,1,0,0,0,0
0,0,0,33,1,1,66.4000015258789,2245.39990234375,0,1,0,0,0,0,0,0,1,0,1,0,0,0,1,0,0,0,0,0,1,0,0
0,0,1,1,0,0,24.75,24.75,1,1,0,1,0,0,0,0,0,0,0,0,0,0,0,0,0,0,0,0,0,1,0
0,1,1,14,1,0,69.19999694824219,944.6500244140625,0,1,1,0,0,0,1,0,1,0,0,0,0,0,0,0,1,0,0,0,0,0,1
0,0,1,16,1,1,79.5,1264.199951171875,0,0,1,0,1,0,0,0,0,0,0,0,1,0,0,0,0,0,1,0,1,0,0
0,0,0,49,1,0,100.6500015258789,4917.75,0,0,0,0,1,0,0,0,0,0,1,0,1,0,1,0,1,0,0,1,1,0,0
0,1,1,19,1,0,103.30000305175781,2012.699951171875,1,1,1,0,1,0,0,0,0,0,1,0,1,0,1,0,1,0,0,0,0,1,0
0,1,1,70,1,0,79.69999694824219,5743.2998046875,0,0,1,0,0,0,1,0,1,0,1,0,1,0,1,0,0,0,0,1,0,0,0
0,1,1,32,1,0,61.400001525878906,1864.6500244140625,0,0,0,0,0,0,1,0,1,0,0,0,1,0,0,0,0,0,0,0,0,0,0
0,0,0,18,1,1,69.80000305175781,1221.6500244140625,0,0,0,0,1,0,0,0,0,0,0,0,0,0,0,0,0,0,0,0,0,1,0
0,0,0,37,0,1,40.54999923706055,1390.8499755859375,0,1,0,1,0,0,1,0,1,0,0,0,1,0,0,0,0,0,0,1,0,0,1
0,0,0,4,1,1,75.6500015258789,302.3500061035156,0,0,1,0,1,0,0,0,0,0,0,0,0,0,0,0,0,0,0,0,0,1,0
0,1,0,16,1,0,90.69999694824219,1374.9000244140625,0,0,1,0,1,0,1,0,1,0,1,0,0,0,0,0,0,0,0,0,0,1,0
0,1,0,17,1,1,80.5,1336.9000244140625,0,1,1,0,1,0,0,0,1,0,0,0,0,0,0,0,0,0,0,0,0,0,0
0,0,1,19,1,1,60.599998474121094,1297.800048828125,0,0,0,0,0,0,1,0,1,0,1,0,0,0,0,0,0,0,0,0,0,1,0
0,1,0,60,1,0,101.1500015258789,6067.39990234375,0,1,1,0,1,0,0,0,0,0,1,0,0,0,1,0,1,0,0,1,1,0,0
0,1,1,51,1,1,24.950000762939453,1222.25,0,1,1,0,0,1,0,1,0,1,0,1,0,1,0,1,0,1,0,1,0,0,1
0,1,1,28,1,1,20.299999237060547,487.95001220703125,0,1,0,0,0,1,0,1,0,1,0,1,0,1,0,1,0,1,0,1,1,0,0
0,0,0,43,1,1,60.0,2548.550048828125,0,1,0,0,0,0,0,0,1,0,0,0,0,0,0,0,1,0,0,1,0,1,0
0,1,0,42,1,0,20.25,835.5,0,1,0,0,0,1,0,1,0,1,0,1,0,1,0,1,0,1,0,1,0,1,0
0,0,0,3,1,1,78.5,242.0500030517578,1,1,0,0,1,0,0,0,0,0,0,0,0,0,1,0,0,0,0,0,0,1,0
0,0,0,1,1,0,44.75,44.75,0,0,0,0,0,0,0,0,0,0,0,0,0,0,0,0,0,0,0,0,0,0,1
0,0,0,3,1,0,19.850000381469727,63.75,1,0,0,0,0,1,0,1,0,1,0,1,0,1,0,1,0,1,0,0,0,0,1
0,0,0,63,1,0,98.0,6218.4501953125,0,0,1,0,1,0,1,0,1,0,1,0,0,0,1,0,0,0,0,1,1,0,0
1,0,0,3,1,1,79.9000015258789,260.8999938964844,1,1,0,0,1,0,0,0,0,0,0,0,0,0,1,0,0,0,0,0,0,1,0
0,1,0,68,1,1,107.69999694824219,7320.89990234375,0,1,1,0,1,0,1,0,1,0,0,0,1,0,1,0,1,0,0,0,0,1,0
1,0,0,30,1,1,99.69999694824219,2967.35009765625,1,0,1,0,1,0,0,0,1,0,0,0,0,0,1,0,1,0,0,0,0,1,0
0,0,0,60,1,0,104.69999694824219,6333.7998046875,0,0,1,0,1,0,0,0,1,0,1,0,0,0,1,0,1,0,0,1,0,1,0
0,0,0,15,1,1,58.599998474121094,939.7000122070312,1,1,1,0,0,0,0,0,1,0,0,0,1,0,0,0,0,0,0,0,1,0,0
1,0,0,45,1,1,93.9000015258789,4200.25,0,1,1,0,1,0,0,0,0,0,0,0,0,0,1,0,1,0,0,0,0,0,0
0,1,0,70,1,0,86.44999694824219,5950.2001953125,0,0,0,0,0,0,1,0,1,0,1,0,1,0,1,0,1,0,0,1,1,0,0
0,1,0,10,1,1,98.5,1037.75,1,1,1,0,1,0,0,0,0,0,1,0,0,0,1,0,1,0,0,0,0,1,0
0,0,0,4,1,0,19.399999618530273,93.4000015258789,0,1,0,0,0,1,0,1,0,1,0,1,0,1,0,1,0,1,0,0,0,0,1
0,0,0,1,1,1,50.45000076293945,50.45000076293945,1,0,0,0,0,0,0,0,0,0,1,0,0,0,0,0,0,0,0,0,0,0,1
0,1,0,68,1,1,24.950000762939453,1614.9000244140625,0,0,1,0,0,1,0,1,0,1,0,1,0,1,0,1,0,1,0,1,1,0,0
0,1,1,22,1,0,75.0,1573.949951171875,0,1,0,0,1,0,1,0,0,0,0,0,0,0,0,0,0,0,0,0,0,0,0
0,1,1,38,1,1,94.6500015258789,3624.300048828125,1,1,1,0,1,0,0,0,1,0,1,0,0,0,1,0,0,0,0,0,0,1,0
0,0,0,1,1,1,100.25,100.25,1,0,1,0,1,0,0,0,1,0,0,0,0,0,1,0,1,0,0,0,1,0,0
0,1,0,18,1,0,78.19999694824219,1468.75,0,1,0,0,1,0,0,0,0,0,1,0,1,0,0,0,0,0,0,0,0,1,0
0,0,0,29,1,1,94.19999694824219,2607.60009765625,0,1,0,0,1,0,0,0,0,0,0,0,1,0,1,0,1,0,0,0,0,1,0
0,0,0,16,1,1,88.44999694824219,1422.0999755859375,1,0,1,0,1,0,0,0,0,0,1,0,0,0,0,0,1,0,0,0,0,1,0
0,0,0,1,1,1,69.8499984741211,69.8499984741211,1,1,0,0,1,0,0,0,0,0,0,0,0,0,0,0,0,0,0,0,0,1,0
0,0,0,12,1,0,81.69999694824219,858.5999755859375,1,1,0,0,1,0,1,0,0,0,1,0,0,0,0,0,0,0,0,0,0,0,0
0,0,0,31,0,1,50.04999923706055,1523.4000244140625,0,1,0,1,0,0,0,0,0,0,1,0,0,0,1,0,1,0,1,0,0,1,0
0,0,0,4,1,1,79.9000015258789,324.29998779296875,1,1,0,0,1,0,0,0,0,0,0,0,0,0,0,0,1,0,0,0,0,1,0
0,1,0,48,1,1,69.55000305175781,3435.60009765625,0,0,1,0,0,0,0,0,0,0,1,0,1,0,0,0,1,0,1,0,0,0,1
0,0,0,15,1,1,25.399999618530273,399.6000061035156,1,0,1,0,0,1,0,1,0,1,0,1,0,1,0,1,0,1,0,0,1,0,0
0,0,0,50,1,1,90.0999984741211,4549.4501953125,0,1,0,0,1,0,1,0,1,0,1,0,1,0,0,0,0,0,1,0,1,0,0
0,0,0,7,1,1,44.650001525878906,322.5,0,1,0,0,0,0,0,0,0,0,0,0,0,0,0,0,0,0,0,0,0,0,0
1,1,0,41,1,1,83.75,3273.550048828125,1,1,1,0,1,0,1,0,0,0,1,0,0,0,0,0,0,0,0,0,0,0,0
0,1,1,68,1,0,80.3499984741211,5375.14990234375,0,1,0,0,1,0,1,0,0,0,1,0,0,0,0,0,0,0,0,1,1,0,0
1,1,0,26,1,1,98.0999984741211,2510.699951171875,0,0,1,0,1,0,0,0,0,0,1,0,0,0,1,0,1,0,0,0,0,0,0
0,0,0,57,0,0,53.349998474121094,3090.050048828125,0,1,0,1,0,0,0,0,0,0,1,0,1,0,1,0,1,0,0,1,1,0,0
0,0,0,3,1,0,19.549999237060547,61.04999923706055,0,0,0,0,0,1,0,1,0,1,0,1,0,1,0,1,0,1,0,0,0,1,0
0,0,0,1,1,0,20.899999618530273,20.899999618530273,1,0,0,0,0,1,0,1,0,1,0,1,0,1,0,1,0,1,0,0,0,0,1
0,1,1,19,1,1,48.95000076293945,955.5999755859375,0,1,0,0,0,0,1,0,0,0,0,0,0,0,0,0,0,0,1,0,0,0,0
0,0,0,3,1,1,54.20000076293945,140.39999389648438,0,0,0,0,0,0,0,0,0,0,0,0,0,0,1,0,0,0,0,0,0,1,0
0,0,0,59,1,0,24.450000762939453,1493.0999755859375,0,0,1,0,0,1,0,1,0,1,0,1,0,1,0,1,0,1,0,1,0,1,0
0,1,0,1,1,1,69.4000015258789,69.4000015258789,1,0,0,0,1,0,0,0,0,0,0,0,0,0,0,0,0,0,0,0,0,0,1
0,1,0,42,0,1,40.150001525878906,1626.050048828125,0,1,0,1,0,0,1,0,0,0,0,0,0,0,1,0,0,0,0,0,0,0,0
0,0,0,7,1,1,74.9000015258789,541.1500244140625,1,0,1,0,1,0,0,0,0,0,0,0,0,0,0,0,0,0,0,0,0,1,0
0,1,0,67,1,0,25.600000381469727,1784.9000244140625,0,1,1,0,0,1,0,1,0,1,0,1,0,1,0,1,0,1,0,1,1,0,0
0,0,0,1,1,1,70.3499984741211,70.3499984741211,0,1,0,0,1,0,0,0,0,0,0,0,0,0,0,0,0,0,0,0,0,1,0
0,1,0,66,1,0,91.69999694824219,6075.89990234375,0,1,1,0,0,0,1,0,1,0,1,0,1,0,1,0,1,0,0,1,0,0,0
0,0,0,61,1,0,89.19999694824219,5500.60009765625,0,0,1,0,1,0,0,0,0,0,1,0,0,0,0,0,1,0,0,0,0,0,1
0,1,1,4,1,0,24.100000381469727,73.0999984741211,0,1,1,0,0,1,0,1,0,1,0,1,0,1,0,1,0,1,1,0,1,0,0
1,1,0,42,1,1,74.1500015258789,3229.39990234375,1,0,0,0,1,0,1,0,0,0,0,0,0,0,0,0,0,0,0,0,1,0,0
0,1,1,64,1,1,53.849998474121094,3399.85009765625,0,0,1,0,0,0,0,0,1,0,0,0,0,0,0,0,0,0,1,0,0,0,0
1,1,0,54,1,1,115.5999984741211,6431.0498046875,0,0,1,0,1,0,1,0,1,0,1,0,1,0,1,0,1,0,1,0,0,0,0
0,0,0,1,1,1,19.75,19.75,0,1,0,0,0,1,0,1,0,1,0,1,0,1,0,1,0,1,0,0,1,0,0
0,1,1,54,1,1,24.049999237060547,1230.9000244140625,0,1,1,0,0,1,0,1,0,1,0,1,0,1,0,1,0,1,0,1,0,0,0
0,0,1,18,1,0,25.299999237060547,454.6499938964844,0,0,1,0,0,1,0,1,0,1,0,1,0,1,0,1,0,1,0,1,1,0,0
0,0,0,3,1,0,84.30000305175781,235.0500030517578,0,1,0,0,1,0,0,0,1,0,0,0,0,0,0,0,1,0,0,0,0,1,0
0,0,0,1,1,1,70.0999984741211,70.0999984741211,1,0,0,0,1,0,0,0,0,0,0,0,0,0,0,0,0,0,0,0,0,1,0
0,1,1,72,1,0,89.75,6595.89990234375,0,0,1,0,0,0,1,0,1,0,1,0,1,0,1,0,1,0,0,1,1,0,0
1,1,0,60,1,1,97.94999694824219,5867.0,0,1,0,0,1,0,0,0,1,0,1,0,0,0,1,0,1,0,1,0,0,1,0
0,1,1,11,1,1,20.0,196.35000610351562,0,0,0,0,0,1,0,1,0,1,0,1,0,1,0,1,0,1,1,0,0,0,1
0,0,1,12,1,1,78.30000305175781,909.25,1,0,1,0,1,0,1,0,0,0,0,0,0,0,0,0,0,0,0,0,0,1,0
0,1,1,61,1,0,103.9000015258789,6449.14990234375,0,1,0,0,1,0,0,0,1,0,1,0,1,0,1,0,1,0,1,0,1,0,0
0,0,0,39,1,0,20.700000762939453,762.4500122070312,0,0,0,0,0,1,0,1,0,1,0,1,0,1,0,1,0,1,0,1,1,0,0
0,0,0,55,1,1,96.80000305175781,5283.9501953125,1,1,1,0,1,0,0,0,0,0,0,0,0,0,1,0,1,0,0,0,0,1,0
0,0,0,17,1,1,94.4000015258789,1617.5,1,0,1,0,1,0,1,0,1,0,0,0,0,0,1,0,0,0,0,0,0,1,0
0,0,0,37,1,0,20.149999618530273,785.75,0,1,0,0,0,1,0,1,0,1,0,1,0,1,0,1,0,1,1,0,1,0,0
0,1,0,72,1,1,26.0,1776.0,0,0,1,0,0,1,0,1,0,1,0,1,0,1,0,1,0,1,0,1,0,0,1
1,1,0,72,1,0,77.3499984741211,5396.25,0,1,1,0,0,0,0,0,1,0,1,0,1,0,1,0,0,0,0,1,1,0,0
0,0,0,8,1,0,66.05000305175781,574.5,0,0,0,0,0,0,1,0,0,0,0,0,1,0,0,0,1,0,0,0,0,0,0
0,1,1,22,1,0,19.899999618530273,400.29998779296875,0,0,0,0,0,1,0,1,0,1,0,1,0,1,0,1,0,1,0,0,0,0,1
0,0,0,1,1,0,84.30000305175781,84.30000305175781,1,0,0,0,1,0,0,0,1,0,0,0,0,0,1,0,0,0,0,0,0,1,0
0,0,0,38,1,0,68.1500015258789,2656.300048828125,0,0,1,0,0,0,0,0,1,0,0,0,1,0,0,0,1,0,0,0,1,0,0
0,0,1,17,1,0,80.8499984741211,1445.949951171875,0,1,0,0,0,0,0,0,1,0,1,0,1,0,1,0,1,0,1,0,0,1,0
1,0,0,70,1,1,75.5,5212.64990234375,0,0,1,0,0,0,0,0,1,0,1,0,1,0,1,0,0,0,0,1,0,0,0
1,1,1,72,1,0,92.44999694824219,6440.25,1,0,1,0,0,0,1,0,1,0,1,0,1,0,1,0,1,0,0,1,1,0,0
0,0,0,28,1,1,80.5999984741211,2244.949951171875,0,0,0,0,1,0,0,0,0,0,0,0,0,0,0,0,1,0,0,0,0,1,0
0,0,0,15,1,1,83.19999694824219,1130.0,0,0,0,0,1,0,0,0,1,0,0,0,0,0,1,0,0,0,0,0,0,0,0
0,1,1,72,1,1,87.55000305175781,6463.14990234375,0,1,1,0,0,0,1,0,1,0,1,0,1,0,1,0,1,0,0,1,0,0,0
1,1,0,11,1,1,99.55000305175781,1131.199951171875,1,0,1,0,1,0,0,0,0,0,1,0,0,0,1,0,1,0,0,0,0,1,0
1,0,0,8,1,1,81.25,585.9500122070312,1,1,1,0,1,0,0,0,0,0,1,0,0,0,0,0,0,0,0,0,0,1,0
0,1,0,57,1,1,109.4000015258789,6252.7001953125,0,0,1,0,1,0,0,0,1,0,1,0,1,0,1,0,1,0,1,0,0,0,0
0,1,1,1,1,0,19.950000762939453,19.950000762939453,1,1,0,0,0,1,0,1,0,1,0,1,0,1,0,1,0,1,0,0,0,0,0
0,1,0,46,0,0,45.54999923706055,2062.14990234375,0,0,0,1,0,0,1,0,1,0,0,0,0,0,1,0,0,0,0,0,0,1,0
0,1,0,30,1,0,20.700000762939453,587.0999755859375,0,1,0,0,0,1,0,1,0,1,0,1,0,1,0,1,0,1,1,0,1,0,0
1,1,0,10,1,0,75.30000305175781,720.4500122070312,0,1,0,0,1,0,1,0,0,0,0,0,0,0,0,0,0,0,0,0,0,1,0
0,1,0,23,1,1,99.25,2186.39990234375,1,1,1,0,1,0,1,0,1,0,1,0,0,0,1,0,0,0,0,0,0,1,0
0,0,0,32,1,1,93.4000015258789,2979.300048828125,0,1,0,0,1,0,1,0,1,0,1,0,0,0,0,0,1,0,0,0,1,0,0
0,0,0,13,1,1,73.75,956.6500244140625,0,1,0,0,1,0,1,0,0,0,0,0,0,0,0,0,0,0,0,0,1,0,0
0,0,0,39,1,1,80.44999694824219,3201.550048828125,1,0,0,0,1,0,0,0,0,0,1,0,1,0,0,0,0,0,0,1,0,1,0
0,0,0,44,1,1,88.1500015258789,3973.199951171875,0,0,0,0,1,0,0,0,1,0,1,0,0,0,1,0,0,0,0,0,1,0,0
1,0,0,9,1,0,49.20000076293945,447.8999938964844,0,1,0,0,0,0,0,0,0,0,0,0,1,0,0,0,0,0,0,0,0,0,1
0,1,0,67,1,0,19.649999618530273,1335.199951171875,0,0,0,0,0,1,0,1,0,1,0,1,0,1,0,1,0,1,0,1,0,0,1
0,1,1,9,1,1,79.3499984741211,661.25,1,1,1,0,1,0,0,0,0,0,1,0,0,0,0,0,0,0,0,0,0,0,0
0,0,0,15,1,1,79.75,1111.8499755859375,1,0,1,0,1,0,0,0,1,0,0,0,0,0,0,0,0,0,0,0,0,1,0
0,1,0,71,1,1,105.1500015258789,7555.0,0,0,1,0,1,0,0,0,1,0,1,0,0,0,1,0,1,0,0,1,0,0,0
0,0,0,1,1,0,49.0,49.0,0,1,0,0,0,0,0,0,0,0,0,0,1,0,0,0,0,0,0,0,1,0,0
0,1,1,30,1,1,100.05000305175781,3046.14990234375,1,0,1,0,1,0,0,0,0,0,1,0,0,0,1,0,1,0,0,0,0,1,0
0,0,0,1,1,1,69.3499984741211,69.3499984741211,1,1,0,0,1,0,0,0,0,0,0,0,0,0,0,0,0,0,0,0,0,1,0
0,1,0,17,0,1,49.79999923706055,836.3499755859375,0,1,0,1,0,0,0,0,1,0,0,0,0,0,1,0,1,0,0,0,0,0,1
0,0,0,3,1,0,85.80000305175781,272.20001220703125,1,0,0,0,1,0,0,0,0,0,0,0,1,0,0,0,1,0,0,0,0,1,0
0,1,1,67,1,1,79.69999694824219,5293.39990234375,1,1,1,0,0,0,1,0,0,0,1,0,0,0,1,0,1,0,0,1,0,1,0
0,0,0,1,1,0,20.950000762939453,20.950000762939453,0,1,0,0,0,1,0,1,0,1,0,1,0,1,0,1,0,1,0,0,0,0,0
1,0,0,1,1,0,50.54999923706055,50.54999923706055,1,0,1,0,0,0,0,0,0,0,0,0,0,0,0,0,0,0,0,0,0,0,1
1,1,0,32,1,0,79.30000305175781,2570.0,0,0,1,0,1,0,0,0,0,0,1,0,0,0,0,0,0,0,0,0,0,0,1
0,1,1,41,1,0,19.5,798.2000122070312,0,1,0,0,0,1,0,1,0,1,0,1,0,1,0,1,0,1,1,0,0,0,0
0,1,0,1,1,1,80.55000305175781,80.55000305175781,1,1,0,0,1,0,0,0,0,0,0,0,0,0,1,0,0,0,0,0,0,1,0
0,0,0,1,1,0,44.150001525878906,44.150001525878906,0,0,0,0,0,0,0,0,0,0,0,0,0,0,0,0,0,0,0,0,0,0,0
0,1,1,12,1,1,84.5,916.9000244140625,1,0,1,0,1,0,0,0,1,0,1,0,0,0,0,0,0,0,0,0,0,1,0
0,1,1,62,1,1,105.5,6487.2001953125,0,1,1,0,1,0,1,0,1,0,0,0,0,0,1,0,1,0,0,0,0,1,0
0,0,0,22,1,1,84.30000305175781,1855.6500244140625,1,0,0,0,1,0,0,0,1,0,0,0,0,0,0,0,1,0,0,0,0,0,1
0,0,1,17,1,1,92.69999694824219,1556.8499755859375,0,0,1,0,1,0,0,0,1,0,1,0,1,0,0,0,0,0,0,0,1,0,0
0,1,1,72,1,1,26.25,1988.050048828125,0,0,1,0,0,1,0,1,0,1,0,1,0,1,0,1,0,1,0,1,0,0,0
0,1,1,56,1,1,96.94999694824219,5432.2001953125,0,1,1,0,1,0,0,0,1,0,0,0,1,0,1,0,0,0,0,0,1,0,0
0,0,0,9,1,1,20.450000762939453,147.5500030517578,0,0,0,0,0,1,0,1,0,1,0,1,0,1,0,1,0,1,0,0,1,0,0
0,1,0,72,1,1,115.80000305175781,8424.900390625,0,1,1,0,1,0,1,0,1,0,1,0,1,0,1,0,1,0,0,1,0,0,0
0,0,0,20,1,1,108.19999694824219,2203.699951171875,0,1,0,0,1,0,1,0,1,0,1,0,1,0,1,0,1,0,0,0,0,0,0
0,1,1,19,1,0,20.200000762939453,387.3999938964844,0,1,0,0,0,1,0,1,0,1,0,1,0,1,0,1,0,1,0,1,0,0,1
0,0,0,2,1,1,67.75,116.6500015258789,1,1,0,0,1,0,0,0,0,0,0,0,0,0,0,0,0,0,0,0,0,1,0
0,0,0,53,0,0,54.900001525878906,3045.75,0,1,0,1,0,0,0,0,0,0,1,0,1,0,1,0,1,0,1,0,1,0,0
1,0,0,27,1,1,85.25,2287.25,1,0,1,0,1,0,0,0,0,0,0,0,0,0,0,0,1,0,0,0,0,1,0
0,0,0,6,1,0,20.149999618530273,130.5,0,1,0,0,0,1,0,1,0,1,0,1,0,1,0,1,0,1,0,0,0,0,0
0,1,1,9,1,1,90.3499984741211,767.9000244140625,0,1,1,0,1,0,0,0,0,0,1,0,0,0,1,0,0,0,1,0,0,1,0
0,1,1,8,1,0,55.75,446.79998779296875,0,0,1,0,0,0,0,0,1,0,0,0,0,0,0,0,0,0,0,0,0,1,0
0,1,1,71,1,0,114.5999984741211,8100.25,0,0,1,0,1,0,1,0,1,0,1,0,1,0,1,0,1,0,0,1,0,0,0
0,0,0,10,1,1,80.05000305175781,830.7000122070312,1,0,1,0,1,0,0,0,1,0,0,0,0,0,0,0,0,0,0,0,0,0,0
0,0,0,1,1,0,20.0,20.0,1,1,0,0,0,1,0,1,0,1,0,1,0,1,0,1,0,1,0,0,0,0,1
0,1,0,71,0,0,66.80000305175781,4689.14990234375,0,0,0,1,0,0,1,0,1,0,1,0,1,0,1,0,1,0,1,0,0,0,0
0,1,0,68,1,1,100.30000305175781,6754.35009765625,0,1,0,0,1,0,0,0,1,0,0,0,1,0,1,0,1,0,1,0,0,1,0
0,0,0,34,1,1,105.3499984741211,3540.64990234375,0,1,1,0,1,0,0,0,1,0,0,0,1,0,1,0,1,0,0,0,0,1,0
0,0,0,26,1,1,85.19999694824219,2184.60009765625,0,1,0,0,1,0,0,0,1,0,1,0,1,0,0,0,0,0,1,0,0,1,0
0,0,0,22,1,1,48.79999923706055,1054.5999755859375,1,0,0,0,0,0,1,0,0,0,0,0,0,0,0,0,0,0,0,0,1,0,0
0,0,0,7,1,1,18.950000762939453,130.5500030517578,0,1,0,0,0,1,0,1,0,1,0,1,0,1,0,1,0,1,0,0,0,0,1
0,1,0,20,1,1,69.80000305175781,1540.3499755859375,0,0,0,0,1,0,0,0,0,0,0,0,0,0,0,0,0,0,0,0,0,0,0
0,1,0,60,1,1,106.1500015258789,6411.25,0,0,1,0,1,0,0,0,1,0,1,0,0,0,1,0,1,0,0,0,0,1,0
0,1,1,72,1,0,20.549999237060547,1432.550048828125,0,1,0,0,0,1,0,1,0,1,0,1,0,1,0,1,0,1,0,1,0,1,0
1,1,0,72,1,1,105.75,7629.85009765625,0,0,1,0,1,0,0,0,1,0,1,0,0,0,1,0,1,0,1,0,1,0,0
0,0,0,4,1,0,25.25,101.9000015258789,0,1,1,0,0,1,0,1,0,1,0,1,0,1,0,1,0,1,0,0,0,0,1
0,1,1,16,1,0,19.75,313.3999938964844,0,1,0,0,0,1,0,1,0,1,0,1,0,1,0,1,0,1,0,0,0,1,0
1,1,0,62,1,1,104.8499984741211,6312.89990234375,0,0,1,0,1,0,1,0,0,0,1,0,0,0,1,0,1,0,1,0,0,1,0
0,0,0,10,1,1,60.95000076293945,629.5499877929688,0,0,0,0,0,0,0,0,0,0,0,0,1,0,0,0,1,0,0,0,0,0,1
0,0,0,31,1,1,81.1500015258789,2640.550048828125,0,1,1,0,1,0,0,0,1,0,0,0,0,0,0,0,0,0,0,0,0,1,0
0,1,0,71,1,0,19.100000381469727,1372.449951171875,0,0,0,0,0,1,0,1,0,1,0,1,0,1,0,1,0,1,0,1,1,0,0
0,0,0,58,1,0,20.799999237060547,1212.25,0,1,0,0,0,1,0,1,0,1,0,1,0,1,0,1,0,1,0,1,0,0,1
0,1,1,70,1,1,90.1500015258789,6237.0498046875,0,1,1,0,0,0,1,0,1,0,1,0,1,0,1,0,1,0,0,1,1,0,0
0,1,0,71,1,0,90.0999984741211,6310.89990234375,0,0,1,0,0,0,1,0,1,0,1,0,1,0,1,0,1,0,0,1,0,1,0
1,0,0,69,1,0,74.0999984741211,5031.0,0,1,1,0,0,0,1,0,0,0,1,0,1,0,0,0,1,0,0,1,1,0,0
1,0,0,1,1,1,85.05000305175781,85.05000305175781,1,0,1,0,1,0,0,0,0,0,0,0,0,0,0,0,1,0,0,0,0,1,0
0,1,1,72,1,1,118.75,8672.4501953125,0,0,1,0,1,0,1,0,1,0,1,0,1,0,1,0,1,0,0,1,0,0,0
0,1,0,26,1,0,85.9000015258789,2196.449951171875,0,0,0,0,1,0,0,0,0,0,0,0,1,0,0,0,1,0,0,0,1,0,0
0,1,0,33,1,1,95.0,3008.14990234375,0,0,1,0,1,0,0,0,0,0,1,0,1,0,0,0,1,0,0,0,1,0,0
0,1,1,10,1,0,20.149999618530273,220.8000030517578,0,0,0,0,0,1,0,1,0,1,0,1,0,1,0,1,0,1,0,1,0,0,1
1,0,0,57,1,0,101.30000305175781,5779.60009765625,0,0,1,0,1,0,1,0,0,0,1,0,1,0,0,0,1,0,0,1,1,0,0
0,0,0,10,1,1,21.200000762939453,222.64999389648438,0,0,0,0,0,1,0,1,0,1,0,1,0,1,0,1,0,1,0,0,0,1,0
0,1,1,39,1,1,24.200000762939453,914.5999755859375,0,0,1,0,0,1,0,1,0,1,0,1,0,1,0,1,0,1,1,0,0,0,1
0,0,0,11,1,0,20.299999237060547,246.3000030517578,0,0,0,0,0,1,0,1,0,1,0,1,0,1,0,1,0,1,0,0,0,0,0
0,1,1,21,1,1,102.80000305175781,2110.14990234375,1,0,0,0,1,0,0,0,1,0,1,0,1,0,1,0,1,0,0,0,0,1,0
0,1,1,68,1,0,85.30000305175781,5560.0,0,0,1,0,0,0,0,0,1,0,1,0,1,0,1,0,1,0,0,1,0,0,0
0,0,0,18,1,1,89.5999984741211,1633.0,0,1,1,0,1,0,0,0,0,0,1,0,0,0,1,0,0,0,1,0,1,0,0
0,0,0,6,1,1,99.94999694824219,547.6500244140625,1,0,0,0,1,0,0,0,0,0,1,0,1,0,1,0,1,0,0,0,0,0,1
0,0,0,18,1,0,56.25,969.8499755859375,0,1,1,0,0,0,1,0,0,0,0,0,0,0,0,0,0,0,0,0,0,0,1
0,1,1,52,1,1,50.95000076293945,2610.64990234375,0,0,0,0,0,0,0,0,0,0,1,0,0,0,0,0,0,0,1,0,0,0,0
0,1,1,56,1,0,115.8499984741211,6567.89990234375,0,1,1,0,1,0,1,0,1,0,1,0,1,0,1,0,1,0,0,1,0,0,1
0,0,0,45,1,1,103.6500015258789,4747.85009765625,0,1,1,0,1,0,0,0,0,0,1,0,1,0,1,0,1,0,0,0,0,0,0
0,0,0,67,1,1,26.100000381469727,1759.550048828125,0,0,1,0,0,1,0,1,0,1,0,1,0,1,0,1,0,1,0,1,0,0,1
0,1,0,3,0,0,35.099998474121094,101.0999984741211,0,1,0,1,0,0,1,0,0,0,0,0,1,0,0,0,0,0,0,0,0,0,1
1,0,0,65,1,1,99.0999984741211,6496.14990234375,0,1,0,0,1,0,0,0,1,0,1,0,0,0,1,0,1,0,0,0,0,0,0
0,1,0,63,1,0,67.25,4234.14990234375,0,1,1,0,0,0,0,0,1,0,0,0,1,0,0,0,1,0,0,1,0,0,1
0,1,1,11,1,0,25.0,300.70001220703125,0,0,1,0,0,1,0,1,0,1,0,1,0,1,0,1,0,1,0,1,0,0,1
0,0,1,1,1,1,59.54999923706055,59.54999923706055,0,1,0,0,0,0,0,0,0,0,0,0,1,0,0,0,1,0,0,0,0,0,1
0,0,0,55,1,1,77.80000305175781,4323.35009765625,0,1,1,0,0,0,0,0,0,0,1,0,0,0,1,0,1,0,0,1,0,0,0
0,1,1,25,1,1,55.099998474121094,1466.0999755859375,0,1,1,0,0,0,0,0,0,0,0,0,1,0,0,0,0,0,1,0,0,0,1
0,1,0,72,1,1,117.80000305175781,8684.7998046875,1,1,1,0,1,0,1,0,1,0,1,0,1,0,1,0,1,0,1,0,0,0,0
0,1,0,72,1,1,24.149999618530273,1776.449951171875,0,0,1,0,0,1,0,1,0,1,0,1,0,1,0,1,0,1,0,1,1,0,0
0,0,1,65,0,0,45.25,2933.949951171875,0,0,0,1,0,0,0,0,1,0,0,0,1,0,1,0,0,0,0,1,0,0,1
1,0,0,54,1,1,79.5,4370.25,1,0,1,0,1,0,0,0,1,0,0,0,0,0,0,0,0,0,0,0,0,1,0
0,1,1,7,1,0,20.25,144.35000610351562,0,1,0,0,0,1,0,1,0,1,0,1,0,1,0,1,0,1,0,0,0,0,1
0,1,0,72,1,0,64.75,4804.75,0,0,1,0,0,0,1,0,1,0,0,0,1,0,0,0,0,0,0,1,0,0,0
0,1,0,21,1,0,54.599998474121094,1125.199951171875,0,1,0,0,0,0,0,0,0,0,0,0,0,0,1,0,0,0,0,0,0,0,0
0,0,0,2,1,1,20.700000762939453,39.849998474121094,0,0,0,0,0,1,0,1,0,1,0,1,0,1,0,1,0,1,0,0,0,0,0
1,0,0,4,1,1,94.75,422.3999938964844,0,1,0,0,1,0,0,0,0,0,1,0,0,0,1,0,1,0,0,0,0,1,0
0,1,0,3,1,1,79.6500015258789,251.75,1,1,1,0,1,0,0,0,0,0,0,0,1,0,0,0,0,0,0,0,0,0,0
0,1,0,72,1,0,115.80000305175781,8332.150390625,0,1,1,0,1,0,1,0,1,0,1,0,1,0,1,0,1,0,0,1,1,0,0
0,0,0,6,1,1,49.45000076293945,314.6000061035156,0,0,0,0,0,0,1,0,0,0,0,0,0,0,0,0,0,0,0,0,0,1,0
0,0,0,52,1,1,83.80000305175781,4331.39990234375,0,1,0,0,1,0,0,0,0,0,1,0,0,0,0,0,1,0,0,0,1,0,0
1,1,0,69,1,1,95.3499984741211,6382.0,0,1,1,0,1,0,0,0,1,0,1,0,0,0,0,0,1,0,0,0,0,0,0
0,0,0,8,1,1,94.69999694824219,740.2999877929688,1,1,0,0,1,0,0,0,0,0,1,0,0,0,1,0,1,0,0,0,0,1,0
1,0,0,8,1,1,74.05000305175781,600.1500244140625,0,0,0,0,1,0,0,0,0,0,1,0,0,0,0,0,0,0,0,0,0,0,0
1,0,0,63,1,1,89.5999984741211,5538.7998046875,0,0,1,0,1,0,0,0,0,0,1,0,0,0,0,0,1,0,0,0,0,0,0
0,0,0,60,1,1,116.5999984741211,7049.5,0,1,1,0,1,0,1,0,1,0,1,0,1,0,1,0,1,0,1,0,1,0,0
0,1,0,12,1,0,54.20000076293945,690.5,0,0,0,0,0,0,1,0,0,0,0,0,1,0,0,0,0,0,0,0,0,0,0
0,0,0,13,1,1,19.299999237060547,279.29998779296875,0,0,0,0,0,1,0,1,0,1,0,1,0,1,0,1,0,1,0,0,0,0,1
0,0,0,22,1,0,65.05000305175781,1427.550048828125,0,1,1,0,0,0,1,0,1,0,1,0,0,0,0,0,0,0,0,0,0,0,1
0,0,0,5,1,1,92.5,452.70001220703125,1,1,1,0,1,0,0,0,0,0,1,0,0,0,1,0,0,0,0,0,0,1,0
0,1,1,1,1,0,19.450000762939453,19.450000762939453,1,0,0,0,0,1,0,1,0,1,0,1,0,1,0,1,0,1,0,0,0,0,1
0,1,1,72,1,1,24.049999237060547,1709.1500244140625,0,0,1,0,0,1,0,1,0,1,0,1,0,1,0,1,0,1,0,1,0,0,0
0,0,0,2,1,0,18.75,53.150001525878906,0,0,0,0,0,1,0,1,0,1,0,1,0,1,0,1,0,1,0,0,0,0,0
0,1,1,40,1,0,20.149999618530273,777.3499755859375,0,0,0,0,0,1,0,1,0,1,0,1,0,1,0,1,0,1,0,1,0,0,0
0,1,1,44,1,0,20.0,860.8499755859375,0,1,0,0,0,1,0,1,0,1,0,1,0,1,0,1,0,1,1,0,0,0,0
1,1,0,71,1,1,71.0,5012.10009765625,0,1,0,0,0,0,1,0,1,0,0,0,1,0,1,0,0,0,1,0,0,0,0
0,0,0,2,1,1,75.55000305175781,166.3000030517578,1,0,1,0,1,0,0,0,0,0,0,0,0,0,0,0,0,0,0,0,0,1,0
1,0,0,26,1,1,93.5999984741211,2404.10009765625,0,1,1,0,1,0,0,0,0,0,0,0,0,0,1,0,1,0,0,0,0,1,0
0,1,1,1,1,1,70.0,70.0,1,1,0,0,1,0,0,0,0,0,0,0,0,0,0,0,0,0,0,0,0,1,0
0,0,0,1,0,0,24.399999618530273,24.399999618530273,0,0,0,1,0,0,0,0,0,0,0,0,0,0,0,0,0,0,0,0,0,0,1
0,1,1,65,1,1,74.80000305175781,4820.14990234375,1,1,0,0,0,0,1,0,0,0,0,0,1,0,1,0,1,0,0,1,0,0,0
0,0,0,3,1,1,65.25,209.89999389648438,0,1,1,0,0,0,0,0,0,0,0,0,1,0,1,0,0,0,0,0,0,0,1
0,0,0,13,1,1,50.54999923706055,610.75,0,1,0,0,0,0,0,0,0,0,0,0,1,0,0,0,0,0,0,0,0,0,1
0,1,0,33,1,1,104.4000015258789,3409.60009765625,1,0,1,0,1,0,0,0,1,0,1,0,0,0,1,0,1,0,0,0,0,1,0
0,0,0,1,1,1,70.69999694824219,70.69999694824219,0,0,0,0,1,0,0,0,0,0,0,0,0,0,0,0,0,0,0,0,0,0,1
0,1,1,4,1,0,45.25,155.35000610351562,0,1,0,0,0,0,0,0,0,0,0,0,0,0,0,0,0,0,0,0,0,0,1
0,0,0,2,1,1,70.30000305175781,144.0,0,1,0,0,1,0,0,0,0,0,0,0,0,0,0,0,0,0,0,0,0,1,0
0,1,0,72,1,1,108.94999694824219,7875.0,0,1,1,0,1,0,1,0,1,0,0,0,1,0,1,0,1,0,0,1,1,0,0
0,1,1,37,1,0,26.450000762939453,911.5999755859375,0,0,1,0,0,1,0,1,0,1,0,1,0,1,0,1,0,1,0,0,0,0,1
0,0,0,15,1,0,86.19999694824219,1270.199951171875,1,0,0,0,1,0,1,0,0,0,0,0,0,0,1,0,0,0,0,0,0,1,0
0,0,0,23,1,1,19.649999618530273,478.1000061035156,0,0,0,0,0,1,0,1,0,1,0,1,0,1,0,1,0,1,1,0,1,0,0
0,1,1,30,0,0,51.20000076293945,1561.5,1,0,0,1,0,0,0,0,0,0,0,0,1,0,1,0,1,0,0,0,1,0,0
0,1,1,42,1,1,19.049999237060547,761.8499755859375,0,0,0,0,0,1,0,1,0,1,0,1,0,1,0,1,0,1,1,0,0,1,0
0,0,0,32,1,0,74.75,2282.949951171875,0,0,1,0,0,0,1,0,0,0,0,0,0,0,1,0,1,0,1,0,0,0,1
0,1,1,22,1,1,75.80000305175781,1615.0999755859375,0,0,1,0,1,0,0,0,0,0,0,0,0,0,0,0,0,0,0,0,0,0,0
0,1,0,42,0,1,25.100000381469727,1097.1500244140625,0,1,0,1,0,0,0,0,0,0,0,0,0,0,0,0,0,0,0,0,1,0,0
0,0,0,8,1,0,44.45000076293945,369.29998779296875,0,0,0,0,0,0,0,0,0,0,0,0,0,0,0,0,0,0,0,0,0,0,1
0,1,1,65,1,1,104.30000305175781,6725.2998046875,0,0,1,0,1,0,1,0,0,0,1,0,0,0,1,0,1,0,0,1,1,0,0
0,0,0,2,1,0,19.5,31.549999237060547,1,0,0,0,0,1,0,1,0,1,0,1,0,1,0,1,0,1,0,0,0,0,1
0,1,1,70,1,1,89.0,6293.2001953125,0,0,1,0,0,0,1,0,1,0,1,0,1,0,1,0,1,0,0,1,0,0,0
0,0,1,22,1,0,20.149999618530273,432.5,0,1,0,0,0,1,0,1,0,1,0,1,0,1,0,1,0,1,0,0,1,0,0
1,0,0,4,1,1,74.9000015258789,321.75,1,0,1,0,1,0,0,0,0,0,0,0,0,0,0,0,0,0,0,0,0,1,0
0,0,0,2,1,0,74.9000015258789,147.14999389648438,1,0,1,0,1,0,0,0,0,0,0,0,0,0,0,0,0,0,0,0,1,0,0
0,1,1,67,0,0,36.150001525878906,2434.449951171875,0,0,0,1,0,0,1,0,1,0,0,0,0,0,0,0,0,0,0,1,0,0,0
0,0,0,25,1,1,19.200000762939453,532.0999755859375,0,0,0,0,0,1,0,1,0,1,0,1,0,1,0,1,0,1,0,0,1,0,0
0,1,0,20,1,0,19.25,375.25,0,0,0,0,0,1,0,1,0,1,0,1,0,1,0,1,0,1,0,0,0,0,0
0,0,1,2,1,1,61.20000076293945,125.94999694824219,0,0,0,0,0,0,1,0,0,0,0,0,0,0,0,0,1,0,0,0,1,0,0
0,0,0,51,1,0,20.450000762939453,1042.6500244140625,0,1,0,0,0,1,0,1,0,1,0,1,0,1,0,1,0,1,0,1,0,0,1
0,1,1,46,0,0,35.04999923706055,1620.25,0,0,0,1,0,0,1,0,1,0,0,0,0,0,0,0,0,0,0,0,0,0,0
0,0,0,25,1,1,100.25,2387.75,1,0,1,0,1,0,0,0,1,0,0,0,0,0,1,0,1,0,0,0,0,1,0
0,0,1,13,1,0,44.0,659.3499755859375,0,1,0,0,0,0,0,0,0,0,0,0,0,0,0,0,0,0,0,0,0,0,1
1,0,0,25,1,1,102.80000305175781,2660.199951171875,1,0,1,0,1,0,1,0,1,0,0,0,0,0,1,0,1,0,0,0,0,0,1
0,1,1,26,1,0,50.349998474121094,1285.800048828125,0,1,0,0,0,0,0,0,0,0,1,0,0,0,0,0,0,0,1,0,0,0,1
0,0,0,43,1,1,100.0,4211.5498046875,1,1,1,0,1,0,0,0,0,0,0,0,1,0,1,0,1,0,1,0,0,1,0
0,0,1,19,1,1,20.0,377.54998779296875,0,1,0,0,0,1,0,1,0,1,0,1,0,1,0,1,0,1,0,0,0,1,0
0,1,0,10,1,1,99.8499984741211,990.9000244140625,1,1,0,0,1,0,0,0,1,0,0,0,1,0,1,0,1,0,0,0,0,1,0
0,0,1,2,1,1,94.19999694824219,193.8000030517578,1,0,1,0,1,0,0,0,0,0,0,0,0,0,1,0,1,0,0,0,0,0,0
0,1,0,72,1,1,86.4000015258789,6058.9501953125,0,0,1,0,0,0,1,0,1,0,0,0,1,0,1,0,1,0,0,1,0,0,0
1,0,0,18,1,1,58.400001525878906,964.9000244140625,0,1,1,0,0,0,1,0,1,0,0,0,0,0,0,0,0,0,0,0,1,0,0
1,0,0,9,1,1,83.8499984741211,790.1500244140625,1,1,1,0,1,0,0,0,0,0,0,0,0,0,0,0,1,0,0,0,0,1,0
1,0,0,27,1,0,88.30000305175781,2467.75,1,0,1,0,1,0,0,0,0,0,1,0,0,0,0,0,1,0,0,0,1,0,0
0,0,0,24,1,1,94.0999984741211,2322.85009765625,0,1,1,0,1,0,0,0,0,0,0,0,0,0,1,0,1,0,0,0,0,1,0
0,0,0,69,1,1,104.05000305175781,7262.0,1,1,0,0,1,0,0,0,1,0,1,0,1,0,1,0,1,0,1,0,0,0,0
0,1,0,46,1,1,108.9000015258789,4854.2998046875,0,0,1,0,1,0,0,0,1,0,1,0,1,0,1,0,1,0,0,1,1,0,0
1,0,0,72,1,1,107.4000015258789,7748.75,0,0,1,0,1,0,1,0,1,0,1,0,1,0,0,0,1,0,0,1,0,0,0
0,1,0,22,1,1,94.69999694824219,1914.9000244140625,1,1,0,0,1,0,0,0,0,0,1,0,0,0,1,0,1,0,0,0,1,0,0
1,1,0,70,1,1,90.8499984741211,6470.10009765625,0,0,1,0,1,0,1,0,0,0,0,0,0,0,0,0,1,0,0,0,0,1,0
0,0,0,2,1,0,19.899999618530273,57.400001525878906,0,0,0,0,0,1,0,1,0,1,0,1,0,1,0,1,0,1,0,0,0,1,0
0,1,0,31,1,1,66.4000015258789,2019.800048828125,0,1,0,0,0,0,0,0,0,0,1,0,1,0,0,0,1,0,0,0,1,0,0
1,1,0,56,1,1,100.6500015258789,5688.0498046875,1,0,1,0,1,0,0,0,0,0,1,0,0,0,1,0,1,0,0,0,0,0,0
0,1,1,16,1,0,100.69999694824219,1522.699951171875,0,0,0,0,1,0,1,0,0,0,1,0,0,0,1,0,1,0,0,0,0,0,0
0,0,1,52,1,0,25.600000381469727,1334.5,0,1,1,0,0,1,0,1,0,1,0,1,0,1,0,1,0,1,0,1,1,0,0
0,1,1,13,1,1,19.850000381469727,252.0,0,1,0,0,0,1,0,1,0,1,0,1,0,1,0,1,0,1,0,0,0,0,1
0,0,0,35,1,0,20.75,700.4500122070312,0,0,0,0,0,1,0,1,0,1,0,1,0,1,0,1,0,1,1,0,0,0,1
0,0,0,59,1,0,95.80000305175781,5655.4501953125,0,0,0,0,1,0,0,0,0,0,1,0,0,0,1,0,1,0,0,1,0,1,0
0,1,0,72,1,1,94.6500015258789,6747.35009765625,0,1,0,0,1,0,0,0,0,0,1,0,0,0,1,0,1,0,0,0,0,1,0
1,1,0,66,1,1,80.55000305175781,5265.10009765625,1,0,1,0,0,0,0,0,1,0,1,0,0,0,1,0,1,0,0,1,0,0,0
0,1,0,49,1,0,106.6500015258789,5174.35009765625,0,0,1,0,1,0,1,0,1,0,1,0,1,0,0,0,1,0,0,1,1,0,0
0,0,0,2,1,1,45.849998474121094,105.5999984741211,0,0,0,0,0,0,0,0,0,0,0,0,0,0,0,0,0,0,0,0,0,0,1
1,0,0,21,1,1,104.3499984741211,2271.85009765625,0,1,1,0,1,0,0,0,1,0,1,0,0,0,1,0,1,0,0,0,0,1,0
1,0,0,54,0,1,55.45000076293945,2966.949951171875,0,1,0,1,0,0,0,0,1,0,1,0,0,0,1,0,1,0,1,0,0,1,0
1,1,0,24,1,1,78.8499984741211,1772.25,1,1,1,0,1,0,1,0,0,0,0,0,0,0,0,0,0,0,0,0,0,1,0
0,0,0,1,1,0,61.150001525878906,61.150001525878906,0,1,1,0,0,0,1,0,1,0,0,0,0,0,0,0,0,0,0,0,0,1,0
0,0,0,6,1,1,78.94999694824219,494.95001220703125,0,1,0,0,1,0,1,0,1,0,0,0,0,0,0,0,0,0,0,0,0,1,0
0,0,0,1,1,1,44.45000076293945,44.45000076293945,1,0,0,0,0,0,0,0,0,0,0,0,0,0,0,0,0,0,0,0,0,0,1
0,0,1,49,1,1,109.19999694824219,5290.4501953125,0,1,1,0,1,0,1,0,1,0,1,0,0,0,1,0,1,0,1,0,1,0,0
0,1,1,56,1,1,61.29999923706055,3346.800048828125,0,0,0,0,0,0,1,0,1,0,1,0,0,0,0,0,0,0,0,1,1,0,0
1,0,0,56,1,1,96.8499984741211,5219.64990234375,0,0,1,0,1,0,1,0,1,0,0,0,0,0,0,0,1,0,0,0,0,1,0
0,1,1,6,0,0,40.54999923706055,217.5,0,0,0,1,0,0,0,0,1,0,1,0,1,0,0,0,0,0,0,1,0,0,1
0,0,0,32,1,0,19.799999237060547,607.7000122070312,0,1,0,0,0,1,0,1,0,1,0,1,0,1,0,1,0,1,1,0,0,0,1
0,1,1,50,1,1,108.25,5431.39990234375,0,1,1,0,1,0,1,0,1,0,1,0,0,0,1,0,1,0,1,0,0,1,0
0,1,1,58,1,1,105.05000305175781,6004.85009765625,0,1,1,0,1,0,0,0,0,0,1,0,1,0,1,0,1,0,1,0,0,0,0
0,1,1,65,1,1,90.44999694824219,5957.89990234375,0,0,1,0,0,0,1,0,1,0,1,0,1,0,1,0,1,0,0,1,0,0,1
0,0,0,64,1,1,86.4000015258789,5442.0498046875,0,0,1,0,0,0,1,0,1,0,1,0,1,0,1,0,1,0,0,1,1,0,0
0,1,0,66,1,0,66.9000015258789,4370.25,0,0,1,0,0,0,1,0,1,0,1,0,0,0,0,0,0,0,0,1,0,0,0
0,1,0,38,1,1,110.69999694824219,4428.60009765625,0,1,1,0,1,0,1,0,0,0,1,0,1,0,1,0,1,0,1,0,0,1,0
0,1,0,20,1,1,20.0,416.45001220703125,0,0,0,0,0,1,0,1,0,1,0,1,0,1,0,1,0,1,1,0,0,0,1
0,0,0,36,1,1,84.9000015258789,3067.199951171875,1,1,1,0,1,0,0,0,0,0,0,0,0,0,0,0,1,0,0,0,0,1,0
1,0,0,64,1,0,102.0999984741211,6688.10009765625,0,1,1,0,1,0,0,0,0,0,1,0,1,0,1,0,1,0,1,0,0,1,0
0,0,0,1,1,0,20.25,20.25,1,1,0,0,0,1,0,1,0,1,0,1,0,1,0,1,0,1,0,0,0,0,1
0,0,0,60,1,1,70.1500015258789,4224.7001953125,0,0,0,0,0,0,0,0,1,0,1,0,1,0,1,0,0,0,1,0,1,0,0
0,0,0,1,1,1,74.3499984741211,74.3499984741211,1,1,0,0,1,0,0,0,1,0,0,0,0,0,0,0,0,0,0,0,0,1,0
0,1,1,50,1,1,80.05000305175781,4042.199951171875,0,0,1,0,0,0,1,0,1,0,1,0,1,0,0,0,1,0,1,0,0,0,0
0,0,0,1,1,0,62.04999923706055,62.04999923706055,1,1,1,0,0,0,0,0,0,0,1,0,1,0,0,0,0,0,0,0,0,0,1
0,1,0,72,0,1,49.20000076293945,3580.949951171875,0,0,0,1,0,0,1,0,1,0,1,0,0,0,0,0,1,0,0,1,0,1,0
0,1,0,60,1,1,20.5,1198.800048828125,0,1,0,0,0,1,0,1,0,1,0,1,0,1,0,1,0,1,0,1,0,0,0
0,0,0,46,0,0,38.25,1755.3499755859375,0,1,0,1,0,0,1,0,0,0,1,0,1,0,0,0,0,0,0,1,0,0,1
0,1,1,69,0,1,54.95000076293945,3772.5,0,0,0,1,0,0,0,0,1,0,1,0,0,0,1,0,1,0,0,1,1,0,0
1,0,0,31,1,1,96.5999984741211,2877.949951171875,0,1,1,0,1,0,0,0,0,0,1,0,1,0,1,0,0,0,0,0,0,0,0
0,1,1,19,1,0,19.899999618530273,357.70001220703125,0,1,0,0,0,1,0,1,0,1,0,1,0,1,0,1,0,1,1,0,0,0,1
0,1,1,71,1,0,19.899999618530273,1397.300048828125,0,0,0,0,0,1,0,1,0,1,0,1,0,1,0,1,0,1,0,1,1,0,0
0,1,0,12,1,1,84.5999984741211,959.9000244140625,0,1,0,0,1,0,1,0,1,0,1,0,0,0,0,0,0,0,0,0,0,1,0
0,1,1,39,1,0,80.0,3182.949951171875,1,1,0,0,0,0,1,0,0,0,1,0,1,0,1,0,1,0,1,0,1,0,0
0,0,0,44,1,1,85.25,3704.14990234375,0,1,1,0,0,0,0,0,1,0,1,0,1,0,1,0,1,0,1,0,0,0,0
0,1,1,56,1,0,81.25,4620.39990234375,0,0,1,0,0,0,1,0,1,0,1,0,1,0,1,0,0,0,0,1,1,0,0
0,1,0,72,1,1,115.5,8312.75,0,0,1,0,1,0,1,0,1,0,1,0,1,0,1,0,1,0,0,1,0,0,0
0,0,0,5,1,0,104.0999984741211,541.9000244140625,1,1,1,0,1,0,0,0,1,0,1,0,0,0,1,0,1,0,0,0,0,0,1
0,0,0,11,1,1,79.0,929.2999877929688,0,0,1,0,1,0,1,0,0,0,0,0,0,0,0,0,0,0,0,0,0,0,0
1,1,0,24,0,0,39.099998474121094,971.2999877929688,1,1,0,1,0,0,1,0,0,0,0,0,0,0,0,0,1,0,0,0,0,0,0
1,1,0,15,1,1,94.6500015258789,1285.050048828125,0,0,0,0,1,0,0,0,1,0,0,0,0,0,1,0,1,0,0,0,0,1,0
0,0,0,72,1,1,20.799999237060547,1521.199951171875,0,1,0,0,0,1,0,1,0,1,0,1,0,1,0,1,0,1,0,1,0,0,1
0,1,0,56,1,0,59.5,3389.25,0,1,1,0,0,0,0,0,1,0,1,0,0,0,0,0,0,0,0,1,1,0,0
1,0,0,64,1,1,20.049999237060547,1198.050048828125,0,1,0,0,0,1,0,1,0,1,0,1,0,1,0,1,0,1,0,1,0,0,0
0,1,0,34,1,1,100.44999694824219,3414.64990234375,0,0,1,0,1,0,0,0,0,0,1,0,0,0,1,0,1,0,0,0,0,1,0
0,0,0,2,1,1,76.5,162.4499969482422,1,1,1,0,1,0,0,0,0,0,0,0,0,0,0,0,0,0,0,0,0,1,0
0,0,0,35,1,0,20.600000381469727,754.0,0,1,0,0,0,1,0,1,0,1,0,1,0,1,0,1,0,1,1,0,0,0,0
0,0,0,22,1,0,20.299999237060547,467.1499938964844,0,1,0,0,0,1,0,1,0,1,0,1,0,1,0,1,0,1,1,0,1,0,0
0,0,0,5,1,1,49.20000076293945,216.89999389648438,1,1,0,0,0,0,0,0,0,0,0,0,1,0,0,0,0,0,0,0,0,1,0
0,0,0,9,0,0,39.54999923706055,373.0,0,1,0,1,0,0,1,0,1,0,1,0,0,0,0,0,0,0,1,0,0,0,1
0,0,0,11,1,0,23.149999618530273,245.1999969482422,1,1,1,0,0,1,0,1,0,1,0,1,0,1,0,1,0,1,0,0,1,0,0
0,0,0,23,1,0,20.450000762939453,481.1000061035156,0,1,0,0,0,1,0,1,0,1,0,1,0,1,0,1,0,1,1,0,0,0,1
0,1,1,4,1,0,80.8499984741211,302.75,1,0,0,0,1,0,0,0,0,0,0,0,0,0,0,0,1,0,0,0,0,1,0
0,1,0,68,1,0,25.25,1728.199951171875,0,1,1,0,0,1,0,1,0,1,0,1,0,1,0,1,0,1,0,1,0,0,0
0,1,0,33,1,0,91.25,2964.050048828125,0,1,0,0,1,0,0,0,0,0,0,0,0,0,1,0,1,0,0,0,0,1,0
0,0,0,31,1,1,72.44999694824219,2156.25,0,1,0,0,0,0,1,0,1,0,1,0,1,0,1,0,0,0,0,0,0,0,0
0,0,0,1,1,0,60.099998474121094,60.099998474121094,1,1,1,0,0,0,0,0,1,0,0,0,1,0,0,0,0,0,0,0,0,0,1
0,0,0,56,1,0,19.700000762939453,1051.9000244140625,0,0,0,0,0,1,0,1,0,1,0,1,0,1,0,1,0,1,0,1,0,0,0
0,0,0,1,1,1,78.94999694824219,78.94999694824219,1,1,0,0,1,0,0,0,0,0,0,0,0,0,1,0,0,0,0,0,0,1,0
0,1,1,66,1,1,75.0999984741211,5013.0,0,1,0,0,0,0,1,0,1,0,1,0,1,0,1,0,0,0,1,0,0,1,0
0,1,1,72,1,0,25.0,1738.9000244140625,0,1,1,0,0,1,0,1,0,1,0,1,0,1,0,1,0,1,0,1,0,0,0
1,0,0,34,1,0,69.1500015258789,2275.10009765625,0,1,0,0,1,0,0,0,0,0,0,0,0,0,0,0,0,0,0,0,1,0,0
0,1,1,58,1,1,91.55000305175781,5511.64990234375,0,0,0,0,1,0,0,0,1,0,1,0,0,0,1,0,0,0,0,0,0,1,0
0,0,0,2,1,1,45.150001525878906,98.5,1,1,0,0,0,0,0,0,0,0,0,0,0,0,0,0,0,0,0,0,0,1,0
0,0,0,37,0,0,35.79999923706055,1316.9000244140625,0,1,0,1,0,0,0,0,0,0,0,0,0,0,1,0,0,0,0,1,1,0,0
0,0,0,71,1,1,113.1500015258789,7993.2998046875,0,0,1,0,1,0,1,0,1,0,1,0,1,0,1,0,1,0,0,1,1,0,0
0,1,1,1,1,0,19.850000381469727,19.850000381469727,0,1,0,0,0,1,0,1,0,1,0,1,0,1,0,1,0,1,1,0,1,0,0
1,1,1,71,1,0,19.799999237060547,1388.449951171875,0,1,0,0,0,1,0,1,0,1,0,1,0,1,0,1,0,1,0,1,1,0,0
0,1,1,35,1,0,19.899999618530273,666.0,0,1,0,0,0,1,0,1,0,1,0,1,0,1,0,1,0,1,1,0,0,1,0
0,1,1,6,1,0,19.700000762939453,94.44999694824219,0,0,0,0,0,1,0,1,0,1,0,1,0,1,0,1,0,1,1,0,0,0,1
0,0,0,3,1,1,79.4000015258789,244.64999389648438,1,0,0,0,1,0,0,0,0,0,0,0,0,0,1,0,0,0,0,0,0,1,0
0,1,1,69,1,0,59.099998474121094,4134.7001953125,0,0,0,0,0,0,0,0,1,0,1,0,1,0,0,0,0,0,1,0,0,0,0
0,0,0,44,0,1,53.95000076293945,2375.39990234375,1,1,0,1,0,0,0,0,1,0,1,0,0,0,1,0,1,0,1,0,0,0,1
0,1,0,53,1,1,91.1500015258789,4862.5,0,0,1,0,1,0,0,0,0,0,0,0,1,0,0,0,1,0,1,0,0,1,0
0,1,0,24,1,1,99.30000305175781,2431.35009765625,1,0,0,0,1,0,0,0,1,0,1,0,0,0,1,0,1,0,0,0,1,0,0
0,1,0,5,1,1,68.94999694824219,351.5,0,0,0,0,1,0,0,0,0,0,0,0,0,0,0,0,0,0,0,0,0,1,0
0,0,1,2,1,0,51.54999923706055,106.19999694824219,0,0,0,0,0,0,0,0,1,0,0,0,0,0,0,0,0,0,0,0,0,0,1
0,0,1,62,1,1,24.399999618530273,1413.0,0,1,1,0,0,1,0,1,0,1,0,1,0,1,0,1,0,1,0,1,0,0,1
0,1,0,19,1,1,96.80000305175781,1743.050048828125,0,0,0,0,1,0,0,0,0,0,1,0,0,0,1,0,1,0,0,0,0,1,0
0,0,0,9,1,0,70.05000305175781,657.5,0,1,0,0,1,0,0,0,0,0,0,0,0,0,0,0,0,0,0,0,0,0,1
0,0,0,53,1,0,19.5,1050.5,0,1,0,0,0,1,0,1,0,1,0,1,0,1,0,1,0,1,0,1,1,0,0
0,0,0,5,1,0,78.75,426.3500061035156,0,1,0,0,1,0,0,0,0,0,0,0,0,0,0,0,1,0,0,0,0,0,1
1,1,1,71,1,0,69.19999694824219,4982.5,0,0,1,0,0,0,1,0,1,0,0,0,0,0,1,0,0,0,1,0,0,1,0
0,0,0,1,1,1,19.549999237060547,19.549999237060547,0,0,0,0,0,1,0,1,0,1,0,1,0,1,0,1,0,1,0,0,0,0,1
0,0,0,18,1,1,80.6500015258789,1451.9000244140625,1,1,1,0,1,0,0,0,1,0,0,0,0,0,0,0,0,0,0,0,0,1,0
0,0,0,72,1,1,103.6500015258789,7634.7998046875,0,1,1,0,1,0,0,0,1,0,1,0,0,0,1,0,1,0,0,1,0,1,0
0,1,0,4,1,0,54.70000076293945,235.0500030517578,0,0,0,0,0,0,1,0,1,0,0,0,0,0,0,0,0,0,0,0,0,0,1
0,0,0,59,1,0,54.150001525878906,3116.14990234375,0,1,1,0,0,0,0,0,0,0,1,0,0,0,0,0,0,0,0,1,1,0,0
0,0,0,1,1,0,71.0999984741211,71.0999984741211,1,0,0,0,1,0,0,0,0,0,0,0,0,0,0,0,0,0,0,0,0,0,1
1,1,0,31,1,1,84.8499984741211,2633.39990234375,0,0,1,0,1,0,0,0,0,0,0,0,0,0,0,0,1,0,0,0,0,1,0
0,1,0,3,1,0,20.0,49.650001525878906,0,1,0,0,0,1,0,1,0,1,0,1,0,1,0,1,0,1,0,0,0,0,0
1,1,0,65,1,1,106.25,6979.7998046875,1,0,1,0,1,0,0,0,1,0,1,0,0,0,1,0,1,0,1,0,0,1,0
0,1,0,49,1,1,99.25,4920.7998046875,0,1,0,0,1,0,0,0,0,0,1,0,1,0,1,0,1,0,1,0,1,0,0
0,0,0,2,1,0,19.350000381469727,46.349998474121094,0,1,0,0,0,1,0,1,0,1,0,1,0,1,0,1,0,1,0,0,0,0,1
0,1,0,53,1,0,20.799999237060547,1021.7999877929688,1,0,0,0,0,1,0,1,0,1,0,1,0,1,0,1,0,1,1,0,0,0,0
0,1,0,55,1,1,94.75,5276.10009765625,0,0,0,0,1,0,1,0,0,0,0,0,0,0,1,0,1,0,1,0,0,1,0
0,1,1,72,1,1,114.05000305175781,8289.2001953125,0,1,1,0,1,0,1,0,1,0,1,0,1,0,1,0,1,0,0,1,1,0,0
1,0,0,36,1,1,74.9000015258789,2659.449951171875,0,0,1,0,1,0,0,0,0,0,0,0,0,0,0,0,0,0,0,0,0,0,0
0,1,1,10,1,1,19.799999237060547,196.75,0,0,0,0,0,1,0,1,0,1,0,1,0,1,0,1,0,1,0,0,0,0,0
1,0,0,1,1,1,94.0,94.0,1,1,1,0,1,0,0,0,0,0,0,0,0,0,1,0,1,0,0,0,0,1,0
0,1,1,72,1,0,80.8499984741211,5824.75,0,0,1,0,0,0,1,0,1,0,1,0,1,0,0,0,1,0,0,1,0,0,0
0,0,0,28,1,0,54.650001525878906,1517.5,0,0,0,0,0,0,0,0,1,0,0,0,1,0,0,0,0,0,0,0,0,0,0
0,1,0,38,1,0,91.69999694824219,3479.050048828125,0,1,1,0,1,0,1,0,0,0,0,0,0,0,1,0,0,0,0,0,0,0,0
0,0,0,61,1,1,118.5999984741211,7365.7001953125,0,0,1,0,1,0,1,0,1,0,1,0,1,0,1,0,1,0,1,0,0,1,0
0,1,1,52,1,0,24.549999237060547,1331.050048828125,0,1,1,0,0,1,0,1,0,1,0,1,0,1,0,1,0,1,0,1,0,0,1
0,0,0,67,1,1,19.450000762939453,1195.949951171875,0,1,0,0,0,1,0,1,0,1,0,1,0,1,0,1,0,1,1,0,0,0,1
0,0,1,34,1,1,116.1500015258789,3946.89990234375,0,0,1,0,1,0,1,0,1,0,1,0,1,0,1,0,1,0,0,1,1,0,0
0,0,0,54,1,0,80.5999984741211,4299.9501953125,0,0,0,0,0,0,1,0,0,0,1,0,1,0,1,0,1,0,0,1,0,1,0
0,1,0,1,1,1,20.299999237060547,20.299999237060547,0,0,0,0,0,1,0,1,0,1,0,1,0,1,0,1,0,1,0,0,0,0,0
1,0,0,15,1,0,89.8499984741211,1424.949951171875,1,0,1,0,1,0,0,0,1,0,0,0,0,0,0,0,1,0,0,0,0,1,0
0,0,0,4,1,1,46.0,193.60000610351562,1,0,0,0,0,0,0,0,0,0,0,0,0,0,0,0,0,0,0,0,0,0,1
0,0,0,9,1,0,66.25,620.5499877929688,1,0,0,0,0,0,0,0,1,0,0,0,1,0,1,0,0,0,0,0,0,0,1
0,0,1,46,1,1,99.80000305175781,4391.25,0,0,0,0,1,0,0,0,1,0,1,0,0,0,1,0,1,0,0,0,0,1,0
0,0,0,22,1,1,90.0,1993.800048828125,1,0,1,0,1,0,0,0,0,0,0,0,1,0,1,0,0,0,0,0,0,1,0
0,0,0,38,1,1,70.44999694824219,2597.60009765625,1,1,0,0,1,0,0,0,0,0,0,0,0,0,0,0,0,0,1,0,0,0,0
0,1,1,55,1,1,75.0,4213.89990234375,0,0,1,0,0,0,1,0,1,0,0,0,1,0,1,0,0,0,1,0,1,0,0
0,0,0,1,1,0,19.899999618530273,19.899999618530273,0,0,0,0,0,1,0,1,0,1,0,1,0,1,0,1,0,1,0,0,0,0,1
1,1,0,64,1,0,80.30000305175781,5017.7001953125,0,1,0,0,1,0,1,0,0,0,1,0,0,0,0,0,0,0,1,0,1,0,0
0,0,1,53,1,0,19.75,1052.3499755859375,1,1,0,0,0,1,0,1,0,1,0,1,0,1,0,1,0,1,0,1,0,0,0
0,1,0,58,1,1,84.30000305175781,4916.39990234375,0,0,1,0,0,0,1,0,0,0,1,0,1,0,1,0,1,0,0,1,0,1,0
0,1,0,56,0,1,54.04999923706055,2959.800048828125,0,1,0,1,0,0,0,0,0,0,1,0,1,0,1,0,1,0,1,0,0,0,0
0,1,1,72,1,1,104.9000015258789,7559.5498046875,0,1,0,0,1,0,1,0,0,0,1,0,1,0,1,0,1,0,0,1,1,0,0
0,0,0,1,1,1,53.95000076293945,53.95000076293945,1,1,0,0,0,0,1,0,0,0,0,0,1,0,0,0,0,0,0,0,0,1,0
1,1,0,72,1,1,97.25,7133.10009765625,0,1,1,0,1,0,0,0,1,0,0,0,0,0,1,0,1,0,1,0,1,0,0
0,0,0,22,1,0,83.05000305175781,1799.300048828125,0,1,1,0,1,0,0,0,0,0,0,0,0,0,0,0,1,0,0,0,0,1,0
1,0,0,8,1,1,105.5,829.5499877929688,1,0,1,0,1,0,0,0,1,0,1,0,0,0,1,0,1,0,0,0,0,1,0
0,0,1,16,1,1,81.0,1312.1500244140625,1,0,0,0,1,0,0,0,0,0,0,0,0,0,1,0,0,0,0,0,0,1,0
0,0,0,39,0,0,41.099998474121094,1597.050048828125,0,0,0,1,0,0,0,0,1,0,1,0,1,0,0,0,0,0,0,0,0,0,0
0,0,0,12,1,1,45.0,524.3499755859375,0,0,0,0,0,0,0,0,0,0,0,0,0,0,0,0,0,0,0,0,0,0,0
0,1,0,54,1,1,74.55000305175781,4191.4501953125,0,1,0,0,0,0,1,0,1,0,0,0,0,0,1,0,1,0,0,1,0,0,0
0,0,0,18,0,1,40.20000076293945,711.9500122070312,0,0,0,1,0,0,1,0,1,0,0,0,1,0,0,0,0,0,1,0,0,0,1
0,1,0,32,1,0,70.5,2201.75,0,1,0,0,0,0,1,0,1,0,0,0,1,0,0,0,1,0,1,0,0,0,1
0,0,0,41,1,1,19.75,806.9500122070312,0,0,0,0,0,1,0,1,0,1,0,1,0,1,0,1,0,1,1,0,0,0,1
0,1,1,67,1,0,24.649999618530273,1620.449951171875,0,1,1,0,0,1,0,1,0,1,0,1,0,1,0,1,0,1,0,1,0,0,0
0,1,0,65,1,1,104.25,6812.9501953125,0,1,1,0,1,0,1,0,0,0,1,0,0,0,1,0,1,0,0,0,0,1,0
0,0,0,25,1,1,78.3499984741211,1837.9000244140625,0,0,1,0,0,0,1,0,1,0,1,0,1,0,1,0,0,0,0,0,0,0,0
0,1,1,1,1,1,69.80000305175781,69.80000305175781,1,0,0,0,1,0,0,0,0,0,0,0,0,0,0,0,0,0,0,0,0,1,0
0,1,0,67,1,1,109.69999694824219,7344.4501953125,0,0,1,0,1,0,0,0,1,0,1,0,1,0,1,0,1,0,1,0,1,0,0
1,0,0,7,1,0,73.75,545.1500244140625,1,1,1,0,1,0,0,0,0,0,0,0,0,0,0,0,0,0,0,0,0,0,1
1,0,0,43,0,1,33.45000076293945,1500.25,0,0,0,1,0,0,1,0,1,0,0,0,0,0,0,0,0,0,0,0,1,0,0
0,0,0,24,1,1,94.5999984741211,2283.14990234375,0,0,0,0,1,0,1,0,0,0,0,0,0,0,1,0,1,0,0,0,0,1,0
1,0,0,9,1,0,54.54999923706055,494.04998779296875,1,1,1,0,0,0,1,0,0,0,0,0,0,0,0,0,0,0,0,0,0,1,0
0,1,1,69,1,0,20.200000762939453,1376.5,0,1,0,0,0,1,0,1,0,1,0,1,0,1,0,1,0,1,0,1,0,0,0
0,0,1,37,1,0,20.299999237060547,755.4000244140625,0,0,0,0,0,1,0,1,0,1,0,1,0,1,0,1,0,1,1,0,0,0,0
0,1,1,20,0,1,39.400001525878906,825.4000244140625,0,1,0,1,0,0,1,0,0,0,1,0,1,0,0,0,0,0,0,1,1,0,0
0,0,0,7,1,0,69.1500015258789,488.6499938964844,0,1,0,0,1,0,0,0,0,0,0,0,0,0,0,0,0,0,0,0,0,0,0
1,0,0,37,1,1,76.25,2841.550048828125,1,0,1,0,1,0,0,0,0,0,0,0,0,0,0,0,0,0,0,0,0,1,0
0,0,0,5,1,1,93.9000015258789,486.8500061035156,1,0,1,0,1,0,0,0,0,0,0,0,0,0,1,0,1,0,0,0,0,0,1
0,0,0,41,0,1,51.349998474121094,2075.10009765625,0,1,0,1,0,0,0,0,0,0,1,0,0,0,1,0,1,0,1,0,0,1,0
0,0,0,54,1,1,100.05000305175781,5299.64990234375,0,0,0,0,1,0,1,0,1,0,0,0,0,0,1,0,1,0,1,0,1,0,0
1,0,0,3,1,1,70.4000015258789,204.6999969482422,1,0,0,0,1,0,0,0,0,0,0,0,0,0,0,0,0,0,0,0,0,1,0
1,0,0,69,1,0,20.299999237060547,1356.300048828125,0,1,0,0,0,1,0,1,0,1,0,1,0,1,0,1,0,1,0,1,1,0,0
0,0,0,53,1,1,94.44999694824219,5042.75,0,0,0,0,1,0,0,0,1,0,1,0,1,0,0,0,1,0,1,0,1,0,0
0,1,1,18,0,0,46.400001525878906,812.4000244140625,0,1,0,1,0,0,0,0,1,0,1,0,0,0,1,0,0,0,1,0,1,0,0
0,1,0,64,1,1,104.05000305175781,6605.5498046875,0,1,0,0,1,0,1,0,1,0,0,0,1,0,1,0,1,0,0,1,1,0,0
0,1,1,31,1,1,91.1500015258789,2995.449951171875,1,0,1,0,1,0,0,0,1,0,0,0,0,0,0,0,1,0,0,0,0,1,0
0,0,0,20,0,0,24.899999618530273,505.95001220703125,0,0,0,1,0,0,0,0,0,0,0,0,0,0,0,0,0,0,0,0,1,0,0
0,1,1,57,1,0,59.599998474121094,3509.39990234375,0,1,0,0,0,0,1,0,1,0,0,0,1,0,0,0,0,0,1,0,0,0,1
1,1,0,63,1,0,108.5,6991.89990234375,0,1,1,0,1,0,1,0,1,0,1,0,0,0,1,0,1,0,0,1,1,0,0
0,1,1,13,0,0,40.54999923706055,590.3499755859375,0,1,0,1,0,0,1,0,1,0,0,0,1,0,0,0,0,0,0,1,0,0,1
1,1,0,48,1,1,58.95000076293945,2789.699951171875,0,0,0,0,0,0,0,0,1,0,0,0,0,0,0,0,1,0,1,0,0,0,0
0,0,0,2,1,1,70.94999694824219,137.9499969482422,1,0,0,0,1,0,0,0,0,0,0,0,0,0,0,0,0,0,0,0,0,1,0
0,1,1,57,1,0,20.75,1123.1500244140625,0,1,0,0,0,1,0,1,0,1,0,1,0,1,0,1,0,1,0,1,0,0,1
0,1,0,71,1,1,113.1500015258789,7953.25,0,1,1,0,1,0,0,0,1,0,1,0,1,0,1,0,1,0,1,0,0,0,0
0,1,1,7,1,0,48.79999923706055,349.79998779296875,0,0,1,0,0,0,0,0,0,0,0,0,0,0,0,0,0,0,0,0,0,1,0
0,0,0,16,1,1,63.04999923706055,1067.050048828125,0,0,1,0,0,0,0,0,0,0,0,0,0,0,0,0,1,0,0,0,0,0,0
0,1,0,34,1,0,100.8499984741211,3527.300048828125,0,1,1,0,1,0,0,0,0,0,1,0,0,0,1,0,1,0,0,0,0,1,0
0,1,0,37,1,1,99.5,3762.0,1,0,1,0,1,0,0,0,0,0,1,0,0,0,1,0,1,0,0,0,0,1,0
0,0,0,16,1,1,80.55000305175781,1248.9000244140625,0,1,1,0,1,0,0,0,1,0,0,0,0,0,0,0,0,0,0,0,0,0,1
0,0,1,48,1,1,64.4000015258789,3035.35009765625,0,1,1,0,0,0,1,0,1,0,1,0,0,0,0,0,0,0,1,0,0,0,0
0,1,1,58,1,1,75.19999694824219,4300.7998046875,0,1,0,0,0,0,0,0,1,0,0,0,1,0,1,0,1,0,1,0,1,0,0
0,1,0,72,1,1,84.9000015258789,6065.2998046875,0,0,1,0,0,0,1,0,0,0,1,0,1,0,1,0,1,0,0,1,0,0,0
0,0,0,7,1,0,19.299999237060547,144.9499969482422,0,0,0,0,0,1,0,1,0,1,0,1,0,1,0,1,0,1,0,0,0,0,1
0,0,0,38,1,1,83.9000015258789,3233.60009765625,1,0,0,0,1,0,1,0,1,0,1,0,0,0,0,0,0,0,0,0,1,0,0
1,1,0,48,1,0,117.44999694824219,5438.89990234375,1,0,1,0,1,0,1,0,1,0,1,0,1,0,1,0,1,0,0,0,0,1,0
0,0,0,10,1,1,104.4000015258789,1081.449951171875,1,1,0,0,1,0,1,0,1,0,1,0,0,0,1,0,1,0,0,0,0,1,0
0,0,0,30,1,0,74.6500015258789,2308.60009765625,0,0,0,0,0,0,1,0,1,0,1,0,1,0,1,0,0,0,1,0,1,0,0
0,1,0,31,1,1,59.04999923706055,1882.800048828125,0,1,1,0,0,0,0,0,0,0,0,0,0,0,1,0,0,0,0,0,1,0,0
1,0,0,46,1,1,69.0999984741211,3255.35009765625,0,0,1,0,0,0,0,0,0,0,1,0,1,0,0,0,1,0,1,0,1,0,0
0,1,0,50,1,0,20.549999237060547,1067.6500244140625,0,1,0,0,0,1,0,1,0,1,0,1,0,1,0,1,0,1,0,1,0,0,1
0,1,0,28,1,0,76.55000305175781,2065.39990234375,0,1,0,0,1,0,0,0,0,0,0,0,1,0,0,0,0,0,0,0,0,0,0
0,0,0,66,0,1,62.5,4136.39990234375,0,0,0,1,0,0,1,0,1,0,1,0,1,0,1,0,1,0,0,1,0,0,0
1,0,0,8,0,1,29.399999618530273,221.89999389648438,1,1,0,1,0,0,0,0,0,0,1,0,0,0,0,0,0,0,0,0,0,1,0
0,1,1,41,1,1,94.9000015258789,3848.0,0,0,0,0,1,0,0,0,0,0,1,0,0,0,1,0,1,0,0,0,0,0,0
1,1,0,72,1,1,111.6500015258789,8022.85009765625,0,1,1,0,1,0,0,0,1,0,1,0,1,0,1,0,1,0,0,1,0,0,0
0,0,0,7,1,0,19.899999618530273,173.14999389648438,0,0,0,0,0,1,0,1,0,1,0,1,0,1,0,1,0,1,1,0,0,0,1
0,1,1,38,1,0,20.450000762939453,781.25,0,0,0,0,0,1,0,1,0,1,0,1,0,1,0,1,0,1,0,0,0,0,1
0,0,0,44,1,1,106.05000305175781,4510.7998046875,0,1,0,0,1,0,1,0,1,0,1,0,0,0,1,0,1,0,1,0,0,1,0
0,1,1,47,1,1,113.44999694824219,5317.7998046875,0,1,1,0,1,0,1,0,1,0,1,0,1,0,1,0,1,0,1,0,0,0,0
0,1,1,53,1,1,92.55000305175781,4779.4501953125,0,1,0,0,1,0,0,0,1,0,0,0,1,0,1,0,0,0,0,0,0,1,0
0,1,0,4,1,0,65.5999984741211,250.10000610351562,0,1,1,0,0,0,0,0,0,0,1,0,0,0,1,0,0,0,0,0,0,1,0
1,0,0,20,1,1,84.3499984741211,1745.199951171875,0,1,1,0,1,0,0,0,0,0,0,0,0,0,1,0,0,0,0,0,0,1,0
0,0,0,2,1,0,44.650001525878906,74.9000015258789,1,1,0,0,0,0,0,0,0,0,0,0,0,0,0,0,0,0,0,0,0,0,1
1,1,0,57,1,1,71.0999984741211,4140.10009765625,0,1,1,0,0,0,0,0,1,0,1,0,0,0,1,0,0,0,1,0,1,0,0
1,1,0,44,1,1,85.1500015258789,3670.5,0,0,0,0,1,0,1,0,1,0,0,0,1,0,0,0,0,0,0,0,0,1,0
0,0,0,24,1,1,49.70000076293945,1167.800048828125,0,1,0,0,0,0,0,0,0,0,1,0,0,0,0,0,0,0,0,0,0,0,1
0,1,1,15,0,1,30.200000762939453,469.6499938964844,0,1,0,1,0,0,1,0,0,0,0,0,0,0,0,0,0,0,0,0,0,0,0
0,0,0,3,0,0,25.25,58.900001525878906,1,0,0,1,0,0,0,0,0,0,0,0,0,0,0,0,0,0,0,0,0,1,0
0,0,1,4,1,0,84.05000305175781,333.54998779296875,1,0,1,0,1,0,0,0,1,0,1,0,0,0,0,0,0,0,0,0,0,0,0
1,1,0,37,1,1,85.69999694824219,3171.14990234375,1,1,1,0,1,0,0,0,0,0,0,0,0,0,1,0,0,0,0,0,0,1,0
0,0,0,1,1,1,74.69999694824219,74.69999694824219,1,0,0,0,1,0,0,0,1,0,0,0,0,0,0,0,0,0,0,0,0,1,0
0,0,0,24,1,0,56.349998474121094,1381.199951171875,0,0,0,0,0,0,1,0,0,0,0,0,1,0,0,0,0,0,0,0,1,0,0
0,0,0,5,1,1,90.80000305175781,455.5,1,0,1,0,1,0,0,0,1,0,0,0,0,0,1,0,0,0,0,0,0,1,0
0,0,0,33,1,0,107.55000305175781,3645.5,0,0,1,0,1,0,0,0,1,0,1,0,0,0,1,0,1,0,0,0,0,1,0
0,1,1,58,1,1,19.850000381469727,1158.8499755859375,0,0,0,0,0,1,0,1,0,1,0,1,0,1,0,1,0,1,0,1,0,0,1
0,1,1,72,1,1,95.9000015258789,6954.14990234375,0,0,1,0,1,0,1,0,1,0,0,0,0,0,1,0,0,0,0,1,0,0,0
0,1,0,71,1,0,23.850000381469727,1672.0999755859375,0,0,1,0,0,1,0,1,0,1,0,1,0,1,0,1,0,1,0,1,0,0,1
1,0,0,28,1,1,106.1500015258789,3152.5,1,0,1,0,1,0,0,0,1,0,1,0,0,0,1,0,1,0,0,0,0,1,0
0,1,0,51,1,1,83.8499984741211,4307.10009765625,0,1,0,0,0,0,1,0,1,0,1,0,1,0,1,0,1,0,0,1,1,0,0
0,0,0,30,1,0,85.3499984741211,2530.39990234375,1,0,0,0,0,0,1,0,1,0,1,0,1,0,1,0,1,0,1,0,0,0,0
1,1,0,72,1,1,84.80000305175781,6141.64990234375,0,1,0,0,1,0,1,0,1,0,0,0,1,0,0,0,0,0,0,1,1,0,0
1,0,0,36,1,1,90.8499984741211,3186.699951171875,1,1,1,0,1,0,1,0,0,0,0,0,0,0,1,0,0,0,0,0,0,1,0
0,0,1,14,1,0,76.0999984741211,1054.800048828125,0,1,0,0,0,0,1,0,1,0,1,0,1,0,0,0,1,0,0,1,0,0,0
0,1,1,72,1,0,74.55000305175781,5430.64990234375,0,0,1,0,0,0,1,0,1,0,0,0,1,0,1,0,0,0,0,1,0,0,1
0,1,1,22,0,0,39.20000076293945,849.9000244140625,0,0,0,1,0,0,0,0,1,0,0,0,0,0,1,0,0,0,0,0,0,1,0
0,0,0,2,1,0,79.55000305175781,151.75,0,0,1,0,1,0,0,0,1,0,0,0,0,0,0,0,0,0,0,0,0,1,0
0,0,0,15,1,0,19.600000381469727,299.3999938964844,0,0,0,0,0,1,0,1,0,1,0,1,0,1,0,1,0,1,0,0,0,0,1
0,1,1,51,1,0,19.549999237060547,1086.75,0,1,0,0,0,1,0,1,0,1,0,1,0,1,0,1,0,1,0,1,1,0,0
0,1,0,70,0,1,39.150001525878906,2692.75,0,1,0,1,0,0,1,0,0,0,1,0,1,0,0,0,0,0,0,1,1,0,0
0,1,1,71,1,0,20.100000381469727,1389.5999755859375,0,0,0,0,0,1,0,1,0,1,0,1,0,1,0,1,0,1,0,1,0,0,0
0,1,1,39,1,1,99.94999694824219,3767.39990234375,0,0,1,0,1,0,0,0,0,0,0,0,1,0,1,0,1,0,0,0,1,0,0
0,1,1,61,1,0,59.79999923706055,3641.5,0,0,1,0,0,0,1,0,1,0,0,0,0,0,0,0,0,0,0,0,0,1,0
0,0,0,52,1,1,49.75,2535.550048828125,0,0,0,0,0,0,1,0,0,0,0,0,0,0,0,0,0,0,0,0,0,0,0
0,0,0,1,0,1,35.75,35.75,1,0,0,1,0,0,0,0,0,0,0,0,0,0,1,0,0,0,0,0,0,1,0
0,1,0,64,1,1,108.5,6880.85009765625,0,1,1,0,1,0,1,0,0,0,1,0,1,0,1,0,1,0,1,0,0,0,1
0,1,0,62,1,1,60.150001525878906,3753.199951171875,0,1,0,0,0,0,0,0,1,0,1,0,1,0,0,0,0,0,0,1,1,0,0
0,1,0,30,1,0,19.049999237060547,637.5499877929688,0,1,0,0,0,1,0,1,0,1,0,1,0,1,0,1,0,1,0,1,0,0,1
1,1,1,4,1,0,46.0,181.60000610351562,1,0,0,0,0,0,0,0,0,0,0,0,0,0,0,0,0,0,0,0,0,1,0
1,1,0,63,1,1,84.0,5329.5498046875,0,1,0,0,0,0,1,0,1,0,1,0,1,0,1,0,1,0,1,0,0,0,0
0,0,0,1,1,1,44.54999923706055,44.54999923706055,0,0,0,0,0,0,0,0,0,0,0,0,0,0,0,0,0,0,0,0,1,0,0
0,1,0,15,1,1,103.44999694824219,1539.800048828125,0,1,1,0,1,0,0,0,0,0,1,0,1,0,1,0,1,0,0,0,0,1,0
0,1,1,27,1,1,80.6500015258789,2209.75,0,1,0,0,1,0,1,0,1,0,0,0,0,0,0,0,0,0,1,0,1,0,0
0,0,1,4,0,1,57.20000076293945,223.75,0,0,0,1,0,0,1,0,1,0,1,0,0,0,1,0,1,0,0,0,0,0,1
0,1,0,72,1,1,110.75,7751.7001953125,0,0,1,0,1,0,1,0,1,0,1,0,0,0,1,0,1,0,0,1,0,1,0
1,1,0,45,1,0,24.700000762939453,1174.3499755859375,0,1,1,0,0,1,0,1,0,1,0,1,0,1,0,1,0,1,1,0,1,0,0
1,0,0,45,1,1,97.05000305175781,4385.0498046875,0,0,1,0,1,0,1,0,1,0,0,0,1,0,1,0,0,0,0,0,0,1,0
0,0,0,36,1,1,76.3499984741211,2606.35009765625,0,0,0,0,0,0,1,0,1,0,1,0,1,0,1,0,0,0,1,0,0,0,1
0,1,1,17,1,1,89.4000015258789,1539.449951171875,1,1,0,0,1,0,1,0,0,0,1,0,0,0,1,0,0,0,0,0,0,1,0
0,0,0,1,1,0,18.899999618530273,18.899999618530273,0,1,0,0,0,1,0,1,0,1,0,1,0,1,0,1,0,1,0,0,0,0,1
1,0,0,16,1,1,74.44999694824219,1261.3499755859375,0,1,1,0,1,0,0,0,0,0,0,0,0,0,0,0,0,0,0,0,0,0,0
0,0,0,3,1,1,19.799999237060547,58.150001525878906,1,1,0,0,0,1,0,1,0,1,0,1,0,1,0,1,0,1,0,0,0,0,1
0,1,1,4,1,1,50.900001525878906,225.60000610351562,1,1,1,0,0,0,0,0,0,0,0,0,0,0,0,0,0,0,0,0,0,1,0
0,1,0,71,1,1,84.4000015258789,5969.2998046875,0,0,0,0,0,0,1,0,1,0,1,0,1,0,1,0,1,0,0,1,1,0,0
0,1,1,10,1,1,24.399999618530273,253.89999389648438,0,1,1,0,0,1,0,1,0,1,0,1,0,1,0,1,0,1,0,0,0,0,1
0,1,1,20,1,0,20.049999237060547,400.0,0,1,0,0,0,1,0,1,0,1,0,1,0,1,0,1,0,1,0,1,0,0,1
0,0,0,4,1,1,81.0,340.8500061035156,1,1,0,0,1,0,0,0,0,0,0,0,0,0,1,0,0,0,0,0,0,1,0
0,0,0,26,1,1,98.3499984741211,2515.300048828125,1,1,1,0,1,0,0,0,0,0,1,0,0,0,1,0,1,0,0,0,0,1,0
0,0,0,4,1,0,55.5,227.35000610351562,0,0,0,0,0,0,0,0,0,0,0,0,0,0,1,0,0,0,0,0,1,0,0
0,0,0,5,0,1,51.0,305.95001220703125,1,1,0,1,0,0,0,0,1,0,0,0,0,0,1,0,1,0,0,0,0,0,1
0,1,0,4,1,1,91.6500015258789,365.3999938964844,1,0,1,0,1,0,0,0,1,0,0,0,0,0,1,0,0,0,0,0,0,1,0
1,1,0,29,1,1,84.30000305175781,2357.75,0,1,1,0,1,0,0,0,0,0,0,0,0,0,0,0,1,0,0,0,0,1,0
0,0,0,2,1,0,100.19999694824219,198.5,0,1,0,0,1,0,1,0,1,0,0,0,0,0,1,0,1,0,0,0,0,1,0
0,0,0,29,1,0,19.399999618530273,554.25,0,0,0,0,0,1,0,1,0,1,0,1,0,1,0,1,0,1,0,1,0,0,1
0,0,1,1,1,1,90.8499984741211,90.8499984741211,1,1,0,0,1,0,0,0,0,0,0,0,0,0,1,0,1,0,0,0,0,1,0
0,0,0,1,1,0,69.4000015258789,69.4000015258789,1,1,0,0,1,0,0,0,0,0,0,0,0,0,0,0,0,0,0,0,0,0,1
1,0,0,8,1,1,94.44999694824219,742.9500122070312,1,0,0,0,1,0,0,0,0,0,1,0,0,0,1,0,1,0,0,0,1,0,0
0,0,0,13,1,1,20.399999618530273,251.64999389648438,0,1,0,0,0,1,0,1,0,1,0,1,0,1,0,1,0,1,0,0,0,1,0
0,1,0,59,1,1,94.75,5597.64990234375,0,0,1,0,1,0,1,0,1,0,0,0,0,0,1,0,0,0,0,0,0,1,0
0,1,1,1,1,1,20.149999618530273,20.149999618530273,1,0,0,0,0,1,0,1,0,1,0,1,0,1,0,1,0,1,0,0,1,0,0
1,0,0,50,1,1,95.69999694824219,4816.7001953125,1,1,1,0,1,0,0,0,0,0,0,0,0,0,1,0,1,0,0,0,0,1,0
0,1,0,18,1,1,44.349998474121094,768.0499877929688,0,1,0,0,0,0,0,0,0,0,0,0,0,0,0,0,0,0,0,0,0,0,0
0,1,1,17,1,0,74.55000305175781,1215.800048828125,0,0,0,0,0,0,1,0,1,0,0,0,0,0,1,0,1,0,0,0,0,0,1
0,1,0,47,1,0,73.5999984741211,3522.64990234375,0,1,0,0,0,0,0,0,1,0,1,0,0,0,1,0,1,0,0,1,0,1,0
0,0,0,26,1,1,74.94999694824219,1834.949951171875,1,0,1,0,1,0,0,0,0,0,0,0,0,0,0,0,0,0,0,0,0,0,0
0,0,0,6,0,1,47.95000076293945,305.1000061035156,1,0,0,1,0,0,0,0,0,0,1,0,0,0,1,0,1,0,0,0,0,1,0
0,1,1,19,1,0,50.099998474121094,910.4500122070312,0,1,1,0,0,0,0,0,0,0,0,0,0,0,0,0,0,0,0,0,1,0,0
0,0,0,3,1,1,63.599998474121094,155.64999389648438,1,0,1,0,0,0,0,0,0,0,0,0,1,0,1,0,0,0,0,0,0,1,0
1,1,1,68,0,1,53.0,3656.25,0,0,0,1,0,0,0,0,1,0,1,0,0,0,1,0,1,0,0,1,0,1,0
0,1,0,2,1,0,19.850000381469727,52.0,0,0,0,0,0,1,0,1,0,1,0,1,0,1,0,1,0,1,0,0,0,0,0
0,0,0,7,0,1,24.350000381469727,150.85000610351562,0,1,0,1,0,0,0,0,0,0,0,0,0,0,0,0,0,0,1,0,1,0,0
0,0,0,18,1,1,19.549999237060547,389.25,0,0,0,0,0,1,0,1,0,1,0,1,0,1,0,1,0,1,0,0,0,0,1
0,1,0,71,1,0,25.049999237060547,1873.699951171875,0,0,1,0,0,1,0,1,0,1,0,1,0,1,0,1,0,1,0,1,1,0,0
1,1,0,13,1,0,93.80000305175781,1261.0,0,1,1,0,1,0,1,0,1,0,0,0,0,0,0,0,1,0,0,0,1,0,0
0,0,0,3,0,1,36.849998474121094,108.69999694824219,1,1,0,1,0,0,0,0,1,0,0,0,1,0,0,0,0,0,0,0,0,0,1
0,1,0,72,1,1,103.75,7346.2001953125,0,1,1,0,1,0,0,0,1,0,1,0,0,0,1,0,1,0,0,1,0,0,0
0,1,1,66,0,1,56.75,3708.39990234375,0,1,0,1,0,0,0,0,1,0,1,0,0,0,1,0,1,0,0,1,1,0,0
0,1,1,24,1,1,20.799999237060547,469.6499938964844,0,1,0,0,0,1,0,1,0,1,0,1,0,1,0,1,0,1,1,0,1,0,0
0,0,0,1,1,1,44.099998474121094,44.099998474121094,1,0,0,0,0,0,0,0,0,0,0,0,0,0,0,0,0,0,0,0,0,1,0
0,1,1,56,1,1,24.450000762939453,1385.8499755859375,0,0,1,0,0,1,0,1,0,1,0,1,0,1,0,1,0,1,0,1,0,0,1
1,1,0,22,1,0,25.600000381469727,548.7999877929688,0,0,1,0,0,1,0,1,0,1,0,1,0,1,0,1,0,1,1,0,0,0,0
0,0,0,14,0,1,50.75,712.75,1,1,0,1,0,0,0,0,0,0,1,0,0,0,1,0,1,0,0,0,0,1,0
1,1,0,61,1,1,104.4000015258789,6405.0,1,0,1,0,1,0,0,0,1,0,1,0,0,0,1,0,1,0,1,0,1,0,0
1,1,0,40,0,1,39.29999923706055,1637.4000244140625,1,0,0,1,0,0,0,0,1,0,0,0,0,0,1,0,0,0,0,0,0,1,0
0,0,0,42,1,0,59.650001525878906,2536.550048828125,0,0,0,0,0,0,1,0,1,0,1,0,0,0,0,0,0,0,0,0,0,0,0
0,1,1,72,1,1,83.30000305175781,6042.7001953125,0,0,1,0,0,0,1,0,0,0,1,0,1,0,1,0,1,0,0,1,0,0,0
0,0,0,12,1,1,79.55000305175781,958.25,0,0,1,0,1,0,0,0,0,0,0,0,1,0,0,0,0,0,0,0,1,0,0
0,1,0,71,1,0,24.450000762939453,1730.6500244140625,0,1,1,0,0,1,0,1,0,1,0,1,0,1,0,1,0,1,0,1,0,0,0
0,1,0,26,1,0,19.200000762939453,459.6000061035156,0,0,0,0,0,1,0,1,0,1,0,1,0,1,0,1,0,1,1,0,0,0,1
0,0,1,7,0,0,29.799999237060547,201.9499969482422,0,0,0,1,0,0,1,0,0,0,0,0,0,0,0,0,0,0,0,0,0,0,1
0,1,1,6,1,0,45.5,285.20001220703125,0,0,0,0,0,0,0,0,0,0,0,0,0,0,0,0,0,0,0,0,0,0,1
0,0,0,58,1,1,106.44999694824219,6145.85009765625,1,0,0,0,1,0,1,0,1,0,1,0,0,0,1,0,1,0,1,0,0,1,0
0,1,0,51,0,1,30.049999237060547,1529.449951171875,0,1,0,1,0,0,0,0,1,0,0,0,0,0,0,0,0,0,0,0,1,0,0
0,1,1,72,0,1,65.6500015258789,4664.5,0,1,0,1,0,0,1,0,1,0,1,0,1,0,1,0,1,0,0,1,0,0,0
0,0,0,18,1,1,96.05000305175781,1740.699951171875,1,0,0,0,1,0,1,0,0,0,0,0,0,0,1,0,1,0,0,0,0,1,0
0,0,0,7,1,1,75.0999984741211,552.9500122070312,1,0,1,0,1,0,0,0,0,0,0,0,0,0,0,0,0,0,0,0,0,0,0
0,0,0,47,1,0,74.05000305175781,3496.300048828125,0,0,1,0,0,0,1,0,1,0,0,0,1,0,0,0,1,0,0,1,0,0,1
1,0,0,2,1,1,44.70000076293945,93.69999694824219,1,1,0,0,0,0,0,0,0,0,0,0,0,0,0,0,0,0,0,0,0,1,0
1,0,0,62,1,1,110.75,7053.35009765625,0,1,1,0,1,0,0,0,1,0,1,0,1,0,1,0,1,0,1,0,0,0,0
0,1,1,16,1,0,19.700000762939453,301.54998779296875,0,0,0,0,0,1,0,1,0,1,0,1,0,1,0,1,0,1,0,1,0,0,1
0,0,0,6,1,1,49.5,312.70001220703125,0,1,0,0,0,0,0,0,0,0,0,0,1,0,0,0,0,0,0,0,1,0,0
0,0,0,19,1,1,55.0,1046.5,1,1,0,0,0,0,0,0,0,0,1,0,1,0,0,0,0,0,0,0,1,0,0
0,1,1,69,0,1,43.95000076293945,2960.10009765625,0,0,0,1,0,0,1,0,0,0,1,0,0,0,0,0,1,0,0,1,1,0,0
0,1,1,11,1,1,74.3499984741211,834.2000122070312,1,1,1,0,1,0,0,0,0,0,0,0,0,0,0,0,0,0,0,0,0,1,0
0,1,0,64,1,1,111.1500015258789,6953.39990234375,0,0,1,0,1,0,0,0,1,0,1,0,1,0,1,0,1,0,0,0,0,1,0
0,1,0,39,1,1,104.69999694824219,4134.85009765625,1,0,0,0,1,0,1,0,0,0,1,0,1,0,1,0,1,0,1,0,1,0,0
0,0,0,15,1,1,55.70000076293945,899.7999877929688,1,0,1,0,0,0,1,0,0,0,0,0,0,0,0,0,0,0,0,0,0,0,1
0,0,0,25,1,0,20.600000381469727,541.5,0,1,0,0,0,1,0,1,0,1,0,1,0,1,0,1,0,1,0,0,0,0,1
0,0,0,6,1,0,19.649999618530273,116.8499984741211,0,0,0,0,0,1,0,1,0,1,0,1,0,1,0,1,0,1,0,1,1,0,0
0,1,0,66,1,0,115.80000305175781,7942.14990234375,0,1,1,0,1,0,1,0,1,0,1,0,1,0,1,0,1,0,1,0,0,0,0
0,0,0,61,1,0,88.6500015258789,5321.25,0,0,1,0,0,0,0,0,1,0,1,0,1,0,1,0,1,0,0,1,1,0,0
1,1,0,43,1,1,94.5,4156.7998046875,0,0,1,0,1,0,1,0,1,0,0,0,0,0,1,0,0,0,0,0,0,1,0
0,0,0,12,1,0,20.100000381469727,223.60000610351562,0,0,0,0,0,1,0,1,0,1,0,1,0,1,0,1,0,1,0,0,0,0,1
1,0,0,23,0,1,34.650001525878906,768.4500122070312,0,1,0,1,0,0,0,0,0,0,0,0,0,0,0,0,1,0,0,0,0,0,0
1,1,0,71,0,1,52.29999923706055,3765.050048828125,0,1,0,1,0,0,0,0,1,0,1,0,0,0,1,0,1,0,0,0,0,0,0
0,0,0,34,1,0,65.0,2157.5,0,0,1,0,0,0,0,0,0,0,0,0,1,0,1,0,0,0,0,0,0,0,1
0,0,0,5,1,0,19.850000381469727,108.05000305175781,1,0,0,0,0,1,0,1,0,1,0,1,0,1,0,1,0,1,0,0,1,0,0
0,1,0,41,0,0,35.45000076293945,1391.6500244140625,0,0,0,1,0,0,0,0,1,0,0,0,1,0,0,0,0,0,1,0,0,0,1
0,1,1,72,1,0,19.700000762939453,1379.800048828125,0,0,0,0,0,1,0,1,0,1,0,1,0,1,0,1,0,1,0,1,1,0,0
1,0,0,14,1,1,95.5999984741211,1273.300048828125,0,1,1,0,1,0,0,0,0,0,0,0,0,0,1,0,1,0,0,0,0,1,0
0,0,0,41,1,1,19.850000381469727,810.4500122070312,0,0,0,0,0,1,0,1,0,1,0,1,0,1,0,1,0,1,0,1,0,0,1
0,1,1,23,1,0,81.8499984741211,1810.8499755859375,0,0,1,0,1,0,1,0,0,0,0,0,0,0,0,0,0,0,1,0,1,0,0
0,1,1,71,1,0,109.30000305175781,7782.85009765625,0,1,0,0,1,0,1,0,1,0,1,0,1,0,1,0,1,0,0,1,1,0,0
0,0,0,1,1,1,70.30000305175781,70.30000305175781,1,0,0,0,1,0,0,0,0,0,0,0,0,0,0,0,0,0,0,0,0,1,0
0,1,0,72,1,0,25.399999618530273,1797.0999755859375,0,1,1,0,0,1,0,1,0,1,0,1,0,1,0,1,0,1,0,1,0,0,1
0,1,1,6,1,1,69.80000305175781,377.8500061035156,0,1,0,0,1,0,0,0,0,0,0,0,0,0,0,0,0,0,0,0,0,1,0
0,1,1,23,1,1,20.0,445.29998779296875,0,1,0,0,0,1,0,1,0,1,0,1,0,1,0,1,0,1,1,0,1,0,0
1,1,0,10,1,0,85.55000305175781,851.75,1,1,1,0,1,0,0,0,0,0,0,0,0,0,0,0,1,0,0,0,0,1,0
0,0,0,72,1,1,109.9000015258789,7624.2001953125,0,0,0,0,1,0,1,0,1,0,1,0,1,0,1,0,1,0,0,1,0,1,0
0,1,0,7,1,1,50.29999923706055,355.1000061035156,0,0,0,0,0,0,1,0,0,0,0,0,0,0,0,0,0,0,0,0,0,0,0
0,0,1,6,1,0,94.5,575.4500122070312,1,1,0,0,1,0,0,0,0,0,1,0,0,0,1,0,1,0,0,0,0,0,1
0,1,1,9,1,1,101.5,906.8499755859375,0,1,0,0,1,0,0,0,1,0,0,0,1,0,1,0,1,0,0,0,0,1,0
0,0,0,12,1,1,89.1500015258789,1057.550048828125,0,0,1,0,1,0,0,0,1,0,0,0,0,0,0,0,1,0,0,0,0,1,0
0,0,0,1,1,1,19.399999618530273,19.399999618530273,0,0,0,0,0,1,0,1,0,1,0,1,0,1,0,1,0,1,0,0,0,0,1
1,1,1,48,0,0,29.899999618530273,1388.75,0,0,0,1,0,0,0,0,1,0,0,0,0,0,0,0,0,0,1,0,0,0,0
0,0,0,20,1,0,78.80000305175781,1641.300048828125,0,1,0,0,1,0,0,0,0,0,0,0,0,0,1,0,0,0,0,0,0,1,0
1,1,0,16,1,1,85.3499984741211,1375.1500244140625,1,0,1,0,1,0,0,0,0,0,0,0,0,0,0,0,1,0,0,0,1,0,0
0,0,0,2,1,1,79.6500015258789,152.6999969482422,1,0,0,0,1,0,0,0,0,0,0,0,0,0,1,0,0,0,0,0,0,0,1
0,0,0,10,1,1,19.299999237060547,185.1999969482422,0,0,0,0,0,1,0,1,0,1,0,1,0,1,0,1,0,1,1,0,0,0,1
1,0,0,2,1,1,79.5999984741211,195.0500030517578,1,0,0,0,1,0,0,0,0,0,0,0,0,0,0,0,1,0,0,0,0,1,0
0,1,1,20,1,0,96.80000305175781,1826.699951171875,0,1,1,0,1,0,0,0,1,0,0,0,1,0,1,0,0,0,0,0,0,0,1
0,1,0,20,1,0,20.649999618530273,417.5,0,1,0,0,0,1,0,1,0,1,0,1,0,1,0,1,0,1,1,0,0,0,1
0,1,1,19,1,0,19.799999237060547,344.5,0,1,0,0,0,1,0,1,0,1,0,1,0,1,0,1,0,1,1,0,0,0,1
1,0,0,19,1,1,90.5999984741211,1660.0,1,1,1,0,1,0,1,0,0,0,0,0,0,0,1,0,0,0,0,0,0,1,0
0,1,0,22,1,1,104.5999984741211,2180.550048828125,0,1,0,0,1,0,1,0,1,0,0,0,1,0,1,0,1,0,0,0,0,1,0
0,0,0,35,1,0,80.05000305175781,2835.89990234375,0,0,1,0,1,0,0,0,0,0,0,0,1,0,0,0,0,0,0,0,1,0,0
0,0,0,1,1,0,45.150001525878906,45.150001525878906,0,0,0,0,0,0,0,0,0,0,0,0,0,0,0,0,0,0,0,0,0,0,1
0,0,0,39,1,1,73.1500015258789,2730.85009765625,0,1,1,0,1,0,0,0,0,0,0,0,0,0,0,0,0,0,0,0,1,0,0
1,1,0,54,1,1,99.0999984741211,5437.10009765625,0,0,0,0,1,0,0,0,0,0,1,0,1,0,1,0,1,0,1,0,0,1,0
0,0,0,1,1,1,20.200000762939453,20.200000762939453,1,0,0,0,0,1,0,1,0,1,0,1,0,1,0,1,0,1,0,0,0,0,0
0,1,0,66,1,1,106.05000305175781,6981.35009765625,1,1,1,0,1,0,1,0,0,0,1,0,0,0,1,0,1,0,0,1,1,0,0
0,0,0,56,1,1,105.3499984741211,5794.4501953125,0,1,1,0,1,0,1,0,0,0,0,0,1,0,1,0,1,0,0,0,0,0,1
0,0,1,18,1,1,45.650001525878906,747.2000122070312,0,1,0,0,0,0,0,0,0,0,0,0,0,0,0,0,0,0,0,0,1,0,0
0,1,1,16,1,1,79.94999694824219,1267.949951171875,0,0,1,0,1,0,0,0,1,0,0,0,0,0,0,0,0,0,0,0,1,0,0
0,0,0,68,1,1,54.45000076293945,3674.949951171875,0,0,0,0,0,0,1,0,0,0,1,0,0,0,0,0,0,0,1,0,1,0,0
1,1,0,53,1,0,25.100000381469727,1275.5999755859375,0,0,1,0,0,1,0,1,0,1,0,1,0,1,0,1,0,1,0,1,1,0,0
0,1,1,72,1,0,84.69999694824219,5893.89990234375,0,0,1,0,0,0,1,0,0,0,1,0,1,0,1,0,1,0,0,1,1,0,0
0,0,0,9,1,1,75.8499984741211,724.6500244140625,0,1,1,0,1,0,0,0,0,0,0,0,0,0,0,0,0,0,0,0,0,1,0
0,0,0,30,1,1,48.79999923706055,1536.75,0,0,0,0,0,0,1,0,0,0,0,0,0,0,0,0,0,0,0,0,0,0,1
0,0,0,36,1,1,99.1500015258789,3615.60009765625,1,0,1,0,1,0,0,0,1,0,0,0,0,0,1,0,1,0,0,0,0,1,0
0,0,0,18,0,1,35.20000076293945,607.2999877929688,0,0,0,1,0,0,0,0,0,0,1,0,1,0,0,0,0,0,0,0,0,1,0
1,1,1,55,1,0,76.25,4154.5498046875,0,0,1,0,0,0,1,0,0,0,1,0,1,0,1,0,0,0,1,0,0,1,0
0,1,0,39,0,0,55.900001525878906,2184.35009765625,1,0,0,1,0,0,1,0,0,0,1,0,0,0,1,0,1,0,0,0,0,1,0
0,0,0,21,1,1,82.3499984741211,1852.8499755859375,1,1,1,0,1,0,0,0,1,0,0,0,0,0,0,0,0,0,0,0,0,1,0
0,0,0,2,0,1,40.400001525878906,77.1500015258789,1,1,0,1,0,0,0,0,1,0,1,0,1,0,0,0,0,0,0,0,1,0,0
1,0,0,33,1,1,24.899999618530273,847.7999877929688,0,1,1,0,0,1,0,1,0,1,0,1,0,1,0,1,0,1,1,0,0,0,0
0,1,0,44,0,0,54.29999923706055,2390.449951171875,0,1,0,1,0,0,0,0,1,0,1,0,0,0,1,0,1,0,0,1,0,0,0
0,1,1,30,1,0,66.30000305175781,1923.5,0,0,0,0,0,0,1,0,0,0,0,0,1,0,0,0,1,0,0,0,0,0,0
0,1,0,71,1,1,20.899999618530273,1493.199951171875,0,0,0,0,0,1,0,1,0,1,0,1,0,1,0,1,0,1,0,1,0,0,0
0,0,0,4,1,0,75.3499984741211,338.1000061035156,1,0,1,0,1,0,0,0,0,0,0,0,0,0,0,0,0,0,0,0,0,1,0
0,0,1,35,1,1,85.1500015258789,3030.60009765625,1,1,0,0,1,0,0,0,0,0,1,0,0,0,1,0,0,0,1,0,0,1,0
0,1,0,1,1,0,75.3499984741211,75.3499984741211,0,1,0,0,1,0,0,0,0,0,1,0,0,0,0,0,0,0,0,0,1,0,0
1,1,0,23,1,1,104.44999694824219,2184.85009765625,0,1,1,0,1,0,0,0,1,0,1,0,0,0,1,0,1,0,0,0,0,1,0
0,0,1,22,0,1,49.45000076293945,1031.4000244140625,0,0,0,1,0,0,0,0,0,0,1,0,0,0,1,0,1,0,1,0,1,0,0
0,0,1,49,1,0,19.450000762939453,921.2999877929688,0,0,0,0,0,1,0,1,0,1,0,1,0,1,0,1,0,1,1,0,1,0,0
0,1,1,42,1,1,92.1500015258789,3875.39990234375,0,0,0,0,1,0,0,0,0,0,1,0,0,0,1,0,1,0,0,0,0,1,0
0,1,1,33,1,1,93.80000305175781,3124.5,1,0,0,0,1,0,0,0,0,0,1,0,0,0,1,0,1,0,1,0,0,1,0
0,1,1,7,1,0,19.850000381469727,144.14999389648438,0,0,0,0,0,1,0,1,0,1,0,1,0,1,0,1,0,1,0,1,0,0,1
0,1,1,67,1,1,100.25,6689.0,0,0,1,0,1,0,1,0,0,0,1,0,1,0,0,0,1,0,1,0,0,0,0
0,0,0,15,1,0,95.69999694824219,1451.0999755859375,0,1,1,0,1,0,0,0,1,0,0,0,1,0,0,0,1,0,0,0,0,1,0
0,1,0,67,1,1,93.1500015258789,6368.2001953125,0,1,1,0,1,0,0,0,1,0,1,0,0,0,0,0,1,0,0,1,0,1,0
0,1,1,53,1,1,69.69999694824219,3729.60009765625,0,1,0,0,0,0,1,0,1,0,0,0,1,0,1,0,0,0,0,1,0,0,1
0,1,1,21,1,0,19.799999237060547,350.1000061035156,0,1,0,0,0,1,0,1,0,1,0,1,0,1,0,1,0,1,1,0,0,0,1
0,1,1,40,1,1,71.3499984741211,2847.199951171875,0,0,0,0,0,0,1,0,1,0,0,0,1,0,0,0,1,0,0,0,0,0,1
0,1,1,22,1,0,20.75,452.3500061035156,0,0,0,0,0,1,0,1,0,1,0,1,0,1,0,1,0,1,1,0,0,0,0
0,0,0,39,0,1,40.599998474121094,1494.5,0,1,0,1,0,0,0,0,0,0,0,0,1,0,0,0,1,0,0,0,0,1,0
0,0,0,45,1,1,20.399999618530273,930.4500122070312,1,1,0,0,0,1,0,1,0,1,0,1,0,1,0,1,0,1,1,0,0,1,0
0,1,0,2,1,0,20.350000381469727,41.849998474121094,0,0,0,0,0,1,0,1,0,1,0,1,0,1,0,1,0,1,0,0,0,0,1
0,1,1,57,1,0,19.75,1272.050048828125,0,0,0,0,0,1,0,1,0,1,0,1,0,1,0,1,0,1,0,1,0,0,0
0,1,1,8,1,1,54.400001525878906,475.1000061035156,0,1,0,0,0,0,0,0,0,0,0,0,0,0,1,0,0,0,0,0,0,1,0
1,1,0,7,1,1,94.69999694824219,673.0999755859375,1,1,1,0,1,0,1,0,1,0,0,0,0,0,0,0,1,0,0,0,1,0,0
0,0,0,6,0,1,30.5,208.6999969482422,1,1,0,1,0,0,0,0,1,0,0,0,0,0,0,0,0,0,0,0,1,0,0
0,1,1,7,1,0,20.450000762939453,150.75,0,0,0,0,0,1,0,1,0,1,0,1,0,1,0,1,0,1,0,0,0,0,1
0,0,0,49,1,1,66.1500015258789,3199.0,0,1,1,0,0,0,0,0,0,0,0,0,1,0,1,0,0,0,0,1,0,0,0
0,0,0,65,1,1,89.8499984741211,5844.64990234375,0,0,1,0,1,0,1,0,1,0,0,0,1,0,0,0,0,0,1,0,0,1,0
0,0,0,55,1,0,45.04999923706055,2462.60009765625,0,0,0,0,0,0,0,0,0,0,0,0,0,0,0,0,0,0,1,0,0,0,0
0,1,1,71,1,0,86.8499984741211,6263.7998046875,0,1,1,0,0,0,1,0,1,0,1,0,1,0,1,0,1,0,0,1,0,0,0
0,0,0,35,1,1,96.75,3403.39990234375,0,1,1,0,1,0,1,0,1,0,1,0,1,0,0,0,0,0,0,0,0,0,1
1,0,0,3,1,1,77.0,237.75,1,1,1,0,1,0,0,0,0,0,0,0,0,0,0,0,0,0,0,0,0,1,0
0,0,1,11,1,0,20.100000381469727,221.35000610351562,1,0,0,0,0,1,0,1,0,1,0,1,0,1,0,1,0,1,0,0,1,0,0
0,0,0,1,1,0,75.30000305175781,75.30000305175781,1,0,0,0,1,0,0,0,0,0,1,0,0,0,0,0,0,0,0,0,0,1,0
0,0,0,17,1,1,106.6500015258789,1672.0999755859375,0,1,1,0,1,0,1,0,1,0,1,0,1,0,1,0,0,0,0,0,0,0,0
0,1,0,72,1,1,110.1500015258789,7881.2001953125,0,0,1,0,1,0,1,0,0,0,1,0,1,0,1,0,1,0,0,1,1,0,0
0,1,1,28,1,1,82.8499984741211,2320.800048828125,0,0,0,0,1,0,1,0,0,0,0,0,0,0,0,0,1,0,1,0,0,0,0
0,1,0,18,1,0,20.100000381469727,370.5,0,0,0,0,0,1,0,1,0,1,0,1,0,1,0,1,0,1,0,1,0,0,1
1,1,0,40,1,1,99.19999694824219,4062.199951171875,1,0,0,0,1,0,0,0,1,0,0,0,1,0,1,0,1,0,1,0,1,0,0
0,0,0,52,1,1,59.45000076293945,3043.699951171875,0,0,0,0,0,0,0,0,0,0,1,0,0,0,0,0,1,0,0,0,0,1,0
0,1,0,47,1,1,58.599998474121094,2723.39990234375,0,0,0,0,0,0,0,0,1,0,0,0,0,0,1,0,0,0,0,0,0,0,0
0,0,0,23,1,0,49.70000076293945,1081.25,0,0,0,0,0,0,0,0,0,0,1,0,0,0,0,0,0,0,0,0,1,0,0
0,1,1,66,1,0,65.8499984741211,4097.0498046875,0,1,0,0,0,0,1,0,1,0,1,0,1,0,0,0,0,0,0,1,0,0,1
0,0,0,8,1,1,73.5,632.2000122070312,0,0,1,0,1,0,0,0,0,0,0,0,0,0,0,0,0,0,0,0,0,1,0
1,0,0,47,1,0,85.5,4042.300048828125,1,1,0,0,1,0,1,0,0,0,0,0,0,0,0,0,1,0,0,0,0,0,1
0,0,0,7,1,0,20.049999237060547,164.85000610351562,1,0,0,0,0,1,0,1,0,1,0,1,0,1,0,1,0,1,0,0,0,0,1
0,1,1,71,1,0,113.6500015258789,8166.7998046875,0,0,1,0,1,0,1,0,1,0,1,0,1,0,1,0,1,0,0,1,1,0,0
1,0,0,50,1,1,83.4000015258789,4113.7001953125,0,0,1,0,1,0,1,0,1,0,0,0,0,0,0,0,0,0,0,0,0,1,0
0,1,0,46,1,0,65.6500015258789,3047.14990234375,0,1,0,0,0,0,1,0,1,0,1,0,1,0,0,0,0,0,0,1,0,0,1
0,0,0,1,1,0,70.4000015258789,70.4000015258789,1,1,0,0,1,0,0,0,0,0,0,0,0,0,0,0,0,0,0,0,0,1,0
0,0,0,66,0,1,61.349998474121094,4193.39990234375,0,0,0,1,0,0,1,0,0,0,1,0,1,0,1,0,1,0,0,1,0,0,0
0,1,0,42,1,1,85.9000015258789,3729.75,0,0,1,0,1,0,0,0,0,0,1,0,1,0,0,0,0,0,0,0,1,0,0
0,0,0,5,1,1,75.6500015258789,399.45001220703125,0,0,0,0,1,0,0,0,0,0,0,0,1,0,0,0,0,0,0,0,0,0,1
0,1,1,7,1,1,49.75,331.29998779296875,1,1,0,0,0,0,1,0,0,0,0,0,0,0,0,0,0,0,1,0,0,1,0
0,0,0,29,1,0,70.9000015258789,1964.5999755859375,0,1,1,0,0,0,0,0,1,0,1,0,0,0,0,0,1,0,1,0,1,0,0
0,1,1,27,1,0,49.849998474121094,1336.1500244140625,0,0,0,0,0,0,0,0,1,0,0,0,0,0,0,0,0,0,0,0,0,0,1
1,0,0,15,1,1,75.30000305175781,1147.449951171875,1,0,0,0,1,0,0,0,1,0,0,0,0,0,0,0,0,0,0,0,1,0,0
0,1,1,25,1,0,20.100000381469727,486.04998779296875,0,0,0,0,0,1,0,1,0,1,0,1,0,1,0,1,0,1,0,1,0,0,1
0,1,0,11,1,1,94.0,1078.9000244140625,1,0,1,0,1,0,0,0,0,0,0,0,0,0,1,0,1,0,0,0,0,1,0
0,1,0,57,1,1,103.05000305175781,5925.75,0,1,1,0,1,0,1,0,1,0,1,0,1,0,1,0,0,0,0,0,0,1,0
0,0,0,67,1,1,118.3499984741211,7804.14990234375,1,1,1,0,1,0,1,0,1,0,1,0,1,0,1,0,1,0,1,0,0,0,0
1,1,0,47,1,0,99.69999694824219,4747.2001953125,0,0,1,0,1,0,0,0,0,0,1,0,0,0,1,0,1,0,0,0,0,1,0
0,0,0,13,1,1,81.9000015258789,1028.9000244140625,0,0,0,0,1,0,0,0,0,0,0,0,0,0,1,0,0,0,0,0,0,0,1
0,0,0,8,0,1,30.450000762939453,226.4499969482422,1,1,0,1,0,0,1,0,0,0,0,0,0,0,0,0,0,0,0,0,0,1,0
0,1,0,44,1,1,96.0999984741211,4364.10009765625,1,0,1,0,1,0,0,0,0,0,0,0,0,0,1,0,1,0,0,0,0,1,0
0,1,1,71,1,1,66.19999694824219,4692.5498046875,0,1,1,0,0,0,1,0,0,0,0,0,0,0,1,0,0,0,1,0,0,1,0
1,1,0,24,1,1,104.25,2433.89990234375,1,1,1,0,1,0,0,0,1,0,1,0,0,0,1,0,1,0,0,0,0,1,0
1,0,0,15,1,1,80.19999694824219,1217.25,1,1,1,0,1,0,0,0,1,0,0,0,0,0,0,0,0,0,0,0,0,1,0
0,0,0,1,1,0,19.75,19.75,0,0,0,0,0,1,0,1,0,1,0,1,0,1,0,1,0,1,0,0,0,1,0
1,0,0,2,1,1,72.5999984741211,154.3000030517578,0,1,1,0,1,0,0,0,0,0,0,0,0,0,0,0,0,0,0,0,0,0,1
1,0,0,55,1,1,116.5,6382.5498046875,0,1,1,0,1,0,1,0,1,0,1,0,1,0,1,0,1,0,0,0,0,1,0
1,0,0,71,1,1,106.80000305175781,7623.2001953125,0,1,1,0,1,0,0,0,1,0,0,0,1,0,1,0,1,0,0,1,0,1,0
0,1,1,50,1,0,24.950000762939453,1261.449951171875,0,1,1,0,0,1,0,1,0,1,0,1,0,1,0,1,0,1,0,1,0,0,1
0,0,0,1,1,1,89.25,89.25,0,1,0,0,1,0,0,0,0,0,0,0,0,0,1,0,1,0,0,0,0,1,0
0,0,0,5,1,1,19.25,86.05000305175781,0,1,0,0,0,1,0,1,0,1,0,1,0,1,0,1,0,1,0,0,0,0,1
0,0,0,66,1,1,104.55000305175781,6779.0498046875,0,0,1,0,1,0,1,0,1,0,1,0,1,0,1,0,0,0,1,0,0,0,0
0,1,1,49,1,1,87.19999694824219,4345.0,0,0,0,0,0,0,1,0,1,0,1,0,1,0,1,0,1,0,1,0,0,0,1
1,1,0,3,0,1,30.75,82.8499984741211,0,0,0,1,0,0,0,0,1,0,0,0,0,0,0,0,0,0,0,0,0,1,0
0,1,1,66,1,1,25.700000762939453,1714.550048828125,0,1,1,0,0,1,0,1,0,1,0,1,0,1,0,1,0,1,1,0,1,0,0
0,0,1,11,1,0,86.19999694824219,893.2000122070312,0,1,1,0,1,0,0,0,0,0,0,0,0,0,0,0,1,0,0,0,0,1,0
0,0,0,28,0,1,30.100000381469727,810.8499755859375,0,1,0,1,0,0,0,0,0,0,0,0,1,0,0,0,0,0,0,0,1,0,0
0,1,0,65,1,1,99.3499984741211,6347.5498046875,0,1,1,0,1,0,1,0,1,0,1,0,0,0,1,0,0,0,0,1,0,1,0
0,0,0,62,1,1,19.200000762939453,1123.6500244140625,0,0,0,0,0,1,0,1,0,1,0,1,0,1,0,1,0,1,0,1,1,0,0
0,1,0,2,1,0,20.100000381469727,43.150001525878906,0,0,0,0,0,1,0,1,0,1,0,1,0,1,0,1,0,1,0,0,0,0,0
0,0,0,2,1,0,20.350000381469727,35.099998474121094,0,0,0,0,0,1,0,1,0,1,0,1,0,1,0,1,0,1,0,0,1,0,0
0,1,1,55,1,1,25.649999618530273,1388.0,0,0,1,0,0,1,0,1,0,1,0,1,0,1,0,1,0,1,0,1,1,0,0
1,1,0,41,1,1,94.55000305175781,3851.449951171875,0,1,0,0,1,0,0,0,1,0,0,0,0,0,1,0,1,0,0,0,0,1,0
0,1,1,17,1,1,104.19999694824219,1743.5,1,0,1,0,1,0,1,0,0,0,1,0,0,0,1,0,1,0,0,0,0,1,0
0,0,0,30,1,1,94.4000015258789,2638.10009765625,0,0,0,0,1,0,0,0,0,0,0,0,1,0,1,0,1,0,1,0,0,0,0
0,0,0,17,1,0,56.099998474121094,946.9500122070312,0,1,0,0,0,0,1,0,1,0,0,0,0,0,0,0,0,0,1,0,0,0,1
0,1,1,16,1,0,68.25,1114.8499755859375,0,0,0,0,0,0,1,0,1,0,0,0,1,0,0,0,1,0,0,1,0,0,0
0,0,0,72,1,0,24.75,1777.5999755859375,0,1,1,0,0,1,0,1,0,1,0,1,0,1,0,1,0,1,0,1,0,0,0
0,0,0,9,1,1,76.25,684.8499755859375,0,1,1,0,1,0,0,0,0,0,0,0,0,0,0,0,0,0,0,0,0,1,0
0,0,0,1,1,0,74.3499984741211,74.3499984741211,0,0,0,0,1,0,0,0,1,0,0,0,0,0,0,0,0,0,0,0,0,1,0
0,0,1,23,1,0,54.150001525878906,1312.449951171875,0,1,0,0,0,0,0,0,1,0,0,0,1,0,0,0,0,0,0,0,0,1,0
0,0,1,8,1,0,19.450000762939453,159.1999969482422,0,1,0,0,0,1,0,1,0,1,0,1,0,1,0,1,0,1,0,0,0,0,0
0,1,1,19,0,1,34.95000076293945,610.2000122070312,0,1,0,1,0,0,1,0,1,0,0,0,0,0,0,0,0,0,0,0,0,0,1
0,0,0,7,1,1,53.650001525878906,404.3500061035156,0,0,1,0,0,0,1,0,0,0,0,0,0,0,0,0,0,0,0,0,0,1,0
1,0,0,1,1,1,69.6500015258789,69.6500015258789,1,1,0,0,1,0,0,0,0,0,0,0,0,0,0,0,0,0,0,0,0,1,0
0,0,0,61,1,0,104.0,6363.4501953125,0,1,1,0,1,0,1,0,0,0,1,0,0,0,1,0,1,0,1,0,0,1,0
0,1,0,57,1,1,70.3499984741211,4124.64990234375,0,0,0,0,0,0,1,0,1,0,0,0,1,0,1,0,0,0,0,1,1,0,0
0,0,0,9,1,1,80.80000305175781,713.0999755859375,1,1,0,0,1,0,0,0,0,0,0,0,0,0,0,0,1,0,0,0,0,1,0
0,0,1,15,1,0,64.8499984741211,950.75,0,1,0,0,0,0,1,0,0,0,1,0,0,0,0,0,1,0,1,0,0,0,1
0,0,0,1,1,0,19.649999618530273,19.649999618530273,0,0,0,0,0,1,0,1,0,1,0,1,0,1,0,1,0,1,0,0,0,0,1
0,1,0,12,1,0,45.900001525878906,505.95001220703125,0,0,0,0,0,0,0,0,0,0,0,0,0,0,0,0,0,0,0,0,0,0,0
0,0,0,54,1,0,20.0,1149.6500244140625,0,1,0,0,0,1,0,1,0,1,0,1,0,1,0,1,0,1,0,1,0,0,1
0,1,1,4,1,0,44.79999923706055,169.64999389648438,0,1,0,0,0,0,0,0,0,0,0,0,0,0,0,0,0,0,0,0,0,1,0
0,0,0,7,1,1,80.30000305175781,526.7000122070312,1,0,0,0,1,0,0,0,0,0,0,0,0,0,1,0,0,0,0,0,0,0,1
0,1,0,20,1,0,20.350000381469727,393.1499938964844,0,0,0,0,0,1,0,1,0,1,0,1,0,1,0,1,0,1,1,0,0,0,1
0,0,1,26,0,0,45.79999923706055,1147.0,0,0,0,1,0,0,1,0,0,0,0,0,1,0,0,0,1,0,0,0,0,0,1
1,1,0,36,1,1,84.0999984741211,3021.60009765625,1,1,1,0,1,0,0,0,0,0,0,0,0,0,0,0,1,0,0,0,0,1,0
0,1,0,53,1,1,108.94999694824219,5718.2001953125,0,0,1,0,1,0,0,0,1,0,1,0,1,0,1,0,1,0,1,0,0,0,0
0,0,0,3,1,1,69.3499984741211,191.35000610351562,1,1,0,0,0,0,0,0,0,0,0,0,1,0,1,0,1,0,0,0,0,1,0
0,0,0,68,0,0,64.3499984741211,4539.60009765625,0,0,0,1,0,0,1,0,1,0,1,0,1,0,1,0,1,0,0,1,1,0,0
0,1,1,72,1,1,90.80000305175781,6397.60009765625,0,1,1,0,0,0,1,0,1,0,1,0,1,0,1,0,1,0,0,1,1,0,0
0,0,0,12,1,0,24.950000762939453,280.3999938964844,0,1,1,0,0,1,0,1,0,1,0,1,0,1,0,1,0,1,1,0,1,0,0
1,1,1,34,1,1,79.5999984741211,2718.300048828125,1,0,1,0,1,0,0,0,1,0,0,0,0,0,0,0,0,0,0,0,0,0,1
0,1,0,68,1,1,84.69999694824219,5711.0498046875,0,0,1,0,1,0,1,0,1,0,0,0,0,0,0,0,0,0,0,1,0,0,0
0,0,1,50,1,1,70.80000305175781,3478.14990234375,0,0,0,0,0,0,1,0,0,0,1,0,1,0,1,0,0,0,1,0,1,0,0
1,0,0,1,0,1,36.45000076293945,36.45000076293945,1,0,0,1,0,0,0,0,0,0,0,0,0,0,1,0,0,0,0,0,0,1,0
1,0,0,41,1,1,104.4000015258789,4133.9501953125,0,0,1,0,1,0,0,0,1,0,1,0,0,0,1,0,1,0,0,0,0,1,0
1,1,0,30,1,1,101.5,2917.64990234375,0,1,1,0,1,0,0,0,0,0,0,0,1,0,1,0,1,0,0,0,0,1,0
0,0,0,1,1,0,54.29999923706055,54.29999923706055,0,1,1,0,0,0,0,0,1,0,0,0,0,0,0,0,0,0,0,0,0,1,0
1,1,1,29,1,1,103.94999694824219,2964.800048828125,0,1,1,0,1,0,0,0,0,0,1,0,0,0,1,0,1,0,0,0,0,1,0
0,1,1,23,1,1,91.0999984741211,2198.300048828125,0,0,1,0,0,0,1,0,1,0,1,0,1,0,1,0,1,0,0,1,1,0,0
0,0,1,60,1,0,19.950000762939453,1189.9000244140625,0,1,0,0,0,1,0,1,0,1,0,1,0,1,0,1,0,1,0,1,0,0,1
0,1,0,72,1,0,26.450000762939453,1914.5,0,0,1,0,0,1,0,1,0,1,0,1,0,1,0,1,0,1,0,1,1,0,0
0,0,1,22,1,1,89.4000015258789,2001.5,1,1,0,0,1,0,0,0,1,0,1,0,0,0,1,0,0,0,0,0,0,1,0
0,0,0,72,1,1,75.0999984741211,5336.35009765625,0,1,0,0,0,0,1,0,1,0,1,0,1,0,1,0,0,0,0,1,0,0,0
1,0,0,66,1,0,108.0999984741211,7238.60009765625,0,0,1,0,1,0,0,0,1,0,1,0,0,0,1,0,1,0,1,0,0,0,0
0,1,0,72,1,1,110.1500015258789,7998.7998046875,0,0,1,0,1,0,0,0,1,0,1,0,1,0,1,0,1,0,0,1,0,1,0
1,1,0,47,1,0,80.3499984741211,3825.85009765625,1,0,1,0,1,0,1,0,0,0,0,0,0,0,0,0,0,0,0,0,0,1,0
0,0,0,51,1,1,111.5,5703.25,0,0,1,0,1,0,0,0,1,0,1,0,1,0,1,0,1,0,1,0,0,1,0
0,1,1,70,1,1,106.5,7397.0,0,0,1,0,1,0,0,0,1,0,1,0,0,0,1,0,1,0,1,0,0,1,0
0,0,0,9,1,1,19.899999618530273,164.60000610351562,0,1,0,0,0,1,0,1,0,1,0,1,0,1,0,1,0,1,1,0,0,1,0
0,1,1,59,1,1,111.0999984741211,6555.2001953125,0,1,1,0,1,0,1,0,1,0,0,0,1,0,1,0,1,0,0,1,0,0,1
0,0,1,3,1,0,70.69999694824219,225.64999389648438,0,1,0,0,0,0,0,0,0,0,0,0,1,0,1,0,1,0,0,0,0,0,1
1,1,0,38,0,1,24.850000381469727,955.75,0,1,0,1,0,0,0,0,0,0,0,0,0,0,0,0,0,0,0,0,0,1,0
0,0,0,37,1,0,91.19999694824219,3382.300048828125,0,0,1,0,1,0,1,0,1,0,1,0,0,0,0,0,0,0,0,0,0,0,0
0,0,0,37,1,0,65.5999984741211,2313.800048828125,0,1,0,0,0,0,1,0,1,0,1,0,1,0,0,0,0,0,0,1,0,0,0
1,1,0,24,0,1,40.650001525878906,933.2999877929688,1,0,0,1,0,0,0,0,0,0,1,0,0,0,0,0,1,0,0,0,1,0,0
0,1,1,14,1,0,59.45000076293945,780.8499755859375,0,0,0,0,0,0,1,0,1,0,0,0,1,0,0,0,0,0,0,0,0,0,0
0,1,0,72,1,1,109.94999694824219,7852.39990234375,0,1,1,0,1,0,1,0,1,0,0,0,1,0,1,0,1,0,0,1,1,0,0
0,1,0,53,0,1,60.45000076293945,3184.25,1,1,0,1,0,0,0,0,1,0,1,0,1,0,1,0,1,0,1,0,0,1,0
0,1,0,8,1,1,84.9000015258789,764.9500122070312,1,0,1,0,1,0,0,0,0,0,0,0,0,0,0,0,1,0,0,0,0,1,0
0,1,1,72,0,0,38.5,2763.0,0,1,0,1,0,0,1,0,1,0,1,0,0,0,0,0,0,0,0,1,1,0,0
1,1,0,17,1,1,92.55000305175781,1614.699951171875,0,0,1,0,1,0,0,0,0,0,0,0,0,0,1,0,1,0,0,0,0,1,0
0,1,1,2,1,1,73.55000305175781,145.39999389648438,1,0,0,0,1,0,0,0,1,0,0,0,0,0,0,0,0,0,0,0,0,0,0
0,1,0,8,1,0,20.149999618530273,156.25,1,0,0,0,0,1,0,1,0,1,0,1,0,1,0,1,0,1,0,0,0,0,0
0,1,0,48,0,0,34.70000076293945,1604.5,1,0,0,1,0,0,0,0,1,0,1,0,0,0,0,0,0,0,1,0,0,0,1
0,0,0,10,1,1,24.5,270.1499938964844,0,0,1,0,0,1,0,1,0,1,0,1,0,1,0,1,0,1,0,0,0,0,1
0,1,1,0,1,1,19.700000762939453,0.0,0,1,0,0,0,1,0,1,0,1,0,1,0,1,0,1,0,1,1,0,0,0,1
0,0,0,1,1,0,20.600000381469727,20.600000381469727,0,1,0,0,0,1,0,1,0,1,0,1,0,1,0,1,0,1,0,0,0,0,1
0,0,0,29,1,0,58.0,1734.5,0,0,0,0,0,0,1,0,0,0,1,0,1,0,0,0,0,0,1,0,1,0,0
1,1,1,65,1,1,107.44999694824219,7047.5,0,0,1,0,1,0,0,0,1,0,1,0,0,0,1,0,1,0,1,0,0,1,0
0,0,0,8,1,1,65.5,573.1500244140625,0,0,1,0,0,0,1,0,1,0,1,0,0,0,0,0,0,0,0,0,0,0,0
0,1,0,61,1,0,25.450000762939453,1538.5999755859375,0,1,1,0,0,1,0,1,0,1,0,1,0,1,0,1,0,1,0,1,0,0,0
1,0,0,45,1,1,100.1500015258789,4459.7998046875,0,0,1,0,1,0,0,0,0,0,1,0,0,0,1,0,1,0,1,0,0,0,0
0,1,1,72,1,1,104.44999694824219,7459.0,0,1,1,0,1,0,0,0,1,0,1,0,0,0,1,0,1,0,1,0,1,0,0
0,1,1,12,1,1,21.149999618530273,306.04998779296875,0,1,0,0,0,1,0,1,0,1,0,1,0,1,0,1,0,1,0,0,0,1,0
0,0,0,7,1,0,96.19999694824219,639.7000122070312,0,1,1,0,1,0,0,0,0,0,0,0,0,0,1,0,1,0,0,0,0,1,0
0,0,0,9,1,1,44.400001525878906,348.1499938964844,0,1,0,0,0,0,0,0,0,0,0,0,0,0,0,0,0,0,0,0,0,0,1
1,1,0,43,1,1,107.55000305175781,4533.89990234375,1,0,1,0,1,0,0,0,0,0,1,0,1,0,1,0,1,0,1,0,0,1,0
0,1,1,58,1,0,94.3499984741211,5563.64990234375,0,1,1,0,1,0,0,0,0,0,1,0,1,0,0,0,1,0,0,1,0,0,0
1,1,0,16,1,1,98.75,1587.550048828125,1,1,1,0,1,0,0,0,0,0,1,0,0,0,1,0,1,0,0,0,0,1,0
0,1,1,2,1,0,20.299999237060547,40.25,0,1,0,0,0,1,0,1,0,1,0,1,0,1,0,1,0,1,0,0,0,0,1
0,1,0,8,1,0,101.1500015258789,842.9000244140625,1,0,0,0,1,0,0,0,1,0,1,0,0,0,1,0,1,0,0,0,0,1,0
0,1,0,40,1,0,105.75,4228.5498046875,0,0,1,0,1,0,1,0,0,0,1,0,0,0,1,0,1,0,1,0,0,0,0
0,0,0,9,1,1,81.1500015258789,784.4500122070312,0,1,1,0,1,0,1,0,0,0,0,0,0,0,0,0,0,0,0,0,0,1,0
0,0,0,41,1,1,89.55000305175781,3729.75,0,1,0,0,1,0,0,0,1,0,0,0,1,0,1,0,0,0,1,0,0,1,0
0,0,0,26,1,1,54.75,1406.9000244140625,0,0,0,0,0,0,0,0,1,0,1,0,0,0,0,0,0,0,0,0,1,0,0
0,1,0,33,1,1,53.75,1857.300048828125,0,0,0,0,0,0,0,0,1,0,0,0,1,0,0,0,0,0,1,0,1,0,0
0,1,1,68,1,0,105.75,7322.5,0,1,0,0,1,0,0,0,1,0,1,0,1,0,1,0,1,0,1,0,1,0,0
1,1,0,65,1,1,105.8499984741211,6725.5,0,0,0,0,1,0,0,0,1,0,1,0,1,0,1,0,1,0,0,1,1,0,0
0,0,0,55,1,1,64.19999694824219,3627.300048828125,0,1,0,0,0,0,0,0,1,0,0,0,1,0,0,0,1,0,1,0,0,1,0
0,0,0,20,1,1,88.69999694824219,1761.449951171875,1,1,1,0,1,0,0,0,0,0,1,0,0,0,1,0,0,0,0,0,0,1,0
0,0,0,19,1,1,87.69999694824219,1725.949951171875,0,1,0,0,1,0,0,0,0,0,0,0,1,0,0,0,1,0,1,0,1,0,0
0,0,0,45,1,1,89.30000305175781,4192.14990234375,0,0,1,0,1,0,0,0,0,0,1,0,0,0,0,0,1,0,0,0,1,0,0
0,1,1,70,1,1,20.149999618530273,1411.199951171875,0,0,0,0,0,1,0,1,0,1,0,1,0,1,0,1,0,1,0,1,1,0,0
0,0,0,2,1,1,79.75,164.5,1,0,0,0,1,0,0,0,0,0,0,0,0,0,1,0,0,0,0,0,0,1,0
0,0,0,27,1,1,94.55000305175781,2724.60009765625,1,0,1,0,1,0,0,0,0,0,0,0,0,0,1,0,1,0,0,0,0,0,1
0,1,0,12,1,1,20.049999237060547,264.54998779296875,0,0,0,0,0,1,0,1,0,1,0,1,0,1,0,1,0,1,0,1,0,1,0
0,0,1,72,0,0,67.19999694824219,4671.7001953125,0,1,0,1,0,0,1,0,1,0,1,0,1,0,1,0,1,0,0,1,1,0,0
0,0,0,12,1,0,94.55000305175781,1173.550048828125,0,1,1,0,1,0,0,0,0,0,0,0,0,0,1,0,1,0,0,0,0,1,0
1,0,0,5,1,1,69.05000305175781,318.5,1,0,0,0,1,0,0,0,0,0,0,0,0,0,0,0,0,0,0,0,0,0,1
1,1,0,71,1,1,107.5,7713.5498046875,0,1,1,0,1,0,1,0,1,0,1,0,0,0,1,0,1,0,0,0,0,1,0
1,0,0,35,1,1,73.0,2471.25,0,1,0,0,0,0,0,0,0,0,1,0,1,0,1,0,1,0,1,0,0,1,0
0,1,1,70,1,0,114.75,7842.2998046875,0,1,1,0,1,0,1,0,1,0,1,0,1,0,1,0,1,0,0,1,1,0,0
0,0,0,31,1,1,76.05000305175781,2227.800048828125,0,0,1,0,1,0,0,0,0,0,0,0,0,0,0,0,0,0,0,0,0,1,0
0,1,1,52,1,1,96.25,4990.25,1,1,1,0,1,0,0,0,0,0,1,0,1,0,0,0,1,0,0,1,0,0,0
1,0,0,37,1,1,101.0999984741211,3744.050048828125,1,1,1,0,1,0,0,0,0,0,1,0,0,0,1,0,1,0,0,0,0,1,0
0,0,0,69,1,1,104.69999694824219,7220.35009765625,1,1,1,0,1,0,0,0,1,0,0,0,1,0,1,0,1,0,1,0,0,0,0
1,1,0,30,1,0,77.9000015258789,2351.449951171875,0,1,1,0,1,0,0,0,0,0,0,0,0,0,0,0,0,0,0,0,0,0,1
0,0,0,33,1,1,90.6500015258789,2989.60009765625,0,0,1,0,1,0,1,0,0,0,0,0,0,0,0,0,1,0,0,0,0,1,0
1,1,0,54,1,1,110.44999694824219,6077.75,0,1,1,0,1,0,0,0,1,0,1,0,1,0,1,0,1,0,0,1,0,1,0
0,0,0,59,1,0,68.69999694824219,4070.949951171875,0,0,1,0,0,0,1,0,0,0,0,0,1,0,0,0,1,0,1,0,0,0,0
1,0,0,55,0,1,44.849998474121094,2479.050048828125,0,1,0,1,0,0,1,0,1,0,0,0,0,0,1,0,0,0,0,0,0,1,0
1,1,0,69,0,1,29.799999237060547,2134.300048828125,0,1,0,1,0,0,0,0,0,0,1,0,0,0,0,0,0,0,1,0,1,0,0
0,0,0,66,1,1,88.9000015258789,6000.10009765625,0,0,1,0,1,0,0,0,1,0,0,0,0,0,1,0,0,0,1,0,0,0,0
0,1,1,37,1,1,58.75,2203.10009765625,0,1,0,0,0,0,1,0,0,0,1,0,1,0,0,0,0,0,1,0,0,0,1
1,1,0,9,1,0,19.850000381469727,183.14999389648438,0,1,0,0,0,1,0,1,0,1,0,1,0,1,0,1,0,1,1,0,1,0,0
0,1,1,69,1,0,86.9000015258789,6194.10009765625,0,1,1,0,0,0,1,0,0,0,1,0,1,0,1,0,1,0,0,1,0,0,0
0,0,0,10,1,1,59.650001525878906,638.9500122070312,0,1,0,0,0,0,0,0,1,0,0,0,0,0,1,0,0,0,0,0,0,0,1
0,0,1,40,1,1,55.25,2139.199951171875,1,1,0,0,0,0,1,0,1,0,0,0,0,0,0,0,0,0,0,0,0,0,1
0,0,1,13,1,0,66.4000015258789,831.75,0,1,0,0,0,0,0,0,0,0,0,0,0,0,1,0,1,0,0,0,1,0,0
0,0,0,6,1,1,90.0999984741211,521.2999877929688,1,0,1,0,1,0,0,0,1,0,0,0,0,0,1,0,0,0,0,0,0,1,0
0,1,1,69,1,0,20.149999618530273,1337.5,0,0,0,0,0,1,0,1,0,1,0,1,0,1,0,1,0,1,0,1,0,0,0
1,1,0,66,1,1,108.0999984741211,7181.9501953125,0,0,1,0,1,0,0,0,1,0,1,0,1,0,1,0,1,0,1,0,1,0,0
0,0,0,11,1,0,53.75,608.0,1,1,1,0,0,0,0,0,0,0,1,0,0,0,0,0,0,0,0,0,0,1,0
0,1,1,46,1,0,56.900001525878906,2560.10009765625,0,1,0,0,0,0,1,0,0,0,1,0,1,0,0,0,0,0,1,0,0,0,1
0,0,0,6,1,0,89.30000305175781,577.5999755859375,1,0,0,0,1,0,0,0,0,0,0,0,0,0,1,0,1,0,0,0,0,1,0
0,1,1,56,1,1,109.5999984741211,5953.0,0,0,1,0,1,0,1,0,0,0,1,0,1,0,1,0,1,0,0,0,0,0,1
0,1,1,70,1,0,25.149999618530273,1790.1500244140625,0,1,1,0,0,1,0,1,0,1,0,1,0,1,0,1,0,1,0,1,1,0,0
0,1,1,33,1,1,79.1500015258789,2531.39990234375,0,0,1,0,0,0,0,0,0,0,1,0,1,0,1,0,1,0,1,0,0,1,0
0,1,1,72,1,0,66.75,4760.2998046875,0,0,1,0,0,0,1,0,1,0,0,0,1,0,0,0,0,0,0,1,1,0,0
0,1,0,3,1,1,95.19999694824219,292.8500061035156,1,0,1,0,1,0,0,0,0,0,0,0,0,0,1,0,1,0,0,0,0,1,0
0,0,1,19,1,0,48.79999923706055,953.6500244140625,0,0,0,0,0,0,0,0,0,0,0,0,1,0,0,0,0,0,0,0,0,0,1
1,0,0,5,0,0,45.70000076293945,198.0,1,0,0,1,0,0,0,0,0,0,0,0,0,0,1,0,1,0,0,0,0,1,0
0,1,0,71,1,1,80.69999694824219,5705.0498046875,0,0,0,0,0,0,0,0,1,0,1,0,1,0,1,0,1,0,0,1,1,0,0
0,1,0,8,1,1,74.5,609.9000244140625,1,1,0,0,1,0,1,0,0,0,0,0,0,0,0,0,0,0,0,0,0,1,0
0,0,0,1,1,0,20.549999237060547,20.549999237060547,0,1,0,0,0,1,0,1,0,1,0,1,0,1,0,1,0,1,0,0,1,0,0
0,0,0,1,1,1,79.6500015258789,79.6500015258789,1,0,0,0,1,0,0,0,0,0,0,0,0,0,1,0,0,0,0,0,0,1,0
0,0,0,61,1,1,115.0999984741211,6993.64990234375,0,0,1,0,1,0,1,0,1,0,1,0,1,0,1,0,1,0,1,0,0,0,1
0,1,1,71,0,0,59.70000076293945,4122.64990234375,0,0,0,1,0,0,1,0,1,0,0,0,1,0,1,0,1,0,0,1,0,0,0
0,1,0,68,1,0,86.44999694824219,5762.9501953125,0,0,1,0,1,0,0,0,1,0,1,0,0,0,0,0,0,0,1,0,1,0,0
0,0,0,46,0,0,33.70000076293945,1537.8499755859375,0,1,0,1,0,0,0,0,0,0,1,0,1,0,0,0,0,0,1,0,1,0,0
0,0,0,33,1,0,80.0999984741211,2603.300048828125,0,1,1,0,1,0,1,0,0,0,0,0,0,0,0,0,0,0,1,0,0,0,0
0,1,1,53,1,1,104.05000305175781,5566.39990234375,0,0,1,0,1,0,1,0,1,0,1,0,1,0,0,0,1,0,0,1,0,0,0
1,1,0,50,1,0,108.75,5431.89990234375,0,0,1,0,1,0,1,0,1,0,1,0,0,0,1,0,1,0,0,0,0,0,0
0,0,0,57,0,1,41.099998474121094,2258.25,0,0,0,1,0,0,1,0,0,0,1,0,1,0,0,0,0,0,1,0,1,0,0
0,1,1,54,1,1,20.350000381469727,1092.3499755859375,0,0,0,0,0,1,0,1,0,1,0,1,0,1,0,1,0,1,0,1,0,0,0
1,1,0,60,1,1,105.9000015258789,6401.25,0,0,1,0,1,0,0,0,1,0,1,0,0,0,1,0,1,0,0,0,0,1,0
1,1,0,28,1,1,101.30000305175781,2812.199951171875,1,0,1,0,1,0,0,0,0,0,0,0,1,0,1,0,1,0,0,0,1,0,0
0,1,1,1,1,1,80.05000305175781,80.05000305175781,1,0,0,0,1,0,0,0,0,0,0,0,0,0,1,0,0,0,0,0,0,0,1
0,1,1,29,1,1,89.19999694824219,2698.35009765625,1,1,1,0,1,0,0,0,0,0,1,0,0,0,0,0,1,0,0,0,0,1,0
0,1,1,10,1,1,65.5,616.9000244140625,0,0,0,0,0,0,0,0,1,0,0,0,1,0,0,0,1,0,0,0,0,1,0
0,0,1,43,0,1,40.45000076293945,1912.8499755859375,0,1,0,1,0,0,1,0,1,0,1,0,0,0,0,0,0,0,0,0,0,1,0
1,1,0,13,1,0,70.44999694824219,849.0999755859375,0,1,0,0,1,0,0,0,0,0,0,0,0,0,0,0,0,0,0,0,0,0,0
0,1,0,43,1,1,78.80000305175781,3460.300048828125,0,0,0,0,0,0,1,0,0,0,1,0,1,0,1,0,1,0,0,1,0,1,0
0,1,1,19,1,1,83.6500015258789,1465.75,1,1,1,0,1,0,0,0,0,0,0,0,0,0,0,0,1,0,0,0,0,1,0
0,1,1,1,1,1,90.0999984741211,90.0999984741211,0,1,0,0,1,0,0,0,0,0,0,0,0,0,1,0,1,0,0,0,0,1,0
0,0,0,69,1,1,82.44999694824219,5555.2998046875,0,0,0,0,0,0,1,0,0,0,1,0,1,0,1,0,1,0,0,1,1,0,0
0,1,0,61,1,0,20.25,1278.800048828125,0,0,0,0,0,1,0,1,0,1,0,1,0,1,0,1,0,1,0,1,1,0,0
0,1,0,43,1,0,66.25,2907.35009765625,0,1,1,0,0,0,1,0,1,0,0,0,1,0,0,0,0,0,0,0,0,0,0
0,1,0,6,1,0,19.5,146.3000030517578,1,0,0,0,0,1,0,1,0,1,0,1,0,1,0,1,0,1,0,0,0,0,0
0,0,0,1,1,0,51.25,51.25,1,1,0,0,0,0,0,0,0,0,0,0,1,0,0,0,0,0,0,0,0,0,1
0,1,0,56,1,0,89.69999694824219,4952.9501953125,0,1,0,0,1,0,0,0,0,0,0,0,0,0,1,0,1,0,0,0,0,0,1
0,1,0,70,0,0,64.55000305175781,4504.89990234375,0,0,0,1,0,0,1,0,1,0,1,0,1,0,1,0,1,0,0,1,0,0,0
0,0,0,1,1,1,45.599998474121094,45.599998474121094,1,1,0,0,0,0,0,0,0,0,0,0,0,0,0,0,0,0,0,0,0,1,0
0,1,1,49,1,1,93.6500015258789,4520.14990234375,0,1,1,0,1,0,0,0,1,0,1,0,0,0,1,0,0,0,1,0,0,1,0
0,0,0,6,1,1,49.650001525878906,267.3500061035156,1,0,0,0,0,0,0,0,0,0,0,0,1,0,0,0,0,0,0,0,0,0,0
0,1,1,32,1,0,73.5999984741211,2316.85009765625,0,0,0,0,0,0,1,0,1,0,1,0,1,0,0,0,1,0,0,1,0,0,1
1,1,0,72,1,1,109.75,8075.35009765625,0,0,1,0,1,0,1,0,0,0,1,0,1,0,1,0,1,0,0,1,0,0,1
0,0,1,37,1,0,61.45000076293945,2302.35009765625,0,1,0,0,0,0,1,0,1,0,0,0,1,0,0,0,0,0,0,1,1,0,0
0,1,0,69,1,1,106.4000015258789,7251.89990234375,0,0,0,0,1,0,1,0,1,0,0,0,1,0,1,0,1,0,1,0,1,0,0
0,1,0,26,1,0,81.9000015258789,2078.550048828125,0,0,0,0,0,0,0,0,1,0,1,0,1,0,1,0,1,0,0,0,0,0,0
0,1,1,58,1,1,105.19999694824219,6225.39990234375,0,0,1,0,1,0,0,0,1,0,1,0,0,0,1,0,1,0,1,0,1,0,0
0,0,0,24,1,0,54.599998474121094,1242.25,0,1,1,0,0,0,0,0,0,0,0,0,1,0,0,0,0,0,1,0,0,0,0
0,1,1,5,1,0,20.549999237060547,99.44999694824219,0,1,0,0,0,1,0,1,0,1,0,1,0,1,0,1,0,1,1,0,0,1,0
0,1,1,15,1,1,20.0,288.04998779296875,1,1,0,0,0,1,0,1,0,1,0,1,0,1,0,1,0,1,0,0,0,1,0
0,1,1,30,1,0,19.700000762939453,599.25,0,0,0,0,0,1,0,1,0,1,0,1,0,1,0,1,0,1,0,1,0,0,1
0,1,0,55,1,1,66.05000305175781,3462.10009765625,0,0,1,0,0,0,1,0,1,0,0,0,1,0,0,0,0,0,1,0,1,0,0
0,1,0,25,0,1,34.0,853.0,1,0,0,1,0,0,0,0,0,0,0,0,0,0,1,0,0,0,0,0,0,0,0
1,1,0,10,1,1,92.5,934.0999755859375,1,1,0,0,1,0,0,0,1,0,1,0,1,0,1,0,0,0,0,0,0,0,1
0,1,1,44,0,1,54.04999923706055,2375.199951171875,0,1,0,1,0,0,1,0,1,0,1,0,1,0,0,0,1,0,0,1,1,0,0
0,0,0,47,1,1,58.900001525878906,2813.050048828125,0,0,0,0,0,0,1,0,1,0,0,0,1,0,0,0,0,0,1,0,0,0,1
0,1,1,13,1,0,88.3499984741211,1222.800048828125,1,0,0,0,1,0,0,0,0,0,0,0,0,0,1,0,1,0,0,0,0,1,0
0,1,1,49,1,1,107.94999694824219,5293.2001953125,1,0,1,0,1,0,0,0,1,0,1,0,1,0,1,0,1,0,0,1,0,0,0
0,1,0,64,1,1,96.9000015258789,6314.35009765625,0,0,0,0,1,0,1,0,0,0,0,0,1,0,1,0,1,0,1,0,0,0,1
0,0,0,1,1,0,19.100000381469727,19.100000381469727,0,1,0,0,0,1,0,1,0,1,0,1,0,1,0,1,0,1,0,0,0,0,1
0,0,0,20,1,0,50.0,1003.0499877929688,0,1,0,0,0,0,0,0,0,0,0,0,1,0,0,0,0,0,0,0,0,0,1
0,1,0,37,0,0,45.400001525878906,1593.0999755859375,0,0,0,1,0,0,1,0,0,0,0,0,1,0,1,0,0,0,0,1,0,1,0
0,1,1,30,1,0,85.44999694824219,2509.949951171875,0,1,1,0,1,0,0,0,0,0,0,0,0,0,1,0,0,0,0,0,0,1,0
0,0,0,38,1,0,84.0999984741211,3187.64990234375,0,0,1,0,0,0,1,0,1,0,1,0,0,0,1,0,1,0,1,0,0,0,0
1,0,0,1,1,1,74.44999694824219,74.44999694824219,1,0,1,0,1,0,0,0,0,0,0,0,0,0,0,0,0,0,0,0,0,0,1
0,0,0,37,1,1,64.75,2345.199951171875,1,0,0,0,0,0,0,0,0,0,0,0,0,0,1,0,1,0,0,0,0,1,0
0,1,0,52,0,0,66.25,3330.10009765625,0,0,0,1,0,0,1,0,1,0,1,0,1,0,1,0,1,0,0,1,1,0,0
0,0,1,71,1,1,76.9000015258789,5522.7001953125,0,1,0,0,0,0,1,0,1,0,1,0,1,0,1,0,0,0,0,1,1,0,0
0,0,0,26,1,0,89.80000305175781,2335.300048828125,1,1,0,0,1,0,0,0,1,0,1,0,0,0,1,0,0,0,0,0,0,1,0
0,0,0,66,1,1,74.5999984741211,4798.39990234375,0,1,1,0,0,0,1,0,1,0,1,0,0,0,0,0,1,0,0,1,1,0,0
0,1,0,72,1,1,116.94999694824219,8594.400390625,0,1,1,0,1,0,1,0,1,0,1,0,1,0,1,0,1,0,0,1,1,0,0
0,0,1,25,0,1,40.650001525878906,970.5499877929688,0,1,0,1,0,0,1,0,0,0,0,0,0,0,1,0,0,0,1,0,1,0,0
0,1,1,69,1,1,114.3499984741211,7665.7998046875,0,1,1,0,1,0,1,0,1,0,1,0,1,0,1,0,1,0,0,1,0,0,0
0,1,1,53,1,0,69.69999694824219,3686.050048828125,0,1,1,0,0,0,1,0,1,0,0,0,0,0,0,0,1,0,0,1,0,0,0
0,0,0,12,1,0,95.5,1115.1500244140625,1,0,0,0,1,0,0,0,0,0,1,0,0,0,1,0,1,0,1,0,0,0,1
0,0,0,26,1,1,98.6500015258789,2537.0,0,1,0,0,1,0,0,0,0,0,1,0,1,0,1,0,1,0,0,0,0,1,0
0,0,0,21,1,0,61.650001525878906,1393.5999755859375,0,1,0,0,0,0,0,0,0,0,1,0,0,0,0,0,1,0,0,0,0,0,1
0,0,1,1,1,1,89.3499984741211,89.3499984741211,0,0,0,0,1,0,0,0,0,0,0,0,0,0,1,0,1,0,0,0,0,1,0
0,0,0,48,1,1,95.4000015258789,4445.2998046875,0,1,1,0,1,0,1,0,0,0,0,0,1,0,0,0,1,0,0,0,0,1,0
0,1,0,26,0,0,35.400001525878906,978.5999755859375,0,0,0,1,0,0,1,0,0,0,1,0,0,0,0,0,0,0,1,0,1,0,0
0,1,0,60,1,0,19.950000762939453,1258.1500244140625,0,1,0,0,0,1,0,1,0,1,0,1,0,1,0,1,0,1,0,1,0,0,1
0,0,0,18,1,0,19.25,331.3500061035156,0,1,0,0,0,1,0,1,0,1,0,1,0,1,0,1,0,1,0,0,0,0,1
1,0,0,10,0,1,29.649999618530273,291.3999938964844,1,0,0,1,0,0,0,0,0,0,0,0,1,0,0,0,0,0,0,0,0,1,0
0,1,1,5,1,1,84.5,453.75,1,1,1,0,1,0,1,0,0,0,1,0,0,0,0,0,0,0,0,0,0,1,0
0,0,1,4,1,1,20.399999618530273,84.75,0,0,0,0,0,1,0,1,0,1,0,1,0,1,0,1,0,1,1,0,0,0,1
0,1,1,65,1,0,24.75,1715.0999755859375,0,1,1,0,0,1,0,1,0,1,0,1,0,1,0,1,0,1,0,1,1,0,0
0,1,1,70,1,0,25.350000381469727,1715.1500244140625,0,1,1,0,0,1,0,1,0,1,0,1,0,1,0,1,0,1,0,1,0,0,1
0,0,0,18,1,1,90.69999694824219,1597.25,1,1,1,0,1,0,0,0,0,0,1,0,0,0,0,0,1,0,0,0,1,0,0
0,0,1,62,1,0,20.0,1250.0999755859375,0,1,0,0,0,1,0,1,0,1,0,1,0,1,0,1,0,1,0,1,0,0,0
0,1,1,66,1,1,59.75,3996.800048828125,0,0,0,0,0,0,1,0,0,0,0,0,0,0,1,0,0,0,0,1,0,1,0
0,1,1,65,1,1,82.5,5215.10009765625,0,0,1,0,0,0,1,0,1,0,0,0,1,0,1,0,1,0,0,1,0,0,0
1,0,0,3,1,1,70.30000305175781,235.5,1,0,0,0,1,0,0,0,0,0,0,0,0,0,0,0,0,0,0,0,0,1,0
0,0,0,34,1,0,20.350000381469727,673.2000122070312,0,0,0,0,0,1,0,1,0,1,0,1,0,1,0,1,0,1,0,0,0,0,1
0,1,1,16,1,1,90.80000305175781,1442.199951171875,0,1,1,0,1,0,0,0,0,0,1,0,0,0,1,0,0,0,0,0,0,0,0
0,0,0,54,1,1,103.94999694824219,5639.0498046875,1,0,1,0,1,0,1,0,0,0,1,0,0,0,1,0,1,0,1,0,0,0,0
1,0,0,50,1,1,104.94999694824219,5222.35009765625,0,0,1,0,1,0,0,0,0,0,1,0,1,0,1,0,1,0,0,0,0,1,0
0,1,0,71,1,1,105.25,7291.75,0,1,0,0,1,0,0,0,1,0,1,0,1,0,1,0,1,0,0,1,0,1,0
0,0,0,10,1,1,74.75,799.6500244140625,1,0,1,0,1,0,0,0,0,0,0,0,0,0,0,0,0,0,0,0,0,1,0
0,0,0,1,1,1,50.79999923706055,50.79999923706055,1,0,0,0,0,0,0,0,0,0,0,0,1,0,0,0,0,0,0,0,0,1,0
0,0,0,18,1,0,23.75,424.5,0,1,1,0,0,1,0,1,0,1,0,1,0,1,0,1,0,1,1,0,0,0,1
0,0,0,4,1,1,61.29999923706055,249.39999389648438,0,1,0,0,0,0,0,0,0,0,0,0,1,0,1,0,0,0,0,0,0,1,0
0,1,1,58,1,0,75.80000305175781,4415.75,0,0,1,0,0,0,1,0,0,0,1,0,1,0,1,0,0,0,0,1,0,0,1
0,1,0,56,1,1,98.0,5270.60009765625,0,0,1,0,1,0,1,0,0,0,0,0,0,0,1,0,1,0,1,0,0,1,0
0,0,0,2,1,1,80.25,144.5500030517578,1,1,0,0,1,0,0,0,0,0,0,0,0,0,1,0,0,0,0,0,0,1,0
0,1,0,32,1,1,78.9000015258789,2447.949951171875,1,1,1,0,1,0,0,0,0,0,1,0,0,0,0,0,0,0,0,0,0,1,0
0,1,1,56,0,1,52.0,2884.89990234375,0,1,0,1,0,0,1,0,1,0,0,0,1,0,1,0,0,0,1,0,0,0,1
0,0,0,36,1,1,84.75,3050.14990234375,1,1,1,0,1,0,0,0,0,0,0,0,0,0,0,0,1,0,0,0,0,1,0
0,0,0,4,1,1,64.4000015258789,253.0,0,0,1,0,0,0,0,0,0,0,0,0,1,0,1,0,0,0,0,0,0,0,1
0,0,0,53,1,0,85.44999694824219,4517.25,1,1,1,0,1,0,0,0,0,0,0,0,0,0,1,0,0,0,0,0,0,0,0
0,0,0,10,1,1,45.79999923706055,436.20001220703125,0,1,0,0,0,0,0,0,0,0,0,0,0,0,0,0,0,0,0,0,1,0,0
0,0,0,4,0,0,30.5,118.4000015258789,0,1,0,1,0,0,0,0,0,0,0,0,1,0,0,0,0,0,0,0,0,1,0
0,1,1,1,1,0,19.899999618530273,19.899999618530273,1,1,0,0,0,1,0,1,0,1,0,1,0,1,0,1,0,1,0,0,0,0,1
0,1,0,51,1,0,69.1500015258789,3649.60009765625,0,0,0,0,1,0,0,0,0,0,0,0,0,0,0,0,0,0,0,0,0,0,1
1,0,0,12,1,1,99.44999694824219,1200.1500244140625,1,1,1,0,1,0,0,0,0,0,1,0,0,0,1,0,1,0,0,0,0,1,0
0,0,0,6,0,1,49.25,255.60000610351562,0,0,0,1,0,0,0,0,0,0,0,0,1,0,1,0,1,0,1,0,0,0,1
0,1,1,63,0,0,39.349998474121094,2395.050048828125,0,1,0,1,0,0,0,0,1,0,1,0,1,0,0,0,0,0,0,1,0,0,0
0,0,0,1,1,1,70.5999984741211,70.5999984741211,1,0,0,0,1,0,0,0,0,0,0,0,0,0,0,0,0,0,0,0,0,1,0
0,1,0,48,1,1,105.0999984741211,5083.5498046875,0,0,1,0,1,0,0,0,1,0,0,0,1,0,1,0,1,0,0,0,1,0,0
0,0,0,5,1,1,81.0,389.6000061035156,1,0,0,0,1,0,0,0,0,0,0,0,0,0,1,0,0,0,0,0,1,0,0
0,0,1,35,1,1,20.100000381469727,644.5,0,0,0,0,0,1,0,1,0,1,0,1,0,1,0,1,0,1,1,0,1,0,0
0,0,0,6,1,1,84.8499984741211,523.5,1,1,0,0,1,0,0,0,1,0,0,0,0,0,1,0,0,0,0,0,0,1,0
0,0,0,2,1,0,19.75,39.29999923706055,0,1,0,0,0,1,0,1,0,1,0,1,0,1,0,1,0,1,0,0,0,0,1
0,0,0,50,1,0,19.75,989.0499877929688,0,0,0,0,0,1,0,1,0,1,0,1,0,1,0,1,0,1,1,0,0,0,0
0,0,0,33,1,1,70.4000015258789,2406.10009765625,0,0,0,0,1,0,0,0,0,0,0,0,0,0,0,0,0,0,0,0,0,0,0
0,0,0,31,1,0,20.450000762939453,638.5499877929688,0,1,0,0,0,1,0,1,0,1,0,1,0,1,0,1,0,1,0,1,0,0,1
0,1,1,9,1,0,20.350000381469727,191.10000610351562,0,0,0,0,0,1,0,1,0,1,0,1,0,1,0,1,0,1,0,1,0,0,1
0,1,1,54,1,1,86.19999694824219,4524.0498046875,0,0,1,0,0,0,0,0,1,0,1,0,1,0,1,0,1,0,0,0,0,1,0
0,0,0,46,1,1,95.6500015258789,4664.2001953125,0,0,0,0,1,0,1,0,1,0,1,0,0,0,1,0,0,0,1,0,1,0,0
0,0,1,34,1,1,103.80000305175781,3470.800048828125,0,1,1,0,1,0,1,0,1,0,0,0,0,0,1,0,1,0,1,0,0,1,0
0,1,1,71,1,1,97.19999694824219,6910.2998046875,0,1,1,0,1,0,1,0,0,0,0,0,0,0,1,0,1,0,0,1,0,1,0
0,1,1,63,1,0,63.54999923706055,4014.199951171875,0,0,0,0,0,0,1,0,1,0,1,0,1,0,0,0,0,0,0,1,0,0,1
0,0,0,51,1,0,24.950000762939453,1288.0,0,0,1,0,0,1,0,1,0,1,0,1,0,1,0,1,0,1,0,1,0,0,0
1,0,0,26,1,1,89.1500015258789,2277.64990234375,1,0,1,0,1,0,0,0,1,0,0,0,0,0,1,0,0,0,0,0,0,1,0
0,1,0,64,1,1,99.0,6375.7998046875,0,0,0,0,1,0,1,0,0,0,1,0,0,0,1,0,1,0,0,1,0,0,0
1,1,0,1,0,1,24.799999237060547,24.799999237060547,1,0,0,1,0,0,0,0,0,0,0,0,0,0,0,0,0,0,0,0,0,1,0
1,1,0,61,1,1,85.55000305175781,5251.75,0,1,1,0,1,0,0,0,1,0,0,0,1,0,0,0,0,0,1,0,0,0,0
0,0,0,15,1,1,94.0,1505.449951171875,0,0,0,0,1,0,0,0,0,0,1,0,0,0,1,0,1,0,0,0,1,0,0
0,0,0,64,1,1,105.6500015258789,6903.10009765625,1,1,1,0,1,0,0,0,1,0,0,0,1,0,1,0,1,0,1,0,1,0,0
0,0,0,18,1,1,50.29999923706055,913.2999877929688,0,0,1,0,0,0,0,0,0,0,0,0,0,0,0,0,0,0,0,0,0,1,0
0,1,1,57,1,1,95.0,5535.7998046875,0,0,0,0,1,0,0,0,1,0,0,0,0,0,1,0,1,0,1,0,0,1,0
0,1,1,14,1,1,61.400001525878906,815.5499877929688,0,1,0,0,0,0,1,0,1,0,0,0,0,0,0,0,1,0,0,1,0,0,0
1,0,0,18,1,1,80.55000305175781,1411.6500244140625,0,1,1,0,1,0,0,0,1,0,0,0,0,0,0,0,0,0,0,0,1,0,0
1,1,0,72,1,0,78.5,5602.25,0,0,1,0,1,0,1,0,0,0,0,0,0,0,0,0,0,0,0,1,0,0,0
0,1,0,70,1,0,114.30000305175781,8244.2998046875,0,1,1,0,1,0,1,0,1,0,1,0,1,0,1,0,1,0,0,1,1,0,0
0,0,0,38,1,0,20.049999237060547,741.5,0,0,0,0,0,1,0,1,0,1,0,1,0,1,0,1,0,1,0,1,0,0,1
0,1,1,68,1,0,62.650001525878906,4375.7998046875,0,1,0,0,0,0,1,0,1,0,1,0,1,0,0,0,0,0,0,1,1,0,0
0,0,0,13,1,1,80.8499984741211,1008.7000122070312,1,1,0,0,1,0,0,0,0,0,0,0,0,0,0,0,1,0,0,0,0,1,0
1,1,0,65,1,1,92.69999694824219,5968.39990234375,0,1,1,0,1,0,1,0,1,0,0,0,0,0,1,0,0,0,0,1,1,0,0
0,0,0,30,1,0,100.44999694824219,3096.89990234375,0,0,1,0,1,0,0,0,0,0,1,0,0,0,1,0,1,0,0,0,0,1,0
0,1,0,51,1,1,75.19999694824219,3901.25,0,1,1,0,0,0,0,0,0,0,0,0,1,0,1,0,1,0,0,1,0,0,0
0,0,0,31,1,1,84.75,2613.39990234375,0,0,1,0,1,0,1,0,0,0,1,0,0,0,0,0,0,0,0,0,1,0,0
0,1,0,9,1,0,89.44999694824219,853.0999755859375,1,0,0,0,1,0,0,0,0,0,0,0,0,0,1,0,1,0,0,0,0,1,0
0,1,1,72,1,1,79.5,5661.7001953125,0,0,1,0,0,0,1,0,1,0,1,0,1,0,0,0,1,0,0,1,0,0,0
0,0,0,10,1,1,72.1500015258789,794.25,1,1,1,0,0,0,0,0,0,0,0,0,0,0,1,0,1,0,0,0,1,0,0
0,0,0,37,1,1,19.799999237060547,695.0499877929688,0,0,0,0,0,1,0,1,0,1,0,1,0,1,0,1,0,1,1,0,0,1,0
0,0,0,2,1,0,76.4000015258789,160.8000030517578,1,0,0,0,0,0,0,0,0,0,1,0,1,0,1,0,1,0,0,0,0,1,0
0,0,0,55,1,1,100.9000015258789,5552.0498046875,0,1,0,0,1,0,1,0,1,0,0,0,0,0,1,0,1,0,1,0,0,0,1
0,0,1,33,1,1,95.30000305175781,3275.14990234375,0,1,1,0,1,0,1,0,0,0,1,0,0,0,0,0,1,0,0,0,0,0,0
0,1,1,46,1,0,90.94999694824219,4236.60009765625,0,0,0,0,1,0,0,0,0,0,1,0,1,0,0,0,1,0,1,0,0,0,0
0,0,1,1,1,0,54.5,54.5,0,0,0,0,0,0,1,0,0,0,0,0,1,0,0,0,0,0,0,0,0,1,0
1,0,0,20,1,1,61.599998474121094,1174.3499755859375,1,0,1,0,0,0,0,0,0,0,0,0,0,0,0,0,1,0,0,0,0,0,1
0,1,0,9,1,1,79.9000015258789,741.7000122070312,1,1,0,0,1,0,0,0,1,0,1,0,0,0,0,0,0,0,0,0,0,1,0
1,0,0,32,1,1,96.1500015258789,3019.25,1,1,1,0,1,0,0,0,0,0,0,0,0,0,1,0,1,0,0,0,1,0,0
0,1,1,19,1,1,49.599998474121094,962.9000244140625,0,0,0,0,0,0,0,0,0,0,1,0,0,0,0,0,0,0,0,0,0,0,0
0,1,0,70,1,0,65.30000305175781,4759.75,1,0,1,0,0,0,1,0,0,0,1,0,1,0,0,0,0,0,0,1,1,0,0
0,0,1,61,1,1,25.0,1498.3499755859375,0,0,1,0,0,1,0,1,0,1,0,1,0,1,0,1,0,1,0,1,1,0,0
0,0,0,26,1,0,45.45000076293945,1233.1500244140625,0,1,0,0,0,0,0,0,0,0,0,0,0,0,0,0,0,0,0,0,0,1,0
0,1,0,45,1,1,107.75,4882.7998046875,0,1,1,0,1,0,0,0,1,0,1,0,0,0,1,0,1,0,0,0,0,0,0
0,1,1,62,1,1,89.0999984741211,5411.64990234375,0,1,1,0,1,0,0,0,0,0,1,0,0,0,1,0,0,0,0,1,1,0,0
0,0,0,1,1,0,19.649999618530273,19.649999618530273,1,1,0,0,0,1,0,1,0,1,0,1,0,1,0,1,0,1,0,0,0,0,1
0,0,0,3,1,0,44.75,148.0500030517578,0,0,0,0,0,0,0,0,0,0,0,0,0,0,0,0,0,0,0,0,0,0,1
0,1,1,41,1,1,101.5999984741211,3930.550048828125,0,0,1,0,1,0,1,0,1,0,1,0,0,0,0,0,1,0,1,0,0,0,0
0,1,1,67,1,0,103.1500015258789,6895.5,0,1,0,0,1,0,0,0,1,0,1,0,1,0,1,0,1,0,0,1,0,0,0
0,0,0,1,1,1,84.6500015258789,84.6500015258789,1,1,1,0,1,0,0,0,0,0,0,0,0,0,1,0,0,0,0,0,0,0,1
0,1,0,71,1,0,95.6500015258789,6856.9501953125,0,0,1,0,1,0,1,0,1,0,0,0,0,0,1,0,0,0,1,0,0,0,1
0,1,1,37,1,0,75.0999984741211,2658.800048828125,0,0,0,0,0,0,1,0,1,0,0,0,0,0,1,0,1,0,1,0,0,0,0
0,1,0,60,1,1,61.349998474121094,3766.199951171875,0,1,0,0,0,0,1,0,1,0,0,0,1,0,0,0,0,0,0,1,0,0,1
1,1,0,1,1,1,69.55000305175781,69.55000305175781,1,0,0,0,1,0,0,0,0,0,0,0,0,0,0,0,0,0,0,0,0,1,0
0,0,0,6,1,0,19.700000762939453,129.5500030517578,0,0,0,0,0,1,0,1,0,1,0,1,0,1,0,1,0,1,0,0,1,0,0
0,0,0,13,0,1,31.049999237060547,347.25,1,0,0,1,0,0,0,0,1,0,0,0,0,0,0,0,0,0,0,0,0,1,0
0,1,1,11,1,0,51.0,581.7000122070312,0,0,0,0,0,0,1,0,0,0,0,0,0,0,0,0,0,0,0,0,0,0,0
0,0,0,7,1,1,51.0,354.04998779296875,1,1,0,0,0,0,1,0,0,0,0,0,0,0,0,0,0,0,0,0,0,0,1
0,1,1,10,1,1,88.8499984741211,929.4500122070312,0,0,0,0,1,0,0,0,0,0,0,0,0,0,1,0,1,0,0,0,0,1,0
0,1,0,34,1,0,20.049999237060547,679.0,0,1,0,0,0,1,0,1,0,1,0,1,0,1,0,1,0,1,0,1,1,0,0
0,0,0,62,1,1,65.0999984741211,3846.75,0,0,0,0,0,0,1,0,0,0,0,0,1,0,0,0,1,0,0,1,0,0,1
0,1,0,64,1,1,70.1500015258789,4480.7001953125,0,1,1,0,0,0,0,0,1,0,0,0,1,0,0,0,1,0,1,0,0,0,1
0,1,1,1,1,1,44.349998474121094,44.349998474121094,1,0,0,0,0,0,0,0,0,0,0,0,0,0,0,0,0,0,0,0,0,0,0
0,0,0,25,1,1,20.75,499.3999938964844,0,1,0,0,0,1,0,1,0,1,0,1,0,1,0,1,0,1,0,1,0,0,1
0,0,0,26,1,1,56.04999923706055,1553.199951171875,0,0,0,0,0,0,0,0,1,0,1,0,0,0,0,0,0,0,1,0,0,0,1
0,0,1,10,1,1,19.950000762939453,219.5,0,1,0,0,0,1,0,1,0,1,0,1,0,1,0,1,0,1,1,0,0,0,0
0,0,0,53,1,0,98.5999984741211,5311.85009765625,0,0,1,0,1,0,1,0,1,0,1,0,0,0,1,0,0,0,1,0,0,0,1
0,0,0,7,1,1,79.69999694824219,586.0499877929688,1,0,0,0,1,0,0,0,0,0,0,0,0,0,1,0,0,0,0,0,0,1,0
0,0,0,33,1,1,79.0,2576.800048828125,0,1,0,0,1,0,0,0,1,0,1,0,0,0,0,0,0,0,0,0,1,0,0
1,1,0,71,1,0,89.44999694824219,6435.25,0,0,0,0,1,0,0,0,1,0,1,0,0,0,0,0,1,0,0,1,1,0,0
0,0,0,29,1,1,74.19999694824219,1993.25,0,0,1,0,1,0,0,0,0,0,0,0,0,0,0,0,0,0,0,0,0,1,0
0,1,1,24,1,0,81.0,1923.8499755859375,0,1,1,0,0,0,1,0,0,0,0,0,1,0,1,0,1,0,0,0,0,0,0
0,1,1,20,1,1,49.599998474121094,939.7999877929688,0,1,0,0,0,0,0,0,0,0,1,0,0,0,0,0,0,0,0,0,0,1,0
0,0,0,1,1,1,84.5999984741211,84.5999984741211,0,0,1,0,1,0,0,0,0,0,0,0,0,0,1,0,0,0,0,0,0,1,0
0,0,1,54,1,1,55.0,3092.64990234375,1,1,1,0,0,0,0,0,1,0,0,0,0,0,0,0,0,0,0,0,1,0,0
1,0,0,5,1,1,84.8499984741211,415.54998779296875,1,0,0,0,1,0,0,0,0,0,1,0,0,0,1,0,0,0,0,0,0,0,1
0,1,1,72,1,1,84.19999694824219,5986.5498046875,0,0,1,0,0,0,1,0,0,0,1,0,1,0,1,0,1,0,0,1,0,0,0
0,1,0,52,1,1,106.30000305175781,5487.0,0,1,0,0,1,0,1,0,1,0,1,0,1,0,1,0,1,0,0,1,0,1,0
0,0,0,9,1,0,69.05000305175781,651.5,0,0,0,0,1,0,0,0,0,0,0,0,0,0,0,0,0,0,0,0,0,1,0
0,0,0,1,1,1,45.400001525878906,45.400001525878906,0,0,0,0,0,0,0,0,0,0,0,0,0,0,0,0,0,0,0,0,0,0,1
1,0,0,1,1,1,73.6500015258789,73.6500015258789,1,1,1,0,1,0,0,0,0,0,0,0,0,0,0,0,0,0,0,0,0,1,0
0,1,1,33,1,1,73.9000015258789,2405.050048828125,1,1,0,0,0,0,0,0,0,0,1,0,1,0,1,0,1,0,1,0,0,0,1
0,1,0,55,1,1,77.75,4458.14990234375,1,0,1,0,1,0,0,0,0,0,1,0,0,0,0,0,0,0,0,0,0,1,0
0,1,1,69,1,1,99.3499984741211,6856.4501953125,0,1,1,0,1,0,0,0,0,0,0,0,1,0,1,0,1,0,0,1,0,1,0
0,0,0,1,1,1,50.75,50.75,0,1,0,0,0,0,1,0,0,0,0,0,0,0,0,0,0,0,0,0,0,0,1
0,0,0,54,1,0,87.0999984741211,4735.2001953125,0,1,1,0,0,0,1,0,0,0,1,0,1,0,1,0,1,0,0,1,0,0,0
0,0,1,33,1,1,20.149999618530273,682.1500244140625,0,1,0,0,0,1,0,1,0,1,0,1,0,1,0,1,0,1,1,0,0,0,1
1,1,0,45,1,1,98.69999694824219,4525.7998046875,0,1,1,0,1,0,0,0,1,0,1,0,1,0,1,0,0,0,1,0,0,0,0
0,0,1,11,0,0,25.200000762939453,321.04998779296875,0,0,0,1,0,0,0,0,0,0,0,0,0,0,0,0,0,0,0,0,0,1,0
0,0,0,6,1,1,55.70000076293945,335.6499938964844,0,1,0,0,0,0,1,0,1,0,0,0,0,0,0,0,0,0,0,0,0,0,0
0,0,0,21,1,0,65.3499984741211,1424.4000244140625,0,1,0,0,0,0,1,0,0,0,1,0,0,0,1,0,0,0,0,0,0,0,0
0,1,1,65,1,1,25.299999237060547,1748.550048828125,0,0,1,0,0,1,0,1,0,1,0,1,0,1,0,1,0,1,0,1,0,0,0
1,1,0,6,1,1,84.3499984741211,474.8999938964844,1,0,1,0,1,0,0,0,0,0,0,0,0,0,0,0,1,0,0,0,0,1,0
0,0,0,8,1,0,84.94999694824219,668.4000244140625,1,0,0,0,1,0,1,0,0,0,0,0,0,0,1,0,0,0,0,0,0,1,0
0,0,0,11,1,1,73.8499984741211,926.25,1,1,0,0,1,0,0,0,0,0,0,0,1,0,0,0,0,0,0,0,0,1,0
0,1,1,43,1,0,24.25,1077.949951171875,0,1,1,0,0,1,0,1,0,1,0,1,0,1,0,1,0,1,0,1,0,0,1
0,1,1,49,0,1,51.79999923706055,2541.25,1,1,0,1,0,0,0,0,1,0,0,0,0,0,1,0,1,0,1,0,0,0,0
1,1,0,1,1,0,46.0,46.0,1,0,0,0,0,0,0,0,0,0,0,0,0,0,0,0,0,0,0,0,0,1,0
1,0,0,15,1,1,79.4000015258789,1156.0999755859375,1,1,0,0,1,0,0,0,0,0,0,0,0,0,0,0,1,0,0,0,0,1,0
0,1,1,60,1,0,60.5,3694.449951171875,0,1,0,0,0,0,1,0,1,0,1,0,0,0,0,0,0,0,0,1,0,0,0
0,0,0,17,0,0,25.100000381469727,382.79998779296875,0,1,0,1,0,0,0,0,0,0,0,0,0,0,0,0,0,0,0,0,1,0,0
1,1,0,16,1,1,71.80000305175781,1167.800048828125,1,1,0,0,1,0,0,0,0,0,0,0,0,0,0,0,0,0,0,0,0,0,0
0,1,1,35,1,0,20.049999237060547,746.75,0,1,0,0,0,1,0,1,0,1,0,1,0,1,0,1,0,1,1,0,0,0,0
1,1,0,44,1,0,88.4000015258789,3912.89990234375,1,1,1,0,1,0,0,0,1,0,0,0,0,0,0,0,1,0,1,0,0,0,1
0,1,1,12,0,0,30.25,368.8500061035156,0,0,0,1,0,0,0,0,0,0,0,0,1,0,0,0,0,0,1,0,1,0,0
0,0,0,1,1,0,20.200000762939453,20.200000762939453,0,1,0,0,0,1,0,1,0,1,0,1,0,1,0,1,0,1,0,0,0,0,1
0,0,0,28,1,1,59.900001525878906,1654.699951171875,0,0,0,0,0,0,1,0,1,0,0,0,1,0,0,0,0,0,1,0,0,1,0
0,1,0,70,1,0,25.149999618530273,1940.8499755859375,0,1,1,0,0,1,0,1,0,1,0,1,0,1,0,1,0,1,0,1,0,0,0
0,0,1,5,1,0,46.0,221.6999969482422,1,0,0,0,0,0,0,0,0,0,0,0,0,0,0,0,0,0,0,0,0,0,1
0,0,0,18,1,0,101.30000305175781,1794.6500244140625,0,1,0,0,1,0,0,0,1,0,1,0,0,0,1,0,1,0,0,0,1,0,0
0,1,0,70,1,1,76.94999694824219,5289.7998046875,0,1,1,0,0,0,1,0,0,0,0,0,1,0,1,0,1,0,0,1,1,0,0
0,1,1,9,1,1,55.29999923706055,501.20001220703125,0,0,1,0,0,0,0,0,1,0,0,0,0,0,0,0,0,0,0,0,0,0,1
1,0,0,67,1,1,92.44999694824219,6140.85009765625,0,0,0,0,1,0,1,0,1,0,0,0,1,0,1,0,0,0,0,1,0,0,0
0,0,0,1,1,1,48.45000076293945,48.45000076293945,0,0,0,0,0,0,1,0,0,0,0,0,0,0,0,0,0,0,0,0,0,0,0
0,1,1,18,1,0,19.350000381469727,309.25,0,0,0,0,0,1,0,1,0,1,0,1,0,1,0,1,0,1,0,1,0,0,1
0,0,0,4,1,0,51.75,201.10000610351562,1,1,1,0,0,0,0,0,0,0,0,0,0,0,0,0,0,0,0,0,1,0,0
1,1,1,71,1,1,86.69999694824219,6179.35009765625,0,1,0,0,1,0,1,0,1,0,1,0,0,0,0,0,0,0,1,0,0,0,0
0,1,1,30,1,1,94.4000015258789,2838.699951171875,1,1,1,0,1,0,1,0,1,0,0,0,0,0,1,0,0,0,0,0,0,1,0
0,1,0,1,1,0,55.70000076293945,55.70000076293945,0,1,0,0,0,0,1,0,0,0,1,0,0,0,0,0,0,0,0,0,0,0,1
0,0,0,55,1,1,84.25,4589.85009765625,0,0,1,0,1,0,1,0,0,0,1,0,0,0,0,0,0,0,1,0,1,0,0
0,0,0,59,1,1,64.6500015258789,3735.449951171875,0,1,0,0,0,0,0,0,0,0,1,0,1,0,1,0,0,0,0,0,0,1,0
0,0,0,1,1,1,70.1500015258789,70.1500015258789,1,0,0,0,1,0,0,0,0,0,0,0,0,0,0,0,0,0,0,0,0,0,1
0,1,0,7,1,1,69.19999694824219,477.54998779296875,0,0,0,0,1,0,0,0,0,0,0,0,0,0,0,0,0,0,0,0,0,0,0
0,1,1,45,1,0,54.650001525878906,2553.699951171875,0,1,0,0,0,0,1,0,0,0,0,0,1,0,0,0,0,0,0,1,0,0,0
0,1,1,54,1,1,24.75,1342.1500244140625,0,0,1,0,0,1,0,1,0,1,0,1,0,1,0,1,0,1,1,0,0,0,0
0,1,1,51,1,1,23.950000762939453,1216.3499755859375,0,1,1,0,0,1,0,1,0,1,0,1,0,1,0,1,0,1,1,0,0,0,1
1,1,0,72,1,0,105.0,7578.0498046875,0,0,1,0,1,0,0,0,1,0,1,0,0,0,1,0,1,0,1,0,1,0,0
0,1,0,44,1,1,59.849998474121094,2603.949951171875,0,1,0,0,0,0,1,0,1,0,0,0,1,0,0,0,0,0,1,0,0,0,0
0,0,0,2,1,0,20.049999237060547,42.70000076293945,0,1,0,0,0,1,0,1,0,1,0,1,0,1,0,1,0,1,0,0,0,0,1
0,0,0,66,1,1,92.1500015258789,6056.89990234375,0,0,1,0,1,0,0,0,0,0,1,0,0,0,1,0,0,0,1,0,0,0,0
0,1,1,68,0,0,44.79999923706055,2983.64990234375,0,1,0,1,0,0,1,0,1,0,0,0,0,0,1,0,0,0,1,0,0,0,1
0,0,0,31,1,0,20.899999618530273,689.3499755859375,0,0,0,0,0,1,0,1,0,1,0,1,0,1,0,1,0,1,0,1,1,0,0
1,0,0,21,1,1,95.4000015258789,2025.0999755859375,0,0,1,0,1,0,0,0,0,0,0,0,0,0,1,0,1,0,0,0,0,0,0
0,0,1,21,1,0,80.3499984741211,1747.199951171875,0,1,1,0,1,0,1,0,0,0,0,0,0,0,0,0,0,0,0,0,0,1,0
0,1,1,55,1,1,85.0999984741211,4657.9501953125,0,0,1,0,0,0,1,0,0,0,1,0,1,0,1,0,1,0,0,1,0,0,0
0,0,0,9,0,1,34.70000076293945,296.1000061035156,1,1,0,1,0,0,0,0,0,0,0,0,0,0,1,0,0,0,0,0,1,0,0
1,1,0,71,1,1,115.05000305175781,8016.60009765625,0,1,1,0,1,0,1,0,1,0,1,0,1,0,1,0,1,0,0,1,0,0,0
0,0,0,1,1,1,81.0999984741211,81.0999984741211,1,0,0,0,1,0,0,0,0,0,0,0,0,0,0,0,1,0,0,0,0,1,0
0,1,1,22,1,0,19.950000762939453,433.5,0,1,0,0,0,1,0,1,0,1,0,1,0,1,0,1,0,1,1,0,0,0,1
0,1,1,1,1,0,20.549999237060547,20.549999237060547,1,0,0,0,0,1,0,1,0,1,0,1,0,1,0,1,0,1,0,0,0,0,1
0,0,0,61,1,1,106.5999984741211,6428.39990234375,1,0,1,0,1,0,0,0,0,0,1,0,1,0,1,0,1,0,0,1,0,1,0
0,1,0,67,1,0,86.1500015258789,5883.85009765625,0,0,1,0,0,0,0,0,1,0,1,0,1,0,1,0,1,0,0,1,0,0,0
1,0,0,14,1,0,78.8499984741211,1043.800048828125,0,0,0,0,1,0,1,0,1,0,0,0,0,0,0,0,0,0,0,0,0,1,0
0,1,0,59,1,1,106.75,6252.89990234375,1,1,1,0,1,0,1,0,1,0,1,0,1,0,1,0,0,0,0,0,0,1,0
1,1,0,21,1,0,86.55000305175781,1857.25,0,1,0,0,1,0,0,0,0,0,1,0,0,0,1,0,0,0,0,0,0,0,0
0,0,0,4,0,0,42.400001525878906,146.39999389648438,0,1,0,1,0,0,1,0,1,0,0,0,1,0,0,0,0,0,0,0,0,0,1
0,0,0,3,1,1,89.44999694824219,240.4499969482422,1,0,0,0,1,0,0,0,0,0,0,0,0,0,1,0,1,0,0,0,0,1,0
0,1,0,70,1,0,24.25,1724.1500244140625,0,1,1,0,0,1,0,1,0,1,0,1,0,1,0,1,0,1,0,1,0,0,0
0,0,0,3,1,1,97.9000015258789,315.29998779296875,1,0,0,0,1,0,0,0,1,0,0,0,1,0,1,0,1,0,0,0,0,1,0
1,0,0,21,1,0,20.5,429.54998779296875,0,1,0,0,0,1,0,1,0,1,0,1,0,1,0,1,0,1,1,0,0,0,0
0,0,0,20,1,1,19.600000381469727,356.1499938964844,0,1,0,0,0,1,0,1,0,1,0,1,0,1,0,1,0,1,0,0,1,0,0
0,1,1,22,1,0,20.25,488.25,0,1,0,0,0,1,0,1,0,1,0,1,0,1,0,1,0,1,1,0,0,0,0
0,0,0,1,1,1,55.70000076293945,55.70000076293945,1,1,0,0,0,0,0,0,0,0,0,0,0,0,0,0,1,0,0,0,0,0,1
0,0,0,63,1,1,20.600000381469727,1298.699951171875,0,0,0,0,0,1,0,1,0,1,0,1,0,1,0,1,0,1,0,1,0,0,1
0,1,1,70,1,0,19.799999237060547,1378.75,0,0,0,0,0,1,0,1,0,1,0,1,0,1,0,1,0,1,0,1,0,0,0
0,0,0,13,1,1,79.80000305175781,973.4500122070312,1,1,0,0,1,0,0,0,1,0,1,0,0,0,0,0,0,0,0,0,0,1,0
0,0,0,5,1,0,80.19999694824219,384.25,0,0,0,0,1,0,0,0,0,0,0,0,0,0,1,0,0,0,0,0,0,1,0
0,1,1,72,1,1,116.4000015258789,8543.25,0,0,1,0,1,0,1,0,1,0,1,0,1,0,1,0,1,0,0,1,1,0,0
0,0,0,13,0,1,31.649999618530273,389.95001220703125,0,0,0,1,0,0,0,0,1,0,0,0,0,0,0,0,0,0,0,0,0,1,0
0,1,0,61,1,0,94.1500015258789,5731.85009765625,0,1,0,0,1,0,0,0,1,0,1,0,1,0,0,0,1,0,0,0,1,0,0
0,0,0,1,1,0,20.649999618530273,20.649999618530273,0,1,0,0,0,1,0,1,0,1,0,1,0,1,0,1,0,1,0,0,0,1,0
1,1,0,56,1,1,76.8499984741211,4275.75,0,0,1,0,1,0,0,0,0,0,0,0,1,0,0,0,0,0,0,0,0,0,0
0,0,0,4,1,0,20.149999618530273,84.5,0,0,0,0,0,1,0,1,0,1,0,1,0,1,0,1,0,1,0,0,0,0,1
0,0,0,35,1,0,55.25,1924.0999755859375,0,1,1,0,0,0,1,0,0,0,0,0,0,0,0,0,0,0,0,1,0,0,1
0,1,0,18,0,1,39.04999923706055,669.8499755859375,1,0,0,1,0,0,0,0,0,0,1,0,0,0,1,0,0,0,0,0,0,1,0
0,1,0,72,1,0,82.1500015258789,5784.2998046875,0,1,1,0,0,0,0,0,1,0,1,0,0,0,1,0,1,0,0,1,0,0,0
1,0,0,49,1,0,103.0,5166.2001953125,0,0,1,0,1,0,1,0,1,0,1,0,1,0,0,0,1,0,1,0,0,0,0
0,1,0,44,1,1,95.0999984741211,4060.550048828125,0,0,1,0,1,0,1,0,1,0,1,0,1,0,0,0,0,0,0,0,1,0,0
1,1,0,3,1,1,83.9000015258789,267.3999938964844,1,0,0,0,1,0,0,0,0,0,0,0,1,0,1,0,0,0,0,0,0,0,1
0,1,1,37,1,1,95.1500015258789,3532.85009765625,0,0,1,0,1,0,0,0,1,0,1,0,0,0,0,0,1,0,0,0,0,1,0
0,1,0,61,1,1,79.80000305175781,4914.7998046875,0,1,1,0,0,0,0,0,1,0,1,0,0,0,1,0,1,0,1,0,0,1,0
0,1,0,70,1,1,74.80000305175781,5315.7998046875,0,1,1,0,0,0,1,0,0,0,1,0,1,0,0,0,1,0,0,1,1,0,0
1,0,0,1,1,1,69.8499984741211,69.8499984741211,1,0,0,0,1,0,0,0,0,0,0,0,0,0,0,0,0,0,0,0,0,1,0
0,0,0,41,1,0,20.450000762939453,775.5999755859375,0,0,0,0,0,1,0,1,0,1,0,1,0,1,0,1,0,1,0,0,0,1,0
0,1,1,70,1,0,78.3499984741211,5445.9501953125,0,1,1,0,0,0,1,0,1,0,1,0,1,0,0,0,1,0,1,0,0,0,0
0,0,0,1,1,1,53.54999923706055,53.54999923706055,1,0,0,0,0,0,0,0,0,0,0,0,0,0,1,0,0,0,0,0,0,0,1
0,0,0,51,1,0,19.100000381469727,1007.7999877929688,0,1,0,0,0,1,0,1,0,1,0,1,0,1,0,1,0,1,1,0,0,1,0
0,1,1,42,1,0,20.0,833.5499877929688,0,0,0,0,0,1,0,1,0,1,0,1,0,1,0,1,0,1,0,1,0,0,1
0,1,1,70,1,0,93.9000015258789,6579.0498046875,1,0,1,0,1,0,1,0,1,0,1,0,1,0,0,0,0,0,0,1,0,0,0
0,0,0,48,1,0,19.950000762939453,1004.5,0,1,0,0,0,1,0,1,0,1,0,1,0,1,0,1,0,1,1,0,0,0,0
0,1,1,68,1,1,113.1500015258789,7856.0,1,1,1,0,1,0,1,0,1,0,1,0,1,0,1,0,1,0,0,1,0,1,0
0,0,0,48,1,0,24.0,1183.050048828125,0,0,1,0,0,1,0,1,0,1,0,1,0,1,0,1,0,1,0,1,1,0,0
1,1,0,26,1,0,84.94999694824219,2169.75,1,0,0,0,1,0,0,0,1,0,0,0,0,0,0,0,1,0,0,0,0,1,0
0,1,0,11,1,1,80.5,896.9000244140625,1,1,1,0,1,0,0,0,1,0,0,0,0,0,0,0,0,0,0,0,0,0,0
0,0,0,1,1,1,19.299999237060547,19.299999237060547,1,1,0,0,0,1,0,1,0,1,0,1,0,1,0,1,0,1,0,0,0,0,1
0,0,0,27,1,0,19.149999618530273,501.3500061035156,0,0,0,0,0,1,0,1,0,1,0,1,0,1,0,1,0,1,1,0,0,0,1
1,0,0,46,1,1,91.30000305175781,4126.35009765625,0,0,0,0,1,0,0,0,1,0,1,0,0,0,1,0,0,0,1,0,0,0,0
0,0,0,1,1,1,49.650001525878906,49.650001525878906,1,1,0,0,0,0,0,0,0,0,1,0,0,0,0,0,0,0,0,0,0,0,1
0,0,0,46,1,0,54.349998474121094,2460.14990234375,1,0,0,0,0,0,0,0,0,0,1,0,1,0,0,0,0,0,0,1,1,0,0
0,1,1,25,1,1,19.149999618530273,477.6000061035156,0,1,0,0,0,1,0,1,0,1,0,1,0,1,0,1,0,1,0,0,0,0,1
0,0,0,4,1,1,88.44999694824219,370.6499938964844,1,1,0,0,1,0,0,0,0,0,0,0,0,0,1,0,1,0,0,0,0,1,0
0,0,0,13,1,0,19.75,265.75,0,1,0,0,0,1,0,1,0,1,0,1,0,1,0,1,0,1,0,1,0,0,1
0,1,0,31,1,1,75.5,2424.449951171875,0,1,0,0,0,0,1,0,1,0,1,0,1,0,0,0,1,0,1,0,1,0,0
0,1,1,23,1,1,83.75,1849.949951171875,0,0,1,0,1,0,0,0,0,0,0,0,0,0,1,0,0,0,0,0,0,1,0
0,0,0,2,1,0,19.399999618530273,61.04999923706055,0,0,0,0,0,1,0,1,0,1,0,1,0,1,0,1,0,1,0,0,0,0,1
0,0,0,65,1,0,26.5,1698.550048828125,0,0,1,0,0,1,0,1,0,1,0,1,0,1,0,1,0,1,0,1,0,0,0
1,0,0,22,1,1,90.5,1910.5999755859375,1,1,1,0,1,0,0,0,0,0,0,0,1,0,1,0,0,0,0,0,0,0,0
0,1,1,55,1,0,19.149999618530273,998.0999755859375,0,0,0,0,0,1,0,1,0,1,0,1,0,1,0,1,0,1,1,0,1,0,0
0,1,0,9,1,1,94.8499984741211,890.5999755859375,1,1,0,0,1,0,0,0,1,0,1,0,1,0,1,0,0,0,0,0,0,0,1
0,1,1,7,1,1,69.94999694824219,529.5,1,1,0,0,1,0,0,0,0,0,0,0,0,0,0,0,0,0,0,0,0,0,0
0,1,1,35,0,0,40.900001525878906,1383.5999755859375,0,0,0,1,0,0,0,0,0,0,0,0,1,0,1,0,0,0,1,0,0,0,1
0,0,0,6,1,1,80.25,493.3999938964844,0,1,0,0,0,0,1,0,0,0,1,0,1,0,1,0,1,0,0,1,0,0,1
0,0,0,1,1,1,48.599998474121094,48.599998474121094,1,0,0,0,0,0,1,0,0,0,0,0,0,0,0,0,0,0,0,0,1,0,0
0,0,0,17,1,1,70.80000305175781,1207.0,0,1,0,0,1,0,0,0,0,0,0,0,0,0,0,0,0,0,0,0,0,1,0
0,1,1,10,1,0,60.20000076293945,563.5,0,1,0,0,0,0,0,0,0,0,1,0,0,0,1,0,0,0,0,0,0,0,1
0,0,1,15,1,0,55.20000076293945,864.5499877929688,0,1,0,0,0,0,0,0,0,0,1,0,1,0,0,0,0,0,1,0,1,0,0
1,0,0,40,0,1,55.79999923706055,2109.35009765625,1,0,0,1,0,0,1,0,1,0,0,0,0,0,1,0,1,0,0,0,0,1,0
0,1,1,13,1,0,54.150001525878906,701.0499877929688,0,0,0,0,0,0,1,0,0,0,0,0,1,0,0,0,0,0,1,0,0,0,0
0,1,0,29,1,1,80.1500015258789,2265.25,1,1,1,0,1,0,0,0,1,0,0,0,0,0,0,0,0,0,0,0,0,0,0
0,0,0,3,1,1,75.5,220.60000610351562,1,0,1,0,1,0,0,0,0,0,0,0,0,0,0,0,0,0,0,0,0,1,0
1,1,0,58,1,1,100.4000015258789,5749.7998046875,0,0,1,0,1,0,0,0,0,0,0,0,1,0,1,0,1,0,0,0,0,0,0
0,0,0,45,1,1,62.54999923706055,2796.449951171875,0,0,0,0,0,0,1,0,1,0,0,0,1,0,0,0,0,0,1,0,1,0,0
0,1,1,72,1,1,70.44999694824219,5165.7001953125,0,0,1,0,0,0,1,0,1,0,1,0,1,0,0,0,0,0,0,1,0,0,0
0,1,1,68,1,1,85.5,5696.60009765625,0,1,1,0,1,0,1,0,1,0,0,0,0,0,0,0,0,0,1,0,0,0,0
0,0,0,1,1,1,20.200000762939453,20.200000762939453,1,1,0,0,0,1,0,1,0,1,0,1,0,1,0,1,0,1,0,0,0,0,0
0,1,1,38,1,0,54.5,2076.050048828125,0,0,0,0,0,0,1,0,1,0,0,0,0,0,0,0,0,0,0,0,0,1,0
0,0,0,2,1,0,20.75,44.20000076293945,0,1,0,0,0,1,0,1,0,1,0,1,0,1,0,1,0,1,0,0,0,0,1
0,0,0,11,1,0,20.350000381469727,215.25,0,1,0,0,0,1,0,1,0,1,0,1,0,1,0,1,0,1,0,0,0,0,1
1,1,0,20,1,1,91.0,1859.5,0,0,0,0,1,0,0,0,0,0,0,0,0,0,1,0,1,0,1,0,0,0,0
0,1,0,72,1,1,104.80000305175781,7470.10009765625,0,1,1,0,1,0,0,0,1,0,1,0,0,0,1,0,1,0,0,1,0,0,0
0,1,0,3,1,1,74.75,229.5,1,0,1,0,1,0,0,0,0,0,0,0,0,0,0,0,0,0,0,0,1,0,0
0,0,0,23,1,1,104.05000305175781,2470.10009765625,1,1,1,0,1,0,0,0,0,0,1,0,1,0,1,0,1,0,0,0,0,0,1
0,0,0,40,1,1,51.099998474121094,2092.89990234375,0,1,0,0,0,0,0,0,0,0,0,0,1,0,0,0,0,0,0,0,0,1,0
1,1,0,62,1,1,89.80000305175781,5629.5498046875,0,1,1,0,1,0,0,0,1,0,0,0,0,0,0,0,1,0,0,0,0,0,0
0,0,1,22,1,1,20.549999237060547,469.8500061035156,0,0,0,0,0,1,0,1,0,1,0,1,0,1,0,1,0,1,0,0,0,1,0
0,0,0,11,1,0,64.05000305175781,733.9500122070312,0,0,0,0,0,0,1,0,0,0,1,0,0,0,0,0,1,0,0,0,0,0,0
1,1,0,7,1,1,74.8499984741211,485.25,0,1,1,0,1,0,0,0,0,0,0,0,0,0,0,0,0,0,0,0,0,1,0
0,0,0,13,1,1,96.6500015258789,1244.5,1,0,1,0,1,0,1,0,1,0,0,0,0,0,1,0,0,0,0,0,0,1,0
1,0,0,1,1,0,20.049999237060547,20.049999237060547,1,1,0,0,0,1,0,1,0,1,0,1,0,1,0,1,0,1,0,0,0,0,1
0,0,0,39,1,1,103.44999694824219,3994.449951171875,1,0,1,0,1,0,0,0,1,0,1,0,0,0,1,0,1,0,0,0,0,1,0
0,1,0,3,0,0,25.0,78.25,0,1,0,1,0,0,0,0,0,0,0,0,0,0,0,0,0,0,0,0,0,0,1
0,0,0,58,1,0,20.299999237060547,1131.5,0,1,0,0,0,1,0,1,0,1,0,1,0,1,0,1,0,1,0,1,1,0,0
0,0,1,6,1,0,26.350000381469727,184.0500030517578,0,1,1,0,0,1,0,1,0,1,0,1,0,1,0,1,0,1,0,0,0,0,1
0,1,1,1,1,1,19.899999618530273,19.899999618530273,1,0,0,0,0,1,0,1,0,1,0,1,0,1,0,1,0,1,0,0,0,1,0
0,1,0,22,1,1,54.70000076293945,1178.75,0,0,0,0,0,0,0,0,1,0,1,0,0,0,0,0,0,0,0,0,0,0,1
0,1,0,14,0,0,46.349998474121094,667.7000122070312,1,1,0,1,0,0,0,0,0,0,0,0,0,0,1,0,1,0,0,0,0,1,0
0,1,1,64,1,0,90.25,5629.14990234375,0,1,1,0,1,0,0,0,0,0,1,0,0,0,0,0,1,0,1,0,1,0,0
0,0,0,1,1,0,19.950000762939453,19.950000762939453,1,1,0,0,0,1,0,1,0,1,0,1,0,1,0,1,0,1,0,0,0,1,0
0,0,0,6,1,0,20.649999618530273,109.30000305175781,0,1,0,0,0,1,0,1,0,1,0,1,0,1,0,1,0,1,0,0,0,0,1
0,0,0,1,1,0,79.5999984741211,79.5999984741211,1,1,0,0,1,0,0,0,0,0,0,0,0,0,0,0,1,0,0,0,0,1,0
0,0,1,39,1,0,25.450000762939453,958.4500122070312,0,1,1,0,0,1,0,1,0,1,0,1,0,1,0,1,0,1,1,0,0,0,0
0,0,0,20,1,0,19.5,403.1499938964844,0,0,0,0,0,1,0,1,0,1,0,1,0,1,0,1,0,1,1,0,0,0,1
0,0,0,1,1,1,75.9000015258789,75.9000015258789,1,1,0,0,1,0,0,0,0,0,0,0,1,0,0,0,0,0,0,0,0,1,0
0,1,0,1,1,0,76.19999694824219,76.19999694824219,1,1,0,0,1,0,0,0,0,0,1,0,0,0,0,0,0,0,0,0,0,1,0
0,1,0,64,1,1,66.1500015258789,4392.5,0,1,1,0,0,0,1,0,0,0,0,0,0,0,1,0,0,0,1,0,1,0,0
0,0,1,1,1,0,19.25,19.25,1,1,0,0,0,1,0,1,0,1,0,1,0,1,0,1,0,1,0,0,0,0,1
0,1,0,46,1,1,69.0999984741211,3168.0,0,0,0,0,0,0,0,0,1,0,0,0,0,0,1,0,1,0,0,0,1,0,0
1,1,1,28,0,1,39.099998474121094,1096.5999755859375,0,0,0,1,0,0,0,0,1,0,0,0,0,0,0,0,1,0,1,0,0,1,0
0,1,0,33,1,0,20.049999237060547,669.4500122070312,0,0,0,0,0,1,0,1,0,1,0,1,0,1,0,1,0,1,0,0,0,0,1
0,1,1,39,1,0,59.79999923706055,2343.85009765625,0,1,0,0,0,0,1,0,1,0,1,0,0,0,0,0,0,0,1,0,0,1,0
0,1,0,42,1,1,84.30000305175781,3588.39990234375,1,0,1,0,1,0,0,0,0,0,1,0,1,0,0,0,0,0,0,0,0,1,0
0,0,0,1,1,1,48.599998474121094,48.599998474121094,0,0,0,0,0,0,0,0,1,0,0,0,0,0,0,0,0,0,0,0,0,1,0
0,0,0,7,1,1,79.0,522.9500122070312,1,0,0,0,1,0,0,0,0,0,0,0,0,0,1,0,0,0,0,0,0,1,0
1,1,0,70,1,0,105.3499984741211,7511.89990234375,0,1,0,0,1,0,1,0,1,0,1,0,0,0,1,0,1,0,0,1,1,0,0
0,0,0,65,1,1,25.100000381469727,1725.0,0,1,1,0,0,1,0,1,0,1,0,1,0,1,0,1,0,1,0,1,0,0,0
0,0,0,1,1,0,49.75,49.75,0,1,0,0,0,0,1,0,0,0,0,0,0,0,0,0,0,0,0,0,0,1,0
0,1,0,18,1,1,94.75,1691.9000244140625,0,1,1,0,1,0,0,0,0,0,0,0,0,0,1,0,1,0,0,0,0,1,0
0,1,0,24,1,1,93.0,2248.050048828125,0,1,1,0,1,0,0,0,0,0,0,0,0,0,1,0,1,0,0,0,0,1,0
0,0,0,63,1,1,71.9000015258789,4479.2001953125,0,1,1,0,0,0,1,0,0,0,1,0,1,0,0,0,1,0,0,1,0,0,0
0,0,1,44,1,1,77.55000305175781,3471.10009765625,0,0,1,0,0,0,0,0,1,0,0,0,0,0,1,0,1,0,1,0,0,0,1
0,0,0,4,1,1,19.850000381469727,63.0,0,1,0,0,0,1,0,1,0,1,0,1,0,1,0,1,0,1,0,0,0,1,0
0,0,0,1,1,1,70.25,70.25,1,0,0,0,1,0,0,0,0,0,0,0,0,0,0,0,0,0,0,0,0,1,0
0,1,1,37,1,1,95.25,3314.14990234375,0,0,1,0,1,0,0,0,0,0,0,0,0,0,1,0,1,0,0,0,0,1,0
1,0,0,10,1,1,84.5999984741211,865.5499877929688,1,0,0,0,1,0,0,0,0,0,1,0,0,0,0,0,1,0,0,0,1,0,0
0,0,0,34,0,1,25.049999237060547,852.7000122070312,0,1,0,1,0,0,0,0,0,0,0,0,0,0,0,0,0,0,0,0,0,0,0
0,1,0,35,0,0,53.150001525878906,1930.9000244140625,0,1,0,1,0,0,1,0,0,0,1,0,0,0,1,0,1,0,1,0,1,0,0
0,1,0,4,1,0,20.149999618530273,91.4000015258789,0,0,0,0,0,1,0,1,0,1,0,1,0,1,0,1,0,1,0,0,0,1,0
1,1,0,39,1,1,101.25,3949.14990234375,0,0,1,0,1,0,0,0,0,0,0,0,1,0,1,0,1,0,0,0,0,1,0
1,1,0,43,1,1,100.55000305175781,4304.0,0,1,0,0,1,0,0,0,1,0,1,0,0,0,1,0,1,0,1,0,0,0,0
0,1,1,17,1,0,24.100000381469727,409.8999938964844,1,0,1,0,0,1,0,1,0,1,0,1,0,1,0,1,0,1,0,0,0,0,1
0,1,0,61,1,0,25.299999237060547,1554.9000244140625,0,0,1,0,0,1,0,1,0,1,0,1,0,1,0,1,0,1,0,1,0,0,0
0,1,0,49,1,0,71.80000305175781,3472.050048828125,0,0,1,0,0,0,1,0,1,0,1,0,0,0,0,0,1,0,1,0,0,1,0
0,0,0,4,1,0,19.700000762939453,117.80000305175781,0,1,0,0,0,1,0,1,0,1,0,1,0,1,0,1,0,1,1,0,0,0,1
0,1,1,64,0,0,49.849998474121094,3210.35009765625,0,0,0,1,0,0,0,0,1,0,1,0,1,0,0,0,1,0,0,1,0,1,0
0,0,0,3,1,1,69.5999984741211,207.39999389648438,0,1,0,0,1,0,0,0,0,0,0,0,0,0,0,0,0,0,0,0,0,0,1
0,1,1,1,1,0,19.75,19.75,0,1,0,0,0,1,0,1,0,1,0,1,0,1,0,1,0,1,0,0,0,1,0
0,1,0,40,1,0,80.80000305175781,3132.75,0,1,0,0,1,0,0,0,1,0,1,0,0,0,0,0,0,0,1,0,0,1,0
0,0,1,1,1,1,60.0,60.0,1,0,0,0,0,0,1,0,1,0,0,0,1,0,0,0,0,0,0,0,0,1,0
0,0,0,8,1,1,86.55000305175781,649.6500244140625,1,1,1,0,1,0,0,0,0,0,0,0,0,0,0,0,1,0,0,0,0,1,0
1,1,0,1,1,1,20.850000381469727,20.850000381469727,1,0,0,0,0,1,0,1,0,1,0,1,0,1,0,1,0,1,0,0,0,0,1
1,1,0,34,1,0,64.19999694824219,2106.300048828125,0,0,0,0,0,0,0,0,0,0,1,0,1,0,1,0,0,0,1,0,0,0,0
0,1,0,1,0,0,35.0,35.0,0,0,0,1,0,0,0,0,0,0,0,0,0,0,0,0,1,0,0,0,0,1,0
0,0,0,39,0,1,50.75,2011.4000244140625,1,0,0,1,0,0,0,0,0,0,1,0,0,0,1,0,1,0,0,0,0,1,0
1,1,0,58,1,1,105.5,6205.5,1,0,0,0,1,0,1,0,1,0,0,0,1,0,1,0,1,0,1,0,1,0,0
0,1,1,45,1,0,19.200000762939453,903.7000122070312,0,1,0,0,0,1,0,1,0,1,0,1,0,1,0,1,0,1,0,1,0,1,0
1,0,0,6,1,1,85.1500015258789,503.6000061035156,1,1,0,0,1,0,1,0,0,0,0,0,0,0,1,0,0,0,0,0,0,0,0
0,0,0,43,1,1,90.6500015258789,3882.300048828125,0,1,0,0,1,0,1,0,1,0,1,0,1,0,0,0,0,0,1,0,1,0,0
0,1,1,41,1,1,20.0,879.7999877929688,0,1,0,0,0,1,0,1,0,1,0,1,0,1,0,1,0,1,0,1,0,0,1
0,0,0,5,1,1,74.6500015258789,383.6499938964844,0,1,0,0,1,0,0,0,1,0,0,0,0,0,0,0,0,0,0,0,0,1,0
0,0,0,72,0,1,61.20000076293945,4390.25,0,1,0,1,0,0,1,0,0,0,1,0,1,0,1,0,1,0,0,1,1,0,0
0,0,0,4,1,0,19.950000762939453,68.19999694824219,0,1,0,0,0,1,0,1,0,1,0,1,0,1,0,1,0,1,1,0,0,0,1
0,1,1,9,1,0,54.79999923706055,452.79998779296875,0,1,0,0,0,0,0,0,1,0,0,0,1,0,0,0,0,0,0,0,0,0,1
1,1,0,72,1,1,73.44999694824219,5329.0,0,1,1,0,0,0,0,0,0,0,1,0,0,0,1,0,1,0,0,1,1,0,0
0,1,0,33,1,1,51.45000076293945,1758.9000244140625,0,0,0,0,0,0,0,0,0,0,0,0,1,0,0,0,0,0,1,0,0,0,1
0,1,0,72,1,0,80.44999694824219,5737.60009765625,0,0,1,0,1,0,1,0,0,0,0,0,0,0,0,0,0,0,0,1,0,0,0
0,1,0,22,1,1,54.20000076293945,1152.699951171875,1,1,0,0,0,0,1,0,0,0,0,0,1,0,0,0,0,0,0,0,0,1,0
0,1,0,70,1,1,109.5,7674.5498046875,1,0,1,0,1,0,0,0,1,0,1,0,1,0,1,0,1,0,1,0,0,1,0
0,1,1,21,1,0,104.4000015258789,2157.949951171875,1,1,1,0,1,0,0,0,1,0,1,0,0,0,1,0,1,0,0,0,0,1,0
0,0,0,15,1,0,85.30000305175781,1219.8499755859375,0,1,0,0,1,0,0,0,0,0,1,0,0,0,1,0,0,0,0,0,0,1,0
1,1,0,29,1,1,79.30000305175781,2414.550048828125,0,1,1,0,1,0,0,0,0,0,0,0,1,0,0,0,0,0,0,0,0,1,0
0,1,1,15,1,0,76.5,1155.5999755859375,0,0,0,0,0,0,0,0,1,0,1,0,1,0,1,0,1,0,0,0,0,0,0
1,1,1,71,1,1,105.0999984741211,7548.10009765625,1,1,1,0,1,0,1,0,1,0,0,0,0,0,1,0,1,0,0,0,1,0,0
1,0,0,72,1,0,25.399999618530273,1809.3499755859375,0,1,1,0,0,1,0,1,0,1,0,1,0,1,0,1,0,1,0,1,0,0,0
0,1,0,19,1,1,86.8499984741211,1564.4000244140625,0,0,1,0,1,0,0,0,0,0,0,0,0,0,1,0,0,0,0,0,0,1,0
0,0,0,1,1,0,19.649999618530273,19.649999618530273,0,1,0,0,0,1,0,1,0,1,0,1,0,1,0,1,0,1,0,0,0,0,1
0,0,0,1,1,1,75.69999694824219,75.69999694824219,1,0,0,0,1,0,0,0,1,0,0,0,0,0,0,0,0,0,0,0,0,1,0
0,0,0,2,1,0,45.54999923706055,84.4000015258789,0,0,0,0,0,0,0,0,0,0,0,0,0,0,0,0,0,0,0,0,0,1,0
1,1,1,11,1,1,78.0999984741211,864.8499755859375,0,0,1,0,1,0,0,0,0,0,1,0,0,0,0,0,0,0,0,0,1,0,0
0,0,0,12,1,0,19.299999237060547,228.75,0,0,0,0,0,1,0,1,0,1,0,1,0,1,0,1,0,1,1,0,0,0,1
0,1,0,70,1,1,110.5,7752.0498046875,0,0,1,0,1,0,0,0,1,0,1,0,1,0,1,0,1,0,0,1,0,1,0
1,1,0,20,1,0,90.80000305175781,1951.0,1,0,1,0,1,0,0,0,0,0,1,0,0,0,1,0,0,0,0,0,0,1,0
0,0,0,23,1,1,20.299999237060547,470.6000061035156,0,0,0,0,0,1,0,1,0,1,0,1,0,1,0,1,0,1,0,0,0,0,0
1,0,0,49,1,0,81.3499984741211,4060.89990234375,0,1,1,0,0,0,1,0,1,0,1,0,1,0,0,0,1,0,0,1,1,0,0
0,1,1,4,1,1,97.94999694824219,384.5,1,0,1,0,1,0,0,0,1,0,0,0,0,0,1,0,1,0,0,0,0,1,0
0,0,0,32,1,1,108.1500015258789,3432.89990234375,1,1,1,0,1,0,1,0,1,0,0,0,1,0,1,0,1,0,0,0,1,0,0
0,0,1,2,1,1,55.29999923706055,108.6500015258789,0,1,0,0,0,0,0,0,0,0,0,0,0,0,0,0,1,0,0,0,0,1,0
1,1,0,69,0,0,56.54999923706055,3952.64990234375,0,1,0,1,0,0,1,0,1,0,0,0,0,0,1,0,1,0,0,1,1,0,0
0,0,0,6,1,1,80.5,463.04998779296875,1,1,0,0,1,0,0,0,0,0,0,0,0,0,1,0,0,0,0,0,1,0,0
0,1,1,24,1,1,19.700000762939453,494.04998779296875,0,0,0,0,0,1,0,1,0,1,0,1,0,1,0,1,0,1,0,1,0,0,1
0,0,0,32,1,1,104.05000305175781,3416.85009765625,0,0,1,0,1,0,0,0,1,0,1,0,0,0,1,0,1,0,1,0,1,0,0
0,0,0,27,1,0,52.849998474121094,1498.6500244140625,0,0,0,0,0,0,1,0,1,0,0,0,0,0,0,0,0,0,0,1,0,0,0
1,1,0,27,1,1,104.30000305175781,2867.75,1,0,1,0,1,0,1,0,0,0,0,0,1,0,1,0,1,0,0,0,0,0,0
0,0,0,58,1,0,80.6500015258789,4807.35009765625,0,1,1,0,1,0,0,0,0,0,0,0,1,0,0,0,0,0,0,0,0,0,0
0,0,0,1,1,1,71.3499984741211,71.3499984741211,1,1,0,0,1,0,0,0,0,0,0,0,0,0,0,0,0,0,0,0,0,0,1
0,1,1,18,1,1,24.649999618530273,471.3500061035156,0,0,1,0,0,1,0,1,0,1,0,1,0,1,0,1,0,1,0,1,1,0,0
0,1,1,47,1,1,21.299999237060547,1041.800048828125,0,0,0,0,0,1,0,1,0,1,0,1,0,1,0,1,0,1,0,1,0,0,0
0,1,1,70,1,1,110.19999694824219,7689.7998046875,0,0,1,0,1,0,0,0,1,0,1,0,1,0,1,0,1,0,0,1,0,1,0
0,0,0,13,1,0,89.4000015258789,1132.3499755859375,1,0,1,0,1,0,0,0,1,0,1,0,1,0,0,0,0,0,0,0,0,1,0
0,1,1,36,1,0,51.04999923706055,1815.0,0,0,0,0,0,0,1,0,0,0,0,0,0,0,0,0,0,0,0,0,1,0,0
0,0,0,67,1,1,19.799999237060547,1311.300048828125,0,1,0,0,0,1,0,1,0,1,0,1,0,1,0,1,0,1,0,1,0,0,1
0,0,0,10,1,1,19.899999618530273,199.4499969482422,0,0,0,0,0,1,0,1,0,1,0,1,0,1,0,1,0,1,0,0,0,0,1
1,0,0,19,1,1,87.30000305175781,1637.300048828125,0,1,0,0,1,0,1,0,0,0,0,0,0,0,0,0,1,0,0,0,0,1,0
0,1,1,71,1,0,19.850000381469727,1326.3499755859375,0,0,0,0,0,1,0,1,0,1,0,1,0,1,0,1,0,1,0,1,0,0,0
0,1,1,72,1,1,89.4000015258789,6376.5498046875,0,1,1,0,0,0,1,0,1,0,1,0,1,0,1,0,1,0,0,1,0,0,1
0,1,1,48,1,0,20.0,935.9000244140625,0,0,0,0,0,1,0,1,0,1,0,1,0,1,0,1,0,1,0,1,0,0,1
0,0,0,1,1,0,20.049999237060547,20.049999237060547,0,1,0,0,0,1,0,1,0,1,0,1,0,1,0,1,0,1,0,0,0,0,1
0,1,1,18,1,0,83.25,1611.1500244140625,0,1,0,0,0,0,1,0,0,0,1,0,1,0,1,0,1,0,0,0,0,1,0
0,0,0,1,1,0,20.600000381469727,20.600000381469727,1,1,0,0,0,1,0,1,0,1,0,1,0,1,0,1,0,1,0,0,0,0,1
1,1,0,67,1,0,102.9000015258789,6989.7001953125,0,1,1,0,1,0,0,0,1,0,0,0,1,0,1,0,1,0,0,1,0,0,0
0,1,1,69,0,0,39.099998474121094,2779.5,0,1,0,1,0,0,1,0,0,0,1,0,1,0,0,0,0,0,0,1,0,0,1
0,0,0,19,1,1,99.94999694824219,1931.75,1,1,1,0,1,0,0,0,1,0,0,0,0,0,1,0,1,0,0,0,0,1,0
1,1,0,72,1,1,114.5,8331.9501953125,0,1,1,0,1,0,1,0,1,0,1,0,1,0,1,0,1,0,0,1,0,0,1
1,0,0,38,1,0,20.200000762939453,735.9000244140625,0,0,0,0,0,1,0,1,0,1,0,1,0,1,0,1,0,1,0,1,0,0,1
1,1,0,40,1,0,55.79999923706055,2283.300048828125,0,1,0,0,0,0,0,0,0,0,0,0,0,0,0,0,1,0,1,0,0,1,0
0,1,1,61,1,1,24.200000762939453,1445.199951171875,0,0,1,0,0,1,0,1,0,1,0,1,0,1,0,1,0,1,0,1,0,0,1
0,0,0,10,1,1,81.0,818.0499877929688,1,0,1,0,1,0,0,0,1,0,0,0,0,0,0,0,0,0,0,0,1,0,0
0,1,0,32,1,1,72.80000305175781,2333.050048828125,0,1,1,0,0,0,1,0,0,0,0,0,1,0,1,0,0,0,1,0,1,0,0
0,0,0,21,1,1,99.8499984741211,1992.550048828125,0,0,1,0,1,0,0,0,1,0,0,0,0,0,1,0,1,0,0,0,1,0,0
1,0,0,59,1,1,99.5,5890.0,0,0,1,0,1,0,0,0,0,0,1,0,0,0,1,0,1,0,1,0,0,1,0
1,1,0,13,1,1,70.1500015258789,916.75,1,0,0,0,1,0,0,0,0,0,0,0,0,0,0,0,0,0,0,0,0,1,0
0,0,0,47,1,0,20.25,1029.800048828125,0,0,0,0,0,1,0,1,0,1,0,1,0,1,0,1,0,1,0,1,1,0,0
0,1,1,69,1,1,26.0,1796.550048828125,0,1,1,0,0,1,0,1,0,1,0,1,0,1,0,1,0,1,0,1,0,0,0
0,0,0,2,1,1,19.899999618530273,33.70000076293945,0,1,0,0,0,1,0,1,0,1,0,1,0,1,0,1,0,1,0,0,1,0,0
0,1,1,22,1,0,19.049999237060547,454.04998779296875,0,0,0,0,0,1,0,1,0,1,0,1,0,1,0,1,0,1,0,0,0,0,0
1,1,0,15,1,1,96.5,1392.25,0,1,1,0,1,0,1,0,0,0,1,0,0,0,1,0,0,0,0,0,0,1,0
0,0,0,53,1,0,19.850000381469727,1049.5999755859375,0,0,0,0,0,1,0,1,0,1,0,1,0,1,0,1,0,1,0,1,1,0,0
1,1,0,28,1,0,25.700000762939453,734.5999755859375,0,0,1,0,0,1,0,1,0,1,0,1,0,1,0,1,0,1,0,0,0,0,1
0,0,0,22,1,0,20.299999237060547,475.1000061035156,0,1,0,0,0,1,0,1,0,1,0,1,0,1,0,1,0,1,1,0,0,0,1
0,0,0,1,1,1,70.1500015258789,70.1500015258789,1,0,0,0,1,0,0,0,0,0,0,0,0,0,0,0,0,0,0,0,0,0,1
1,1,0,16,1,1,91.55000305175781,1540.050048828125,0,1,0,0,1,0,0,0,0,0,1,0,1,0,0,0,1,0,0,0,0,1,0
0,1,1,48,0,0,39.400001525878906,1978.6500244140625,0,0,0,1,0,0,1,0,1,0,0,0,1,0,0,0,0,0,0,1,0,0,1
1,1,0,30,1,1,105.69999694824219,3181.800048828125,0,1,1,0,1,0,1,0,1,0,1,0,1,0,1,0,0,0,0,0,0,0,0
0,0,0,3,1,1,70.25,229.6999969482422,0,0,0,0,1,0,0,0,0,0,0,0,0,0,0,0,0,0,0,0,0,1,0
1,0,0,57,1,0,93.75,5625.5498046875,0,1,1,0,1,0,1,0,0,0,0,0,1,0,0,0,1,0,0,1,0,1,0
1,1,0,68,1,1,96.55000305175781,6581.89990234375,1,0,1,0,1,0,1,0,1,0,0,0,0,0,0,0,1,0,1,0,1,0,0
0,1,0,23,1,0,60.0,1347.1500244140625,0,0,0,0,0,0,0,0,0,0,0,0,1,0,1,0,0,0,1,0,0,0,0
0,1,0,65,1,1,59.79999923706055,3808.199951171875,0,0,0,0,0,0,0,0,0,0,0,0,1,0,1,0,0,0,0,1,1,0,0
0,1,0,44,1,1,90.6500015258789,3974.14990234375,0,1,0,0,1,0,0,0,0,0,0,0,0,0,1,0,1,0,1,0,0,0,0
0,1,1,71,1,1,109.0,7661.7998046875,0,0,1,0,1,0,1,0,1,0,1,0,0,0,1,0,1,0,0,1,0,0,0
0,1,0,37,1,0,68.0999984741211,2479.25,0,0,1,0,0,0,1,0,0,0,1,0,1,0,0,0,0,0,1,0,1,0,0
0,0,0,12,1,0,20.399999618530273,266.6000061035156,0,0,0,0,0,1,0,1,0,1,0,1,0,1,0,1,0,1,0,0,0,0,1
0,1,1,69,1,1,81.94999694824219,5601.39990234375,0,1,1,0,0,0,0,0,1,0,1,0,1,0,1,0,1,0,0,1,0,0,0
0,0,0,35,1,0,60.54999923706055,1982.5999755859375,0,0,0,0,0,0,1,0,1,0,1,0,0,0,0,0,0,0,0,0,0,1,0
0,0,0,5,1,1,65.5999984741211,339.8999938964844,0,1,0,0,0,0,0,0,1,0,0,0,1,0,0,0,1,0,0,0,0,0,0
0,1,1,58,1,0,82.5,4828.0498046875,0,1,1,0,1,0,0,0,0,0,0,0,0,0,1,0,0,0,0,1,0,0,0
0,1,0,72,1,1,82.30000305175781,5980.5498046875,0,1,1,0,0,0,1,0,1,0,1,0,1,0,0,0,1,0,0,1,0,0,0
0,1,0,72,1,0,68.1500015258789,4808.7001953125,0,1,1,0,0,0,1,0,1,0,1,0,1,0,0,0,0,0,0,1,0,0,1
0,0,0,1,1,0,20.299999237060547,20.299999237060547,0,0,0,0,0,1,0,1,0,1,0,1,0,1,0,1,0,1,0,0,1,0,0
0,0,0,39,1,1,95.55000305175781,3692.85009765625,1,0,0,0,1,0,1,0,0,0,1,0,1,0,1,0,0,0,1,0,0,1,0
0,1,1,53,1,0,20.200000762939453,1068.1500244140625,0,1,0,0,0,1,0,1,0,1,0,1,0,1,0,1,0,1,1,0,1,0,0
0,0,0,27,1,1,89.19999694824219,2383.60009765625,0,0,0,0,1,0,0,0,0,0,1,0,1,0,0,0,1,0,0,0,0,1,0
1,0,0,1,1,1,69.6500015258789,69.6500015258789,1,0,0,0,1,0,0,0,0,0,0,0,0,0,0,0,0,0,0,0,0,1,0
1,0,0,1,1,1,89.30000305175781,89.30000305175781,1,0,0,0,1,0,0,0,0,0,0,0,0,0,1,0,1,0,0,0,0,1,0
0,1,0,18,1,0,74.80000305175781,1438.050048828125,0,0,0,0,1,0,1,0,0,0,0,0,0,0,0,0,0,0,0,0,0,1,0
0,1,1,46,1,1,20.200000762939453,917.4500122070312,0,1,0,0,0,1,0,1,0,1,0,1,0,1,0,1,0,1,0,1,0,0,1
0,1,0,72,1,1,84.4000015258789,6096.4501953125,0,0,1,0,0,0,1,0,0,0,1,0,1,0,1,0,1,0,0,1,1,0,0
0,0,0,36,1,1,87.55000305175781,3078.10009765625,1,0,0,0,1,0,0,0,0,0,1,0,1,0,0,0,1,0,0,0,0,1,0
0,1,0,4,0,1,25.149999618530273,99.94999694824219,0,0,0,1,0,0,0,0,0,0,0,0,0,0,0,0,0,0,0,0,0,1,0
0,0,0,25,1,0,19.799999237060547,475.20001220703125,0,0,0,0,0,1,0,1,0,1,0,1,0,1,0,1,0,1,0,1,1,0,0
0,1,1,40,0,1,50.849998474121094,2036.550048828125,0,0,0,1,0,0,0,0,1,0,0,0,0,0,1,0,1,0,0,0,0,1,0
0,1,0,63,1,1,102.4000015258789,6444.0498046875,0,1,1,0,1,0,0,0,1,0,1,0,0,0,1,0,1,0,0,0,0,1,0
1,0,0,15,1,1,96.30000305175781,1426.75,1,0,0,0,1,0,1,0,0,0,1,0,1,0,0,0,1,0,0,0,0,0,1
0,0,0,14,1,1,55.5,767.5499877929688,0,1,1,0,0,0,0,0,1,0,0,0,0,0,0,0,0,0,0,0,1,0,0
1,1,0,72,1,1,109.75,7932.5,0,1,1,0,1,0,0,0,1,0,1,0,1,0,1,0,1,0,0,1,0,0,0
0,0,0,39,1,1,106.4000015258789,4040.64990234375,0,1,1,0,1,0,1,0,1,0,0,0,0,0,1,0,1,0,0,0,0,1,0
0,1,1,47,0,1,60.0,2768.64990234375,0,0,0,1,0,0,1,0,1,0,1,0,0,0,1,0,1,0,0,1,1,0,0
0,1,0,19,1,1,88.80000305175781,1672.3499755859375,0,1,1,0,1,0,1,0,1,0,0,0,1,0,0,0,0,0,0,0,1,0,0
0,0,0,5,1,1,85.19999694824219,474.79998779296875,1,0,1,0,1,0,0,0,0,0,0,0,0,0,1,0,0,0,0,0,0,1,0
0,0,0,13,0,1,35.099998474121094,446.1000061035156,1,0,0,1,0,0,0,0,0,0,0,0,0,0,0,0,1,0,0,0,0,1,0
0,0,0,17,1,0,80.05000305175781,1345.6500244140625,0,0,1,0,1,0,0,0,0,0,1,0,0,0,0,0,0,0,0,0,0,0,0
1,1,0,34,1,1,75.55000305175781,2425.39990234375,0,1,1,0,1,0,0,0,0,0,0,0,0,0,0,0,0,0,0,0,0,1,0
0,0,0,42,1,1,49.54999923706055,2077.949951171875,0,0,0,0,0,0,0,0,1,0,0,0,0,0,0,0,0,0,0,0,0,1,0
0,1,0,5,1,1,81.30000305175781,416.29998779296875,1,1,1,0,1,0,0,0,1,0,0,0,0,0,0,0,0,0,0,0,0,1,0
0,1,1,71,1,0,23.899999618530273,1663.5,0,0,1,0,0,1,0,1,0,1,0,1,0,1,0,1,0,1,0,1,1,0,0
1,1,0,19,1,0,66.4000015258789,1286.050048828125,0,1,0,0,0,0,1,0,0,0,1,0,0,0,1,0,0,0,0,0,0,0,0
0,0,1,2,1,1,19.600000381469727,35.849998474121094,1,0,0,0,0,1,0,1,0,1,0,1,0,1,0,1,0,1,0,0,0,1,0
0,0,0,57,1,0,18.799999237060547,1094.3499755859375,0,1,0,0,0,1,0,1,0,1,0,1,0,1,0,1,0,1,0,1,1,0,0
0,1,0,72,1,1,108.4000015258789,7719.5,0,1,1,0,1,0,0,0,1,0,1,0,1,0,1,0,1,0,0,1,0,1,0
0,0,0,6,1,1,85.94999694824219,514.5999755859375,0,0,0,0,1,0,0,0,1,0,0,0,0,0,0,0,1,0,0,0,0,0,1
0,1,1,17,1,1,85.44999694824219,1451.5999755859375,1,0,1,0,1,0,0,0,0,0,0,0,0,0,0,0,1,0,0,0,0,1,0
0,1,0,61,1,0,80.9000015258789,4932.5,0,1,1,0,0,0,0,0,1,0,1,0,0,0,1,0,1,0,0,1,0,0,0
0,1,1,1,1,1,71.0,71.0,1,1,0,0,1,0,0,0,0,0,0,0,0,0,0,0,0,0,0,0,0,1,0
0,1,1,48,1,0,111.80000305175781,5443.64990234375,0,1,1,0,1,0,1,0,1,0,1,0,1,0,1,0,1,0,0,1,1,0,0
0,0,0,16,1,1,20.600000381469727,330.25,0,1,0,0,0,1,0,1,0,1,0,1,0,1,0,1,0,1,0,0,1,0,0
1,0,0,9,1,1,85.05000305175781,746.5,1,1,1,0,1,0,0,0,0,0,0,0,0,0,0,0,1,0,0,0,0,1,0
0,0,0,3,1,0,44.599998474121094,122.69999694824219,0,0,0,0,0,0,0,0,0,0,0,0,0,0,0,0,0,0,0,0,0,1,0
0,0,1,1,1,1,44.400001525878906,44.400001525878906,1,1,0,0,0,0,0,0,0,0,0,0,0,0,0,0,0,0,0,0,0,1,0
0,0,0,65,1,0,105.0999984741211,6631.85009765625,0,1,1,0,1,0,0,0,1,0,1,0,0,0,1,0,1,0,0,1,1,0,0
0,1,1,70,1,1,115.1500015258789,8250.0,0,0,1,0,1,0,1,0,1,0,1,0,1,0,1,0,1,0,0,1,1,0,0
0,1,0,60,1,1,59.79999923706055,3561.14990234375,0,1,0,0,0,0,1,0,0,0,0,0,0,0,1,0,0,0,1,0,0,0,1
0,1,0,69,1,1,26.299999237060547,1763.550048828125,0,0,1,0,0,1,0,1,0,1,0,1,0,1,0,1,0,1,1,0,0,1,0
1,0,0,35,1,0,70.55000305175781,2419.0,0,0,0,0,1,0,0,0,0,0,0,0,0,0,0,0,0,0,0,0,0,1,0
0,0,0,22,1,1,20.049999237060547,470.20001220703125,0,0,0,0,0,1,0,1,0,1,0,1,0,1,0,1,0,1,0,0,0,0,1
0,1,1,66,1,0,79.8499984741211,5234.9501953125,0,1,1,0,0,0,0,0,1,0,1,0,0,0,1,0,1,0,0,1,0,0,0
1,1,0,1,1,1,70.30000305175781,70.30000305175781,1,1,0,0,1,0,0,0,0,0,0,0,0,0,0,0,0,0,0,0,0,1,0
0,1,0,1,1,1,79.3499984741211,79.3499984741211,1,0,0,0,1,0,0,0,0,0,0,0,0,0,1,0,0,0,0,0,0,0,0
0,1,1,34,1,1,90.05000305175781,3097.0,0,1,1,0,1,0,0,0,0,0,1,0,0,0,0,0,1,0,0,0,1,0,0
0,1,1,72,1,0,24.450000762939453,1709.0999755859375,0,0,1,0,0,1,0,1,0,1,0,1,0,1,0,1,0,1,0,1,0,0,0
0,1,1,31,0,0,59.95000076293945,1848.800048828125,0,1,0,1,0,0,1,0,0,0,1,0,1,0,1,0,1,0,1,0,0,1,0
0,0,1,30,1,0,25.350000381469727,723.2999877929688,0,1,1,0,0,1,0,1,0,1,0,1,0,1,0,1,0,1,1,0,0,0,0
0,0,0,9,1,1,90.80000305175781,809.75,1,0,0,0,1,0,0,0,0,0,0,0,0,0,1,0,1,0,0,0,0,0,0
0,1,1,20,1,1,70.44999694824219,1470.949951171875,1,1,0,0,1,0,0,0,0,0,0,0,0,0,0,0,0,0,0,0,0,1,0
1,1,0,19,0,1,34.29999923706055,577.1500244140625,0,1,0,1,0,0,0,0,1,0,1,0,0,0,0,0,0,0,0,0,1,0,0
0,1,0,65,1,1,105.05000305175781,6914.9501953125,0,0,1,0,1,0,1,0,0,0,1,0,0,0,1,0,1,0,0,0,0,1,0
0,1,1,30,1,0,19.299999237060547,602.9000244140625,0,0,0,0,0,1,0,1,0,1,0,1,0,1,0,1,0,1,0,1,0,0,1
0,0,0,6,1,0,19.149999618530273,124.4000015258789,0,1,0,0,0,1,0,1,0,1,0,1,0,1,0,1,0,1,1,0,0,0,1
0,0,0,2,0,0,51.400001525878906,96.80000305175781,0,0,0,1,0,0,0,0,1,0,0,0,0,0,1,0,1,0,0,0,0,1,0
0,1,1,53,1,0,71.8499984741211,3827.89990234375,0,1,1,0,0,0,1,0,0,0,0,0,1,0,0,0,1,0,0,0,0,1,0
1,1,0,7,1,1,75.4000015258789,533.0499877929688,0,1,1,0,1,0,0,0,0,0,0,0,0,0,0,0,0,0,0,0,0,1,0
0,1,1,61,1,1,49.70000076293945,2961.39990234375,0,0,0,0,0,0,1,0,0,0,0,0,0,0,0,0,0,0,1,0,0,0,0
1,0,0,70,0,1,45.25,3264.449951171875,1,1,0,1,0,0,0,0,0,0,0,0,0,0,1,0,1,0,1,0,0,1,0
0,0,0,13,1,1,78.75,995.3499755859375,0,0,1,0,0,0,1,0,0,0,1,0,0,0,1,0,1,0,0,0,0,1,0
1,1,0,35,1,1,81.5999984741211,2815.25,0,1,1,0,1,0,0,0,0,0,1,0,0,0,0,0,0,0,1,0,0,0,0
0,1,0,2,1,1,70.4000015258789,154.8000030517578,0,0,0,0,1,0,0,0,0,0,0,0,0,0,0,0,0,0,0,0,1,0,0
0,0,0,3,1,1,75.80000305175781,246.3000030517578,1,0,1,0,1,0,0,0,0,0,0,0,0,0,0,0,0,0,0,0,0,1,0
0,0,0,3,1,0,76.0999984741211,257.6000061035156,0,0,1,0,1,0,0,0,0,0,0,0,0,0,0,0,0,0,0,0,0,1,0
0,0,0,62,1,1,94.0,5757.2001953125,0,0,1,0,1,0,0,0,0,0,0,0,0,0,1,0,1,0,1,0,0,0,0
0,1,1,72,1,0,103.94999694824219,7517.7001953125,0,1,1,0,1,0,1,0,1,0,1,0,1,0,0,0,1,0,0,1,1,0,0
0,1,0,63,1,1,19.950000762939453,1234.800048828125,0,1,0,0,0,1,0,1,0,1,0,1,0,1,0,1,0,1,0,1,0,0,0
1,0,0,20,1,0,71.30000305175781,1389.199951171875,1,1,0,0,1,0,0,0,0,0,0,0,0,0,0,0,0,0,0,0,1,0,0
1,0,0,35,1,1,110.80000305175781,3836.300048828125,0,0,1,0,1,0,1,0,1,0,1,0,1,0,1,0,1,0,1,0,0,0,0
1,1,0,21,1,1,69.0999984741211,1474.75,1,1,0,0,1,0,0,0,0,0,0,0,0,0,0,0,0,0,0,0,0,1,0
0,1,0,62,1,0,96.0999984741211,6001.4501953125,0,1,1,0,1,0,1,0,1,0,0,0,0,0,0,0,1,0,1,0,0,1,0
0,0,0,15,1,1,48.79999923706055,720.0999755859375,0,0,1,0,0,0,0,0,0,0,0,0,0,0,0,0,0,0,0,0,0,0,1
0,0,0,55,1,1,50.54999923706055,2832.75,0,0,0,0,0,0,1,0,0,0,0,0,0,0,0,0,0,0,0,0,1,0,0
0,0,0,11,1,1,44.650001525878906,472.25,0,0,0,0,0,0,0,0,0,0,0,0,0,0,0,0,0,0,0,0,0,0,1
0,1,1,17,1,0,88.25,1460.6500244140625,1,0,1,0,1,0,0,0,0,0,1,0,0,0,1,0,0,0,0,0,0,1,0
0,0,0,61,1,0,19.450000762939453,1336.3499755859375,0,0,0,0,0,1,0,1,0,1,0,1,0,1,0,1,0,1,1,0,0,0,0
0,1,0,71,1,0,89.30000305175781,6388.64990234375,0,0,1,0,0,0,1,0,1,0,1,0,1,0,1,0,1,0,0,1,1,0,0
0,0,0,2,1,0,70.0,153.0500030517578,1,0,0,0,1,0,0,0,0,0,0,0,0,0,0,0,0,0,0,0,0,0,0
0,0,0,35,1,0,19.25,677.9000244140625,0,1,0,0,0,1,0,1,0,1,0,1,0,1,0,1,0,1,0,1,0,0,1
0,0,0,17,1,0,70.5,1165.5999755859375,0,0,0,0,1,0,0,0,0,0,0,0,0,0,0,0,0,0,0,0,0,0,0
0,0,0,21,1,1,97.3499984741211,2119.5,1,0,1,0,1,0,0,0,0,0,0,0,0,0,1,0,1,0,0,0,0,1,0
0,1,0,47,1,0,19.649999618530273,921.5499877929688,0,0,0,0,0,1,0,1,0,1,0,1,0,1,0,1,0,1,0,1,0,0,0
0,1,0,3,1,0,20.850000381469727,72.0,0,0,0,0,0,1,0,1,0,1,0,1,0,1,0,1,0,1,0,0,0,0,1
0,0,0,3,1,1,19.649999618530273,68.3499984741211,0,1,0,0,0,1,0,1,0,1,0,1,0,1,0,1,0,1,0,0,0,0,1
1,1,0,44,1,1,19.350000381469727,847.25,0,1,0,0,0,1,0,1,0,1,0,1,0,1,0,1,0,1,0,1,1,0,0
0,0,0,1,1,1,44.0,44.0,0,0,0,0,0,0,0,0,0,0,0,0,0,0,0,0,0,0,0,0,0,0,1
0,1,1,44,1,0,94.4000015258789,4295.35009765625,0,0,1,0,1,0,0,0,1,0,1,0,0,0,0,0,1,0,1,0,0,1,0
0,1,1,5,1,1,25.899999618530273,135.0,1,1,1,0,0,1,0,1,0,1,0,1,0,1,0,1,0,1,0,0,0,0,0
0,0,0,24,1,1,55.650001525878906,1400.550048828125,1,1,1,0,0,0,1,0,0,0,0,0,0,0,0,0,0,0,0,0,0,0,0
0,0,1,1,1,1,69.6500015258789,69.6500015258789,1,0,0,0,1,0,0,0,0,0,0,0,0,0,0,0,0,0,0,0,0,1,0
0,0,0,18,1,1,75.4000015258789,1380.4000244140625,0,0,0,0,1,0,1,0,0,0,0,0,0,0,0,0,0,0,0,0,0,1,0
0,0,0,10,1,1,100.5999984741211,1060.199951171875,1,0,1,0,1,0,0,0,0,0,1,0,0,0,1,0,1,0,0,0,0,1,0
0,1,0,65,1,0,71.0,4386.2001953125,0,0,0,0,0,0,1,0,1,0,1,0,0,0,0,0,1,0,0,1,0,0,0
1,0,0,1,1,1,86.0,86.0,1,0,0,0,1,0,0,0,1,0,0,0,0,0,0,0,1,0,0,0,0,1,0
0,0,0,53,1,1,106.94999694824219,5785.5,1,0,1,0,1,0,1,0,0,0,1,0,0,0,1,0,1,0,1,0,1,0,0
0,0,0,3,1,0,21.200000762939453,52.04999923706055,0,1,0,0,0,1,0,1,0,1,0,1,0,1,0,1,0,1,1,0,0,0,1
0,1,0,33,1,1,61.04999923706055,2018.4000244140625,0,1,0,0,0,0,1,0,1,0,0,0,1,0,0,0,0,0,0,1,0,0,1
0,0,0,3,0,1,29.600000381469727,79.44999694824219,1,1,0,1,0,0,0,0,1,0,0,0,0,0,0,0,0,0,0,0,0,1,0
0,0,0,34,1,1,79.94999694824219,2727.300048828125,0,0,0,0,0,0,1,0,0,0,1,0,1,0,1,0,1,0,1,0,0,0,0
0,1,1,14,1,1,19.700000762939453,263.6499938964844,0,0,0,0,0,1,0,1,0,1,0,1,0,1,0,1,0,1,0,1,0,0,1
0,0,0,13,1,1,20.299999237060547,275.3999938964844,0,0,0,0,0,1,0,1,0,1,0,1,0,1,0,1,0,1,0,0,0,0,1
1,1,0,46,0,1,59.900001525878906,2816.64990234375,1,1,0,1,0,0,0,0,1,0,1,0,1,0,1,0,1,0,1,0,0,0,0
0,1,1,23,1,0,24.350000381469727,538.5,0,1,1,0,0,1,0,1,0,1,0,1,0,1,0,1,0,1,1,0,0,0,1
0,1,1,47,1,0,19.75,948.9000244140625,0,0,0,0,0,1,0,1,0,1,0,1,0,1,0,1,0,1,0,1,0,0,1
0,0,1,17,1,1,50.29999923706055,846.7999877929688,0,1,0,0,0,0,1,0,0,0,0,0,0,0,0,0,0,0,0,0,0,0,1
0,1,1,49,1,1,95.5999984741211,4783.5,1,0,1,0,1,0,0,0,0,0,0,0,0,0,1,0,1,0,0,0,0,1,0
1,1,0,59,0,1,50.25,2997.449951171875,0,1,0,1,0,0,0,0,1,0,0,0,0,0,1,0,1,0,0,0,0,1,0
0,0,0,69,1,1,85.3499984741211,5897.39990234375,0,0,1,0,0,0,1,0,0,0,1,0,1,0,1,0,1,0,0,1,1,0,0
0,0,0,11,0,1,41.599998474121094,470.6000061035156,1,1,0,1,0,0,0,0,0,0,1,0,0,0,1,0,0,0,1,0,0,1,0
0,0,0,10,1,1,51.650001525878906,524.5,0,1,0,0,0,0,1,0,0,0,0,0,0,0,0,0,0,0,0,0,0,0,1
0,1,1,12,1,1,24.0,269.6499938964844,0,1,1,0,0,1,0,1,0,1,0,1,0,1,0,1,0,1,0,1,0,0,0
0,0,0,45,1,1,100.8499984741211,4740.0,1,1,1,0,1,0,0,0,1,0,0,0,0,0,1,0,1,0,0,0,1,0,0
0,1,1,39,1,1,59.849998474121094,2341.5,0,0,0,0,0,0,0,0,0,0,1,0,0,0,1,0,0,0,0,0,0,0,1
1,1,0,71,1,0,25.450000762939453,1789.6500244140625,0,1,1,0,0,1,0,1,0,1,0,1,0,1,0,1,0,1,0,1,1,0,0
0,1,1,71,1,0,23.899999618530273,1626.4000244140625,0,1,1,0,0,1,0,1,0,1,0,1,0,1,0,1,0,1,0,1,1,0,0
0,1,1,33,1,0,24.149999618530273,800.2999877929688,0,0,1,0,0,1,0,1,0,1,0,1,0,1,0,1,0,1,1,0,1,0,0
1,0,0,67,1,1,75.69999694824219,5060.85009765625,0,1,1,0,1,0,0,0,0,0,0,0,0,0,0,0,0,0,0,0,0,0,1
0,1,1,37,0,0,40.20000076293945,1448.800048828125,1,1,0,1,0,0,1,0,1,0,1,0,0,0,0,0,0,0,0,0,0,0,0
0,1,1,49,1,0,84.5,4254.85009765625,1,1,1,0,1,0,0,0,0,0,0,0,0,0,1,0,0,0,0,0,0,1,0
0,1,0,9,1,0,50.849998474121094,466.6000061035156,0,0,0,0,0,0,0,0,1,0,0,0,0,0,0,0,0,0,0,0,0,0,1
0,1,0,52,1,1,91.5999984741211,4627.7998046875,0,1,1,0,1,0,1,0,0,0,1,0,1,0,0,0,0,0,0,1,1,0,0
0,0,0,70,1,0,98.9000015258789,6838.60009765625,0,0,1,0,1,0,0,0,1,0,0,0,0,0,1,0,1,0,1,0,0,1,0
0,0,0,1,1,1,85.0,85.0,0,1,0,0,1,0,0,0,1,0,0,0,0,0,0,0,1,0,0,0,0,1,0
1,0,0,14,1,1,78.94999694824219,1101.8499755859375,1,0,1,0,1,0,0,0,1,0,0,0,0,0,0,0,0,0,0,0,0,1,0
0,0,0,1,1,1,44.29999923706055,44.29999923706055,0,1,0,0,0,0,0,0,0,0,0,0,0,0,0,0,0,0,0,0,0,0,1
0,0,0,1,1,0,20.200000762939453,20.200000762939453,1,1,0,0,0,1,0,1,0,1,0,1,0,1,0,1,0,1,0,0,0,0,1
0,0,0,52,1,1,80.19999694824219,4297.60009765625,0,0,1,0,1,0,0,0,1,0,0,0,0,0,0,0,0,0,1,0,0,0,1
0,0,0,6,1,0,60.900001525878906,414.1000061035156,0,1,0,0,0,0,0,0,0,0,1,0,0,0,1,0,0,0,0,0,0,0,1
0,1,0,7,0,0,34.20000076293945,256.6000061035156,0,1,0,1,0,0,1,0,1,0,0,0,0,0,0,0,0,0,0,0,0,0,1
1,0,0,47,1,1,85.19999694824219,3969.35009765625,1,0,1,0,1,0,0,0,1,0,1,0,0,0,0,0,0,0,0,0,0,0,0
0,0,0,26,1,1,87.1500015258789,2274.10009765625,0,0,0,0,1,0,1,0,0,0,1,0,1,0,0,0,0,0,1,0,1,0,0
0,1,1,25,1,0,54.29999923706055,1296.800048828125,0,1,0,0,0,0,1,0,0,0,0,0,1,0,0,0,0,0,0,0,0,1,0
0,0,0,69,1,1,19.100000381469727,1268.8499755859375,0,1,0,0,0,1,0,1,0,1,0,1,0,1,0,1,0,1,0,1,0,0,1
0,0,0,72,1,1,112.75,8192.599609375,0,0,1,0,1,0,1,0,1,0,1,0,1,0,1,0,1,0,0,1,1,0,0
0,0,0,4,1,1,19.950000762939453,59.25,0,1,0,0,0,1,0,1,0,1,0,1,0,1,0,1,0,1,0,0,0,0,1
0,1,1,59,1,0,19.5,1147.8499755859375,0,1,0,0,0,1,0,1,0,1,0,1,0,1,0,1,0,1,0,1,0,0,1
0,0,0,67,1,0,65.55000305175781,4361.5498046875,0,1,0,0,0,0,1,0,0,0,1,0,0,0,0,0,1,0,0,1,0,0,0
1,0,0,26,1,1,78.80000305175781,2006.0999755859375,0,0,0,0,1,0,0,0,0,0,0,0,0,0,0,0,1,0,0,0,0,1,0
0,0,0,27,1,0,78.19999694824219,2078.949951171875,0,0,0,0,0,0,0,0,1,0,1,0,1,0,1,0,1,0,1,0,0,0,1
0,1,1,72,1,0,105.25,7609.75,0,1,1,0,1,0,1,0,0,0,1,0,0,0,1,0,1,0,0,1,0,0,0
0,0,0,6,1,1,89.25,487.04998779296875,0,0,0,0,1,0,0,0,0,0,1,0,1,0,0,0,1,0,0,0,0,1,0
0,1,1,62,1,0,20.649999618530273,1218.449951171875,0,1,0,0,0,1,0,1,0,1,0,1,0,1,0,1,0,1,0,1,1,0,0
0,0,0,20,1,1,68.69999694824219,1416.199951171875,0,1,1,0,0,0,0,0,1,0,0,0,1,0,1,0,0,0,1,0,0,1,0
0,0,0,6,1,0,78.6500015258789,483.29998779296875,0,1,0,0,0,0,1,0,0,0,1,0,1,0,1,0,1,0,0,0,1,0,0
0,0,0,51,1,0,24.75,1234.5999755859375,0,1,1,0,0,1,0,1,0,1,0,1,0,1,0,1,0,1,0,1,0,0,1
0,1,1,61,1,0,19.75,1311.5999755859375,0,0,0,0,0,1,0,1,0,1,0,1,0,1,0,1,0,1,0,1,1,0,0
1,1,0,62,1,1,89.0999984741211,5618.2998046875,0,1,1,0,1,0,1,0,1,0,1,0,0,0,0,0,0,0,0,0,0,1,0
0,0,0,72,1,1,84.69999694824219,6185.14990234375,0,0,1,0,1,0,1,0,0,0,0,0,1,0,0,0,0,0,0,1,0,0,0
1,1,0,13,1,1,98.0,1237.8499755859375,1,1,0,0,1,0,0,0,1,0,1,0,0,0,1,0,1,0,0,0,0,1,0
0,1,0,5,1,1,94.44999694824219,498.1000061035156,1,1,0,0,1,0,0,0,0,0,1,0,0,0,1,0,1,0,0,0,0,1,0
1,0,0,3,1,1,105.0,294.45001220703125,1,1,1,0,1,0,0,0,1,0,1,0,0,0,1,0,1,0,0,0,0,1,0
1,1,0,26,1,1,93.8499984741211,2381.550048828125,1,0,1,0,1,0,0,0,1,0,1,0,0,0,0,0,1,0,0,0,0,1,0
1,0,0,13,1,1,59.900001525878906,788.3499755859375,0,1,0,0,0,0,0,0,1,0,0,0,0,0,1,0,0,0,0,0,0,1,0
0,1,1,38,1,1,19.950000762939453,756.4000244140625,0,0,0,0,0,1,0,1,0,1,0,1,0,1,0,1,0,1,0,1,0,0,1
1,1,0,8,1,1,84.0,613.4000244140625,1,0,1,0,1,0,0,0,0,0,0,0,0,0,0,0,1,0,0,0,0,1,0
1,1,1,34,1,1,108.9000015258789,3625.199951171875,0,1,1,0,1,0,0,0,1,0,1,0,1,0,1,0,1,0,0,0,0,1,0
0,0,0,18,0,0,33.599998474121094,550.3499755859375,0,1,0,1,0,0,1,0,0,0,1,0,0,0,0,0,0,0,0,0,0,0,1
0,1,1,56,1,1,85.8499984741211,4793.7998046875,0,1,0,0,1,0,0,0,1,0,1,0,1,0,0,0,0,0,1,0,0,0,1
0,0,0,36,0,1,34.849998474121094,1267.199951171875,0,0,0,1,0,0,0,0,1,0,0,0,1,0,0,0,0,0,0,0,0,0,0
0,1,0,9,0,1,48.75,442.20001220703125,1,0,0,1,0,0,0,0,0,0,1,0,0,0,1,0,1,0,0,0,0,1,0
0,0,0,1,1,1,84.8499984741211,84.8499984741211,1,1,0,0,1,0,0,0,0,0,1,0,0,0,1,0,0,0,0,0,0,1,0
0,0,0,12,1,0,56.650001525878906,654.8499755859375,1,1,0,0,0,0,1,0,0,0,0,0,1,0,0,0,0,0,0,0,0,0,1
1,1,1,57,1,1,95.30000305175781,5567.4501953125,0,0,0,0,1,0,0,0,1,0,1,0,1,0,1,0,0,0,0,0,1,0,0
0,0,0,42,1,0,73.9000015258789,3160.550048828125,1,0,0,0,0,0,1,0,1,0,1,0,1,0,0,0,1,0,1,0,1,0,0
0,1,1,33,1,1,24.5,740.2999877929688,1,0,1,0,0,1,0,1,0,1,0,1,0,1,0,1,0,1,0,1,0,0,1
0,1,0,70,1,0,84.5999984741211,5706.2001953125,0,1,0,0,1,0,1,0,1,0,0,0,1,0,0,0,0,0,0,1,0,0,0
0,0,0,68,0,0,44.95000076293945,3085.35009765625,0,0,0,1,0,0,0,0,1,0,0,0,1,0,0,0,1,0,0,0,0,1,0
0,0,1,1,0,1,24.700000762939453,24.700000762939453,0,1,0,1,0,0,0,0,0,0,0,0,0,0,0,0,0,0,0,0,0,1,0
0,0,0,37,1,0,100.30000305175781,3541.39990234375,0,0,1,0,1,0,0,0,0,0,0,0,1,0,1,0,1,0,0,0,1,0,0
0,0,1,4,1,1,25.450000762939453,84.19999694824219,0,0,1,0,0,1,0,1,0,1,0,1,0,1,0,1,0,1,0,0,0,0,1
0,0,0,1,1,1,50.70000076293945,50.70000076293945,0,1,0,0,0,0,1,0,0,0,0,0,0,0,0,0,0,0,0,0,0,0,1
0,0,0,20,0,1,55.0,1165.550048828125,0,1,0,1,0,0,1,0,1,0,1,0,1,0,1,0,0,0,0,0,1,0,0
0,1,1,72,1,0,68.4000015258789,4855.35009765625,0,1,0,0,0,0,1,0,1,0,0,0,1,0,1,0,0,0,0,1,0,0,0
0,0,0,31,1,1,89.9000015258789,2806.89990234375,1,0,1,0,1,0,0,0,0,0,1,0,0,0,0,0,1,0,0,0,0,1,0
1,1,0,18,1,0,78.55000305175781,1422.6500244140625,1,1,0,0,1,0,0,0,0,0,0,0,0,0,0,0,1,0,0,0,0,1,0
0,1,0,11,1,1,55.04999923706055,608.1500244140625,0,1,0,0,0,0,0,0,0,0,0,0,0,0,1,0,0,0,0,0,0,0,0
0,1,1,33,1,0,19.799999237060547,641.3499755859375,0,0,0,0,0,1,0,1,0,1,0,1,0,1,0,1,0,1,0,1,1,0,0
1,0,0,62,1,0,84.44999694824219,4959.14990234375,0,0,1,0,1,0,0,0,0,0,0,0,0,0,1,0,0,0,1,0,0,1,0
0,0,0,1,0,0,35.900001525878906,35.900001525878906,0,0,0,1,0,0,0,0,0,0,1,0,1,0,0,0,0,0,0,0,0,0,1
0,1,0,16,1,0,80.75,1321.300048828125,0,1,0,0,1,0,1,0,1,0,0,0,0,0,0,0,0,0,0,0,0,0,0
0,1,1,22,1,1,78.6500015258789,1663.75,0,1,1,0,0,0,0,0,0,0,1,0,1,0,1,0,1,0,1,0,0,0,1
0,1,1,49,1,0,61.75,3024.14990234375,0,0,0,0,0,0,1,0,0,0,1,0,1,0,0,0,0,0,0,0,0,0,0
0,1,1,36,1,1,63.70000076293945,2188.5,0,1,0,0,0,0,1,0,0,0,1,0,0,0,0,0,1,0,1,0,1,0,0
0,1,0,42,1,1,99.44999694824219,4138.0498046875,1,1,1,0,1,0,0,0,1,0,1,0,1,0,0,0,1,0,0,0,0,1,0
1,0,0,4,0,1,25.200000762939453,102.5,1,1,0,1,0,0,0,0,0,0,0,0,0,0,0,0,0,0,0,0,0,0,0
0,0,0,12,1,0,74.05000305175781,872.6500244140625,1,0,1,0,0,0,0,0,0,0,0,0,1,0,1,0,1,0,1,0,0,0,1
0,0,0,31,1,0,87.5999984741211,2724.25,0,0,0,0,1,0,1,0,0,0,1,0,1,0,0,0,0,0,0,0,0,1,0
0,1,0,5,1,1,89.1500015258789,413.25,0,1,1,0,1,0,1,0,0,0,0,0,0,0,0,0,1,0,0,0,0,1,0
0,1,1,66,1,0,20.0,1374.199951171875,0,1,0,0,0,1,0,1,0,1,0,1,0,1,0,1,0,1,0,1,1,0,0
1,0,0,15,1,0,55.0,757.0999755859375,1,0,1,0,0,0,0,0,0,0,0,0,1,0,0,0,0,0,0,0,1,0,0
0,0,0,64,1,1,104.4000015258789,6692.64990234375,0,1,1,0,1,0,0,0,1,0,1,0,0,0,1,0,1,0,0,1,0,0,0
0,1,1,10,1,1,20.049999237060547,218.5,0,1,0,0,0,1,0,1,0,1,0,1,0,1,0,1,0,1,0,0,1,0,0
0,1,1,7,1,1,89.75,608.7999877929688,1,1,0,0,1,0,0,0,1,0,0,0,1,0,1,0,0,0,0,0,0,1,0
0,0,0,29,0,0,34.29999923706055,1004.75,0,1,0,1,0,0,0,0,1,0,0,0,1,0,0,0,0,0,0,0,0,1,0
0,0,0,57,1,0,20.649999618530273,1125.5999755859375,0,1,0,0,0,1,0,1,0,1,0,1,0,1,0,1,0,1,0,1,0,0,0
0,0,0,46,1,0,84.25,3847.60009765625,0,0,1,0,1,0,1,0,1,0,0,0,0,0,0,0,0,0,0,0,0,0,1
0,0,0,53,1,0,19.649999618530273,978.0,0,1,0,0,0,1,0,1,0,1,0,1,0,1,0,1,0,1,0,1,0,0,0
0,0,0,17,1,0,79.8499984741211,1387.3499755859375,0,0,0,0,0,0,1,0,1,0,0,0,1,0,1,0,1,0,1,0,1,0,0
0,1,1,38,1,1,20.200000762939453,746.0499877929688,0,0,0,0,0,1,0,1,0,1,0,1,0,1,0,1,0,1,0,1,0,0,1
0,0,0,15,1,0,19.799999237060547,304.6000061035156,0,1,0,0,0,1,0,1,0,1,0,1,0,1,0,1,0,1,1,0,0,0,1
0,0,0,22,0,1,50.349998474121094,1098.8499755859375,0,0,0,1,0,0,0,0,1,0,0,0,0,0,1,0,1,0,0,0,0,1,0
0,1,0,14,1,1,85.1500015258789,1139.199951171875,1,1,1,0,1,0,0,0,0,0,0,0,0,0,0,0,1,0,0,0,0,1,0
0,1,0,57,1,0,74.5999984741211,4368.9501953125,0,0,1,0,0,0,0,0,1,0,1,0,1,0,1,0,0,0,1,0,0,0,0
1,0,0,11,1,1,79.1500015258789,827.7000122070312,0,1,0,0,1,0,0,0,0,0,0,0,0,0,0,0,1,0,0,0,1,0,0
0,1,1,1,1,0,20.350000381469727,20.350000381469727,0,0,0,0,0,1,0,1,0,1,0,1,0,1,0,1,0,1,0,1,0,0,1
0,1,1,12,1,0,21.049999237060547,262.04998779296875,0,1,0,0,0,1,0,1,0,1,0,1,0,1,0,1,0,1,0,1,0,0,0
1,1,0,3,1,1,94.5999984741211,279.54998779296875,1,1,1,0,1,0,0,0,0,0,0,0,0,0,1,0,1,0,0,0,0,1,0
0,0,1,36,1,1,94.69999694824219,3512.5,0,1,0,0,1,0,0,0,1,0,0,0,0,0,1,0,1,0,0,0,0,1,0
0,0,0,16,1,1,94.25,1483.25,1,1,0,0,1,0,1,0,0,0,0,0,0,0,1,0,1,0,0,0,0,1,0
0,1,1,65,1,0,72.44999694824219,4653.85009765625,1,1,1,0,0,0,1,0,1,0,1,0,0,0,0,0,1,0,1,0,1,0,0
0,0,0,2,1,0,74.94999694824219,151.75,0,1,0,0,1,0,0,0,1,0,0,0,0,0,0,0,0,0,0,0,0,1,0
0,0,0,42,1,1,105.19999694824219,4400.75,1,0,1,0,1,0,1,0,0,0,1,0,0,0,1,0,1,0,0,0,0,1,0
0,1,1,72,1,0,111.94999694824219,8033.10009765625,0,1,0,0,1,0,1,0,1,0,1,0,1,0,1,0,1,0,0,1,0,0,0
0,0,0,62,1,0,19.850000381469727,1253.6500244140625,0,1,0,0,0,1,0,1,0,1,0,1,0,1,0,1,0,1,0,1,0,0,0
0,0,0,6,1,1,89.75,552.6500244140625,0,0,1,0,1,0,0,0,1,0,0,0,0,0,1,0,0,0,0,0,0,1,0
0,1,0,48,1,1,20.049999237060547,1036.0,0,1,0,0,0,1,0,1,0,1,0,1,0,1,0,1,0,1,0,1,0,0,1
0,0,0,35,1,1,108.94999694824219,4025.5,0,1,1,0,1,0,1,0,0,0,1,0,1,0,1,0,1,0,0,1,0,1,0
0,0,1,52,1,0,19.649999618530273,928.4000244140625,0,1,0,0,0,1,0,1,0,1,0,1,0,1,0,1,0,1,1,0,1,0,0
0,0,0,1,0,1,24.899999618530273,24.899999618530273,0,0,0,1,0,0,0,0,0,0,0,0,0,0,0,0,0,0,0,0,0,0,1
0,1,0,6,1,1,82.8499984741211,460.25,1,1,1,0,1,0,0,0,0,0,0,0,0,0,1,0,0,0,0,0,0,1,0
0,1,0,71,1,0,93.19999694824219,6506.14990234375,0,0,1,0,0,0,1,0,1,0,1,0,1,0,1,0,1,0,0,1,1,0,0
0,1,1,67,1,0,84.80000305175781,5598.2998046875,0,0,0,0,1,0,1,0,1,0,1,0,0,0,0,0,0,0,1,0,0,0,0
1,0,0,60,1,1,71.75,4374.5498046875,0,1,1,0,0,0,1,0,1,0,0,0,0,0,0,0,1,0,1,0,0,1,0
0,1,1,23,0,1,30.350000381469727,678.75,0,1,0,1,0,0,0,0,0,0,0,0,1,0,0,0,0,0,0,0,0,0,0
0,0,1,39,0,0,54.849998474121094,2191.699951171875,0,1,0,1,0,0,0,0,0,0,1,0,1,0,1,0,1,0,1,0,0,0,0
0,1,1,15,1,1,19.5,239.75,0,1,0,0,0,1,0,1,0,1,0,1,0,1,0,1,0,1,1,0,0,0,1
1,1,0,53,1,1,103.8499984741211,5485.5,1,1,1,0,1,0,0,0,1,0,1,0,0,0,1,0,1,0,0,0,0,1,0
0,1,1,24,1,0,24.200000762939453,609.0499877929688,0,1,1,0,0,1,0,1,0,1,0,1,0,1,0,1,0,1,0,1,0,0,1
0,1,1,37,1,0,19.350000381469727,683.75,0,0,0,0,0,1,0,1,0,1,0,1,0,1,0,1,0,1,0,0,0,1,0
0,1,1,5,1,1,83.5999984741211,404.20001220703125,1,0,0,0,1,0,0,0,1,0,0,0,0,0,0,0,1,0,0,0,0,1,0
1,1,0,50,1,1,100.6500015258789,5189.75,0,0,1,0,1,0,0,0,0,0,0,0,1,0,1,0,1,0,1,0,0,1,0
0,0,0,54,1,1,94.0999984741211,5060.89990234375,0,0,0,0,1,0,0,0,0,0,1,0,0,0,1,0,1,0,1,0,1,0,0
0,0,0,3,1,1,74.55000305175781,233.64999389648438,0,0,0,0,1,0,1,0,0,0,0,0,0,0,0,0,0,0,0,0,0,1,0
0,0,0,68,1,0,108.44999694824219,7176.5498046875,1,1,1,0,1,0,0,0,1,0,1,0,1,0,1,0,1,0,1,0,0,1,0
0,0,0,5,1,0,56.150001525878906,291.45001220703125,0,1,0,0,0,0,0,0,0,0,1,0,1,0,0,0,0,0,0,0,0,1,0
0,0,0,33,1,0,20.350000381469727,689.75,0,1,0,0,0,1,0,1,0,1,0,1,0,1,0,1,0,1,0,1,0,0,1
0,0,0,41,1,1,80.55000305175781,3263.89990234375,0,0,1,0,0,0,0,0,1,0,1,0,0,0,1,0,1,0,1,0,0,1,0
0,1,1,34,0,0,61.25,1993.199951171875,0,0,0,1,0,0,1,0,0,0,1,0,1,0,1,0,1,0,1,0,0,0,1
0,1,1,13,1,1,20.450000762939453,254.5,0,0,0,0,0,1,0,1,0,1,0,1,0,1,0,1,0,1,0,0,0,0,1
0,0,0,20,1,1,18.899999618530273,347.6499938964844,0,0,0,0,0,1,0,1,0,1,0,1,0,1,0,1,0,1,0,0,1,0,0
1,0,0,51,1,0,19.600000381469727,967.9000244140625,0,0,0,0,0,1,0,1,0,1,0,1,0,1,0,1,0,1,0,1,1,0,0
0,1,0,3,1,1,91.5,242.9499969482422,1,0,1,0,1,0,0,0,1,0,0,0,0,0,0,0,1,0,0,0,1,0,0
0,0,1,41,1,0,45.20000076293945,1841.9000244140625,0,0,0,0,0,0,0,0,0,0,0,0,0,0,0,0,0,0,0,0,0,0,0
0,0,0,13,1,0,19.450000762939453,232.10000610351562,0,0,0,0,0,1,0,1,0,1,0,1,0,1,0,1,0,1,0,0,1,0,0
0,1,1,35,1,0,25.450000762939453,809.25,0,1,1,0,0,1,0,1,0,1,0,1,0,1,0,1,0,1,0,1,0,0,0
0,1,0,12,1,0,80.8499984741211,866.4500122070312,1,1,0,0,1,0,1,0,0,0,0,0,1,0,0,0,0,0,0,0,0,0,0
0,0,0,4,1,1,94.9000015258789,360.54998779296875,0,1,0,0,1,0,1,0,1,0,0,0,1,0,0,0,1,0,0,0,0,0,1
0,0,0,43,0,1,49.04999923706055,2076.199951171875,1,0,0,1,0,0,0,0,0,0,1,0,0,0,1,0,1,0,0,0,0,0,0
1,1,1,12,0,1,29.299999237060547,355.8999938964844,0,0,0,1,0,0,0,0,0,0,0,0,1,0,0,0,0,0,0,0,0,0,1
1,1,0,68,1,1,105.30000305175781,7299.64990234375,1,1,1,0,1,0,0,0,1,0,1,0,0,0,1,0,1,0,0,0,0,1,0
1,0,0,25,1,1,88.94999694824219,2291.199951171875,1,1,1,0,1,0,0,0,1,0,0,0,0,0,1,0,0,0,0,0,0,1,0
0,0,0,7,1,0,20.25,129.14999389648438,0,0,0,0,0,1,0,1,0,1,0,1,0,1,0,1,0,1,1,0,0,0,1
1,1,0,66,1,1,110.8499984741211,7491.75,1,1,1,0,1,0,0,0,1,0,1,0,1,0,1,0,1,0,1,0,0,1,0
0,1,0,53,1,0,110.5,5835.5,0,0,0,0,1,0,1,0,1,0,1,0,1,0,1,0,1,0,1,0,0,1,0
1,0,0,63,1,1,109.4000015258789,7031.4501953125,0,1,1,0,1,0,1,0,1,0,1,0,0,0,1,0,1,0,0,0,0,0,0
0,1,1,70,1,1,114.19999694824219,7723.89990234375,1,0,1,0,1,0,1,0,1,0,1,0,1,0,1,0,1,0,0,1,0,0,0
1,1,0,27,0,0,36.5,1032.0,1,1,0,1,0,0,0,0,0,0,0,0,0,0,0,0,1,0,0,0,0,0,0
0,0,0,1,1,0,70.75,70.75,1,0,0,0,1,0,0,0,0,0,0,0,0,0,0,0,0,0,0,0,0,0,1
0,0,0,5,1,0,19.950000762939453,109.5999984741211,0,0,0,0,0,1,0,1,0,1,0,1,0,1,0,1,0,1,0,0,0,0,1
1,1,0,37,1,0,19.600000381469727,727.7999877929688,0,0,0,0,0,1,0,1,0,1,0,1,0,1,0,1,0,1,1,0,0,0,1
0,0,0,3,0,1,40.150001525878906,130.75,1,1,0,1,0,0,0,0,0,0,1,0,0,0,1,0,0,0,0,0,0,0,1
0,0,1,12,1,1,76.5999984741211,893.0,0,0,1,0,1,0,0,0,0,0,0,0,0,0,0,0,0,0,0,0,0,1,0
0,1,1,38,1,0,19.600000381469727,763.0999755859375,0,0,0,0,0,1,0,1,0,1,0,1,0,1,0,1,0,1,1,0,1,0,0
0,0,0,9,1,1,85.30000305175781,781.4000244140625,0,0,0,0,1,0,0,0,0,0,1,0,0,0,0,0,1,0,0,0,1,0,0
0,1,0,13,1,1,65.8499984741211,902.25,0,1,1,0,0,0,1,0,0,0,0,0,0,0,0,0,1,0,0,0,0,1,0
1,1,0,29,1,1,94.44999694824219,2653.64990234375,1,1,1,0,1,0,0,0,0,0,0,0,0,0,1,0,1,0,0,0,0,1,0
0,1,1,47,1,0,20.049999237060547,1016.7000122070312,0,0,0,0,0,1,0,1,0,1,0,1,0,1,0,1,0,1,0,1,1,0,0
0,1,0,61,1,0,99.4000015258789,5943.64990234375,0,1,1,0,1,0,1,0,0,0,1,0,1,0,1,0,0,0,0,0,0,0,0
0,0,0,16,1,0,20.0,275.70001220703125,0,1,0,0,0,1,0,1,0,1,0,1,0,1,0,1,0,1,0,0,0,0,1
0,1,1,41,1,0,78.44999694824219,3126.449951171875,0,0,0,0,0,0,1,0,1,0,0,0,1,0,1,0,1,0,0,1,0,1,0
0,0,1,43,1,1,25.100000381469727,1070.1500244140625,0,0,1,0,0,1,0,1,0,1,0,1,0,1,0,1,0,1,0,1,0,1,0
0,1,1,36,1,1,97.3499984741211,3457.89990234375,1,0,1,0,1,0,0,0,1,0,1,0,0,0,1,0,0,0,0,0,0,0,0
0,0,0,6,1,1,55.0,340.3999938964844,0,0,0,0,0,0,0,0,0,0,0,0,0,0,0,0,1,0,0,0,0,1,0
0,0,0,58,1,1,71.0999984741211,4299.2001953125,0,0,1,0,0,0,1,0,1,0,1,0,1,0,0,0,0,0,1,0,1,0,0
0,0,0,19,1,1,61.54999923706055,1093.199951171875,0,1,0,0,0,0,0,0,0,0,0,0,1,0,1,0,0,0,0,0,1,0,0
0,1,0,11,1,1,45.900001525878906,521.9000244140625,0,1,0,0,0,0,0,0,0,0,0,0,0,0,0,0,0,0,0,0,0,0,0
0,0,0,39,0,1,40.29999923706055,1630.4000244140625,0,0,0,1,0,0,1,0,1,0,0,0,1,0,0,0,0,0,1,0,0,0,0
1,0,0,8,1,1,87.0999984741211,713.5999755859375,0,0,0,0,1,0,0,0,1,0,0,0,0,0,1,0,0,0,0,0,0,1,0
0,0,1,26,1,1,49.5,1265.6500244140625,0,0,1,0,0,0,0,0,0,0,0,0,0,0,0,0,0,0,0,0,0,0,1
1,0,0,53,1,1,73.80000305175781,4003.85009765625,0,0,0,0,1,0,0,0,1,0,0,0,0,0,0,0,0,0,0,0,1,0,0
0,1,1,70,1,1,19.200000762939453,1401.4000244140625,0,0,0,0,0,1,0,1,0,1,0,1,0,1,0,1,0,1,0,1,0,0,1
0,0,0,1,0,1,45.29999923706055,45.29999923706055,1,1,0,1,0,0,0,0,0,0,0,0,0,0,1,0,1,0,0,0,0,0,1
0,0,0,59,1,0,25.0,1510.5,0,1,1,0,0,1,0,1,0,1,0,1,0,1,0,1,0,1,0,1,0,0,1
0,0,0,2,1,0,94.94999694824219,178.10000610351562,1,1,0,0,1,0,0,0,0,0,1,0,0,0,1,0,1,0,0,0,0,1,0
0,0,0,7,0,0,35.29999923706055,264.79998779296875,0,1,0,1,0,0,1,0,0,0,1,0,0,0,0,0,0,0,1,0,0,0,1
0,0,1,12,1,1,44.54999923706055,480.6000061035156,1,0,0,0,0,0,0,0,0,0,0,0,0,0,0,0,0,0,0,0,0,1,0
0,1,1,59,1,0,76.75,4541.89990234375,0,1,0,0,0,0,0,0,1,0,1,0,1,0,1,0,1,0,1,0,1,0,0
0,1,1,61,1,1,81.0,4976.14990234375,0,1,1,0,0,0,0,0,0,0,1,0,1,0,1,0,1,0,0,1,0,0,0
0,1,1,72,1,1,105.55000305175781,7542.25,0,1,1,0,1,0,1,0,0,0,1,0,0,0,1,0,1,0,0,1,0,0,0
0,1,1,13,1,0,18.799999237060547,251.25,0,0,0,0,0,1,0,1,0,1,0,1,0,1,0,1,0,1,0,0,0,0,1
0,1,1,64,1,0,24.899999618530273,1595.5,0,0,1,0,0,1,0,1,0,1,0,1,0,1,0,1,0,1,1,0,0,0,1
0,1,0,1,0,1,23.450000762939453,23.450000762939453,1,1,0,1,0,0,0,0,0,0,0,0,0,0,0,0,0,0,0,0,0,1,0
0,0,0,10,1,0,64.9000015258789,685.5499877929688,0,0,0,0,0,0,0,0,1,0,0,0,1,0,0,0,1,0,1,0,0,0,1
0,1,1,65,1,0,61.349998474121094,3874.10009765625,0,0,0,0,0,0,1,0,1,0,1,0,0,0,0,0,0,0,1,0,0,0,0
0,1,0,62,1,0,113.94999694824219,6891.39990234375,0,0,1,0,1,0,1,0,1,0,1,0,1,0,1,0,1,0,0,1,0,0,1
0,1,0,55,1,1,90.1500015258789,4916.9501953125,0,0,1,0,0,0,1,0,1,0,1,0,1,0,1,0,1,0,1,0,0,1,0
0,1,0,25,1,0,54.099998474121094,1373.0,0,0,1,0,0,0,0,0,1,0,0,0,0,0,0,0,0,0,0,0,0,1,0
0,0,0,1,0,0,29.700000762939453,29.700000762939453,1,1,0,1,0,0,1,0,0,0,0,0,0,0,0,0,0,0,0,0,0,0,1
0,0,0,1,1,1,49.79999923706055,49.79999923706055,0,1,0,0,0,0,1,0,0,0,0,0,0,0,0,0,0,0,0,0,1,0,0
0,1,0,59,1,0,101.0999984741211,6039.89990234375,1,0,1,0,1,0,0,0,1,0,0,0,0,0,1,0,1,0,0,0,0,1,0
1,1,1,64,1,1,24.399999618530273,1548.6500244140625,0,1,1,0,0,1,0,1,0,1,0,1,0,1,0,1,0,1,0,1,0,0,0
0,1,0,36,1,1,95.0,3440.25,0,1,1,0,1,0,0,0,0,0,0,0,0,0,1,0,1,0,0,0,0,0,0
0,0,0,3,1,1,50.650001525878906,151.3000030517578,1,0,1,0,0,0,0,0,0,0,0,0,0,0,0,0,0,0,0,0,0,0,1
0,1,0,61,1,1,69.9000015258789,4226.7001953125,0,1,1,0,0,0,1,0,0,0,1,0,0,0,0,0,1,0,0,1,0,0,1
0,0,1,26,0,1,39.95000076293945,1023.75,0,1,0,1,0,0,0,0,1,0,0,0,0,0,1,0,0,0,1,0,0,0,0
0,0,0,1,1,1,55.400001525878906,55.400001525878906,1,0,0,0,0,0,0,0,0,0,0,0,0,0,0,0,1,0,0,0,0,1,0
1,1,0,1,1,1,90.5999984741211,90.5999984741211,1,0,1,0,1,0,0,0,1,0,0,0,0,0,1,0,0,0,0,0,0,1,0
0,1,1,68,1,1,103.25,7074.39990234375,0,1,0,0,1,0,1,0,1,0,1,0,0,0,1,0,1,0,0,1,1,0,0
1,1,0,2,1,1,86.8499984741211,156.35000610351562,1,1,1,0,1,0,0,0,0,0,0,0,0,0,1,0,0,0,0,0,0,0,1
0,1,0,72,1,1,94.25,6849.75,0,0,1,0,1,0,1,0,1,0,1,0,1,0,0,0,0,0,0,1,0,0,0
0,1,0,71,0,1,47.04999923706055,3263.60009765625,0,0,0,1,0,0,0,0,0,0,1,0,1,0,0,0,1,0,0,1,0,1,0
0,0,0,57,1,0,20.549999237060547,1252.8499755859375,0,1,0,0,0,1,0,1,0,1,0,1,0,1,0,1,0,1,0,1,1,0,0
0,0,0,4,1,1,19.649999618530273,67.55000305175781,0,1,0,0,0,1,0,1,0,1,0,1,0,1,0,1,0,1,0,0,0,0,1
1,0,0,1,1,1,70.19999694824219,70.19999694824219,0,0,0,0,1,0,0,0,0,0,0,0,0,0,0,0,0,0,0,0,0,1,0
0,1,1,72,1,0,81.0,5750.0,0,1,1,0,0,0,1,0,1,0,1,0,1,0,0,0,1,0,0,1,1,0,0
0,1,1,21,1,1,75.9000015258789,1549.75,0,1,1,0,0,0,1,0,0,0,0,0,0,0,1,0,1,0,1,0,0,0,0
0,1,1,71,1,0,24.700000762939453,1810.550048828125,0,0,1,0,0,1,0,1,0,1,0,1,0,1,0,1,0,1,0,1,0,0,0
1,1,0,29,1,1,99.05000305175781,2952.85009765625,1,0,1,0,1,0,0,0,0,0,1,0,0,0,1,0,1,0,0,0,0,0,0
1,0,0,69,1,0,110.25,7467.5498046875,0,0,1,0,1,0,1,0,0,0,1,0,1,0,1,0,1,0,0,1,1,0,0
0,1,0,64,1,1,85.0,5484.39990234375,0,0,1,0,0,0,1,0,0,0,1,0,1,0,1,0,1,0,0,1,1,0,0
0,0,0,16,1,0,19.75,294.8999938964844,0,1,0,0,0,1,0,1,0,1,0,1,0,1,0,1,0,1,0,0,1,0,0
0,0,0,4,1,0,23.899999618530273,97.5,0,0,1,0,0,1,0,1,0,1,0,1,0,1,0,1,0,1,1,0,0,1,0
0,0,0,52,1,1,111.25,5916.4501953125,1,0,1,0,1,0,1,0,1,0,0,0,1,0,1,0,1,0,1,0,1,0,0
0,0,0,2,1,1,55.099998474121094,113.3499984741211,1,1,0,0,0,0,1,0,0,0,1,0,0,0,0,0,0,0,0,0,0,0,1
0,0,0,1,1,0,19.950000762939453,19.950000762939453,0,1,0,0,0,1,0,1,0,1,0,1,0,1,0,1,0,1,0,0,0,0,1
0,0,0,18,0,0,25.149999618530273,476.79998779296875,0,1,0,1,0,0,0,0,0,0,0,0,0,0,0,0,0,0,0,0,0,0,1
0,0,0,2,1,0,54.150001525878906,101.6500015258789,0,0,1,0,0,0,0,0,1,0,0,0,0,0,0,0,0,0,0,0,0,0,1
0,1,0,19,1,1,59.79999923706055,1130.8499755859375,0,0,0,0,0,0,0,0,1,0,0,0,0,0,0,0,1,0,0,0,0,0,1
0,0,0,40,1,0,83.8499984741211,3532.25,0,0,1,0,1,0,0,0,0,0,0,0,0,0,0,0,1,0,0,0,0,0,0
1,1,1,66,1,1,104.9000015258789,6891.4501953125,0,0,1,0,1,0,0,0,1,0,1,0,0,0,1,0,1,0,1,0,0,1,0
0,0,0,21,1,0,75.30000305175781,1570.699951171875,0,1,1,0,1,0,0,0,0,0,0,0,0,0,0,0,0,0,0,0,0,0,1
0,0,0,8,1,1,66.6500015258789,520.9500122070312,0,1,0,0,0,0,0,0,1,0,0,0,1,0,1,0,0,0,0,0,0,1,0
0,1,1,72,1,1,109.5,7854.89990234375,0,0,0,0,1,0,1,0,1,0,1,0,1,0,1,0,1,0,0,1,1,0,0
0,0,0,48,1,1,73.8499984741211,3581.39990234375,0,0,1,0,0,0,0,0,1,0,1,0,1,0,1,0,0,0,1,0,0,0,0
0,0,0,69,1,1,19.299999237060547,1447.9000244140625,0,1,0,0,0,1,0,1,0,1,0,1,0,1,0,1,0,1,0,1,0,0,0
0,0,0,72,1,1,118.19999694824219,8547.150390625,0,1,1,0,1,0,1,0,1,0,1,0,1,0,1,0,1,0,0,1,0,1,0
0,0,0,14,1,0,51.45000076293945,727.8499755859375,0,0,0,0,0,0,0,0,1,0,0,0,0,0,0,0,0,0,1,0,1,0,0
0,0,0,6,1,0,59.45000076293945,357.6000061035156,0,1,0,0,0,0,0,0,1,0,0,0,0,0,1,0,0,0,0,0,0,1,0
0,1,1,8,1,0,19.5,159.35000610351562,0,0,0,0,0,1,0,1,0,1,0,1,0,1,0,1,0,1,0,1,0,0,0
0,0,0,17,1,0,19.549999237060547,280.8500061035156,0,0,0,0,0,1,0,1,0,1,0,1,0,1,0,1,0,1,1,0,0,0,1
0,0,0,65,1,0,93.55000305175781,6069.25,0,1,1,0,1,0,1,0,0,0,0,0,1,0,0,0,1,0,1,0,0,1,0
0,1,1,57,1,1,59.29999923706055,3274.35009765625,0,0,0,0,0,0,1,0,0,0,1,0,1,0,0,0,0,0,1,0,0,0,1
0,1,0,13,1,1,102.25,1359.0,1,1,1,0,1,0,0,0,0,0,1,0,0,0,1,0,1,0,0,0,1,0,0
1,0,0,19,1,1,95.9000015258789,1777.9000244140625,1,1,0,0,1,0,0,0,0,0,1,0,0,0,1,0,1,0,0,0,1,0,0
0,1,0,56,1,0,109.80000305175781,6109.64990234375,0,0,1,0,1,0,1,0,1,0,1,0,0,0,1,0,1,0,1,0,0,0,0
0,1,0,14,1,1,78.0999984741211,1122.4000244140625,0,0,0,0,1,0,0,0,0,0,0,0,0,0,0,0,1,0,0,0,0,1,0
0,1,0,52,0,1,39.900001525878906,2020.9000244140625,0,1,0,1,0,0,1,0,0,0,0,0,0,0,0,0,1,0,0,0,0,1,0
0,0,0,58,1,1,64.9000015258789,3795.449951171875,0,0,0,0,0,0,1,0,1,0,1,0,1,0,0,0,0,0,0,1,1,0,0
1,0,0,47,1,1,95.05000305175781,4504.5498046875,1,0,1,0,1,0,0,0,1,0,0,0,1,0,1,0,0,0,0,0,0,1,0
0,0,0,67,0,1,53.400001525878906,3579.14990234375,0,0,0,1,0,0,0,0,0,0,1,0,1,0,1,0,1,0,0,0,1,0,0
0,0,0,2,0,1,24.899999618530273,49.70000076293945,0,1,0,1,0,0,0,0,0,0,0,0,0,0,0,0,0,0,0,0,1,0,0
1,0,0,6,1,0,44.70000076293945,276.5,0,1,0,0,0,0,0,0,0,0,0,0,0,0,0,0,0,0,0,0,1,0,0
0,1,1,71,1,1,114.0,8175.89990234375,0,1,1,0,1,0,1,0,1,0,1,0,1,0,1,0,1,0,0,1,0,0,0
0,1,1,46,1,0,20.25,890.3499755859375,0,0,0,0,0,1,0,1,0,1,0,1,0,1,0,1,0,1,0,1,0,0,0
0,0,0,5,1,0,53.849998474121094,259.79998779296875,1,0,0,0,0,0,1,0,0,0,0,0,1,0,0,0,0,0,0,0,1,0,0
1,1,0,67,1,0,83.8499984741211,5588.7998046875,0,1,1,0,1,0,1,0,1,0,0,0,0,0,0,0,0,0,0,0,0,0,0
0,0,1,3,1,0,20.200000762939453,50.599998474121094,0,1,0,0,0,1,0,1,0,1,0,1,0,1,0,1,0,1,0,0,0,0,0
0,0,0,3,1,0,19.950000762939453,58.0,0,0,0,0,0,1,0,1,0,1,0,1,0,1,0,1,0,1,0,0,0,0,1
1,1,0,52,1,1,104.19999694824219,5568.35009765625,1,1,1,0,1,0,1,0,0,0,1,0,0,0,1,0,1,0,0,0,0,1,0
0,1,0,42,1,1,50.25,2203.64990234375,1,0,1,0,0,0,0,0,0,0,0,0,0,0,0,0,0,0,0,0,0,1,0
0,1,1,50,1,1,20.350000381469727,938.9500122070312,0,1,0,0,0,1,0,1,0,1,0,1,0,1,0,1,0,1,1,0,0,0,1
1,1,0,23,1,1,90.0,2024.0999755859375,0,1,0,0,1,0,1,0,1,0,0,0,0,0,0,0,1,0,0,0,0,1,0
0,1,1,67,0,0,54.20000076293945,3623.949951171875,0,0,0,1,0,0,1,0,1,0,1,0,1,0,1,0,0,0,0,1,1,0,0
0,0,0,25,1,1,99.5,2369.050048828125,1,0,0,0,1,0,0,0,1,0,1,0,0,0,1,0,1,0,0,0,0,1,0
1,1,0,39,1,0,99.0999984741211,3877.949951171875,0,0,0,0,1,0,1,0,1,0,0,0,0,0,1,0,1,0,1,0,0,0,1
0,0,0,69,1,1,66.9000015258789,4577.89990234375,0,0,1,0,0,0,1,0,1,0,0,0,1,0,0,0,0,0,0,1,0,0,1
0,0,0,1,0,0,25.850000381469727,25.850000381469727,0,0,0,1,0,0,0,0,0,0,0,0,0,0,0,0,0,0,1,0,0,0,1
0,0,0,32,1,0,91.05000305175781,2871.5,0,1,0,0,1,0,0,0,0,0,0,0,0,0,1,0,1,0,0,0,0,1,0
0,0,0,9,1,0,71.0,672.5499877929688,1,0,0,0,1,0,0,0,0,0,0,0,0,0,0,0,0,0,0,0,0,1,0
0,0,0,16,1,1,93.19999694824219,1573.699951171875,1,0,0,0,1,0,0,0,1,0,1,0,0,0,0,0,1,0,0,0,1,0,0
0,1,1,60,1,1,20.950000762939453,1270.550048828125,0,1,0,0,0,1,0,1,0,1,0,1,0,1,0,1,0,1,0,1,0,0,0
0,1,1,72,1,1,109.19999694824219,7711.4501953125,0,0,1,0,1,0,0,0,1,0,1,0,1,0,1,0,1,0,0,1,0,0,0
0,1,0,5,1,0,19.350000381469727,126.05000305175781,1,1,0,0,0,1,0,1,0,1,0,1,0,1,0,1,0,1,0,0,0,0,1
1,0,0,26,1,1,85.80000305175781,2193.64990234375,0,0,0,0,1,0,1,0,0,0,0,0,0,0,1,0,0,0,0,0,1,0,0
0,0,0,3,1,0,19.850000381469727,64.55000305175781,1,1,0,0,0,1,0,1,0,1,0,1,0,1,0,1,0,1,0,0,0,0,1
0,0,0,2,1,1,19.649999618530273,31.200000762939453,0,1,0,0,0,1,0,1,0,1,0,1,0,1,0,1,0,1,0,0,0,1,0
0,0,1,2,1,0,20.5,38.25,0,0,0,0,0,1,0,1,0,1,0,1,0,1,0,1,0,1,1,0,0,0,0
0,0,0,36,1,1,89.6500015258789,3348.10009765625,0,0,1,0,0,0,1,0,0,0,1,0,1,0,1,0,1,0,1,0,1,0,0
0,0,0,7,1,0,74.3499984741211,533.5999755859375,0,1,0,0,1,0,1,0,0,0,0,0,0,0,0,0,0,0,0,0,0,0,1
1,1,0,60,0,1,49.45000076293945,2907.550048828125,0,0,0,1,0,0,0,0,1,0,0,0,0,0,1,0,1,0,0,1,1,0,0
0,1,0,19,1,1,89.0999984741211,1620.800048828125,0,0,1,0,1,0,0,0,1,0,0,0,0,0,0,0,1,0,0,0,0,1,0
1,1,0,45,1,0,75.1500015258789,3480.35009765625,0,1,1,0,0,0,1,0,0,0,1,0,1,0,0,0,1,0,0,1,1,0,0
1,0,0,4,1,1,70.6500015258789,293.8500061035156,0,1,0,0,1,0,0,0,0,0,0,0,0,0,0,0,0,0,0,0,0,1,0
0,1,1,31,1,1,104.19999694824219,3243.449951171875,1,0,1,0,1,0,0,0,0,0,1,0,1,0,1,0,1,0,0,0,0,1,0
0,1,1,47,1,0,90.05000305175781,4137.2001953125,0,1,0,0,1,0,1,0,0,0,1,0,0,0,0,0,1,0,0,0,0,1,0
0,0,0,1,1,1,79.25,79.25,1,1,0,0,1,0,0,0,0,0,0,0,0,0,0,0,1,0,0,0,0,1,0
0,0,0,1,1,1,44.900001525878906,44.900001525878906,1,0,0,0,0,0,0,0,0,0,0,0,0,0,0,0,0,0,0,0,0,0,0
0,0,0,1,1,0,19.399999618530273,19.399999618530273,0,0,0,0,0,1,0,1,0,1,0,1,0,1,0,1,0,1,0,0,1,0,0
1,1,1,59,1,1,88.75,5348.64990234375,0,0,1,0,1,0,0,0,0,0,1,0,0,0,0,0,1,0,0,0,1,0,0
0,1,0,10,1,1,70.0999984741211,659.6500244140625,1,1,0,0,1,0,0,0,0,0,0,0,0,0,0,0,0,0,0,0,0,1,0
1,0,0,35,1,0,91.0,3180.5,0,1,1,0,1,0,1,0,0,0,0,0,0,0,0,0,1,0,0,0,1,0,0
0,0,0,4,0,1,29.649999618530273,118.5,1,1,0,1,0,0,0,0,0,0,1,0,0,0,0,0,0,0,0,0,0,1,0
0,1,1,32,1,1,90.80000305175781,3023.85009765625,0,1,0,0,1,0,1,0,1,0,0,0,0,0,0,0,1,0,1,0,0,1,0
0,0,0,43,1,1,77.8499984741211,3365.85009765625,1,1,1,0,1,0,0,0,1,0,0,0,0,0,0,0,0,0,0,0,0,1,0
0,0,0,4,1,0,54.29999923706055,195.3000030517578,1,1,0,0,0,0,0,0,0,0,0,0,0,0,0,0,1,0,0,0,0,1,0
1,1,0,54,1,1,18.950000762939453,1031.0999755859375,0,0,0,0,0,1,0,1,0,1,0,1,0,1,0,1,0,1,0,1,0,0,1
1,0,0,11,1,1,95.1500015258789,997.6500244140625,1,0,1,0,1,0,0,0,0,0,0,0,0,0,1,0,1,0,0,0,0,0,0
1,0,0,66,1,1,102.4000015258789,6471.85009765625,0,0,1,0,1,0,1,0,0,0,0,0,0,0,1,0,1,0,0,1,0,0,0
0,1,1,61,1,1,99.9000015258789,6241.35009765625,0,1,1,0,1,0,0,0,0,0,1,0,0,0,1,0,1,0,1,0,0,1,0
0,1,1,72,1,0,88.69999694824219,6501.35009765625,0,1,1,0,0,0,1,0,1,0,1,0,1,0,1,0,1,0,0,1,1,0,0
0,1,1,44,0,1,54.29999923706055,2317.10009765625,0,1,0,1,0,0,0,0,0,0,1,0,1,0,1,0,1,0,1,0,0,1,0
0,0,0,41,1,1,55.70000076293945,2237.550048828125,0,1,1,0,0,0,0,0,0,0,1,0,0,0,0,0,0,0,0,0,0,0,0
0,1,0,50,1,1,103.94999694824219,5231.2998046875,0,1,1,0,1,0,1,0,0,0,1,0,0,0,1,0,1,0,1,0,0,1,0
0,1,0,47,1,1,110.8499984741211,5275.7998046875,1,1,1,0,1,0,1,0,0,0,1,0,1,0,1,0,1,0,1,0,1,0,0
0,1,1,8,1,0,20.149999618530273,165.5,0,1,0,0,0,1,0,1,0,1,0,1,0,1,0,1,0,1,0,1,0,0,1
0,0,0,18,1,0,20.049999237060547,358.5,0,1,0,0,0,1,0,1,0,1,0,1,0,1,0,1,0,1,0,0,0,0,1
0,1,1,72,1,1,91.94999694824219,6614.89990234375,0,1,1,0,0,0,1,0,1,0,1,0,1,0,1,0,1,0,0,1,1,0,0
0,0,0,1,1,0,80.5,80.5,1,1,0,0,1,0,0,0,0,0,0,0,0,0,0,0,1,0,0,0,0,1,0
1,0,0,42,1,0,55.650001525878906,2421.75,0,0,1,0,0,0,0,0,0,0,1,0,0,0,0,0,0,0,0,0,0,1,0
1,0,0,18,1,1,74.69999694824219,1294.5999755859375,0,0,0,0,1,0,0,0,1,0,0,0,0,0,0,0,0,0,0,0,0,1,0
0,0,1,13,1,1,104.1500015258789,1299.0999755859375,0,0,1,0,1,0,0,0,1,0,1,0,0,0,1,0,1,0,1,0,1,0,0
0,1,1,68,1,1,83.6500015258789,5733.39990234375,0,0,1,0,1,0,0,0,1,0,0,0,1,0,0,0,0,0,1,0,0,0,0
0,0,0,4,1,1,72.19999694824219,305.54998779296875,1,1,1,0,1,0,0,0,0,0,0,0,0,0,0,0,0,0,0,0,0,0,0
0,0,0,69,1,1,110.05000305175781,7430.75,0,1,1,0,1,0,1,0,1,0,1,0,0,0,1,0,1,0,0,1,1,0,0
0,0,0,17,1,0,51.5,900.5,1,1,0,0,0,0,0,0,0,0,0,0,1,0,0,0,0,0,0,0,0,0,1
0,1,1,25,1,0,25.5,630.5999755859375,0,1,1,0,0,1,0,1,0,1,0,1,0,1,0,1,0,1,0,1,1,0,0
1,0,0,43,1,1,89.55000305175781,3856.75,1,1,0,0,1,0,0,0,0,0,0,0,0,0,1,0,1,0,0,0,0,0,1
0,1,1,59,1,0,19.5,1222.6500244140625,0,0,0,0,0,1,0,1,0,1,0,1,0,1,0,1,0,1,0,1,1,0,0
1,0,0,5,1,0,80.69999694824219,374.79998779296875,0,0,0,0,1,0,1,0,1,0,0,0,0,0,0,0,0,0,0,0,0,1,0
0,1,1,21,1,0,77.5,1625.0,1,1,1,0,0,0,1,0,1,0,0,0,1,0,1,0,0,0,1,0,0,0,1
0,1,1,69,1,1,105.0999984741211,7234.7998046875,0,0,1,0,1,0,1,0,1,0,1,0,1,0,1,0,0,0,1,0,1,0,0
0,0,0,13,0,1,25.149999618530273,331.8500061035156,0,1,0,1,0,0,0,0,0,0,0,0,0,0,0,0,0,0,0,0,0,0,0
0,1,0,42,1,1,95.25,3959.35009765625,1,1,1,0,1,0,0,0,1,0,1,0,0,0,1,0,0,0,0,0,0,0,0
0,1,0,52,1,1,95.6500015258789,5088.39990234375,0,1,1,0,1,0,0,0,1,0,0,0,1,0,0,0,1,0,0,0,1,0,0
1,0,0,46,1,0,85.0,3969.39990234375,1,1,0,0,1,0,1,0,0,0,0,0,0,0,0,0,1,0,0,0,0,1,0
0,1,0,61,1,1,80.80000305175781,4860.85009765625,0,1,1,0,0,0,1,0,1,0,1,0,1,0,0,0,1,0,0,1,0,0,0
0,0,0,29,0,1,24.850000381469727,788.0499877929688,0,1,0,1,0,0,0,0,0,0,0,0,0,0,0,0,0,0,1,0,0,0,1
0,0,1,25,1,1,54.75,1266.3499755859375,0,0,0,0,0,0,0,0,1,0,0,0,1,0,0,0,0,0,1,0,1,0,0
0,1,1,5,1,1,85.75,470.95001220703125,1,0,0,0,1,0,0,0,0,0,0,0,1,0,1,0,0,0,0,0,0,1,0
0,0,0,15,0,0,50.75,688.2000122070312,0,1,0,1,0,0,0,0,0,0,1,0,0,0,1,0,1,0,1,0,0,1,0
0,1,1,19,1,0,20.149999618530273,387.70001220703125,0,0,0,0,0,1,0,1,0,1,0,1,0,1,0,1,0,1,0,1,0,0,1
0,0,0,44,1,0,20.049999237060547,845.25,0,1,0,0,0,1,0,1,0,1,0,1,0,1,0,1,0,1,0,1,0,0,1
1,0,0,6,1,1,98.25,560.5999755859375,1,0,1,0,1,0,0,0,1,0,0,0,0,0,1,0,1,0,0,0,0,1,0
0,1,1,58,1,0,71.5999984741211,4230.25,0,1,1,0,0,0,1,0,1,0,1,0,1,0,0,0,0,0,0,1,1,0,0
0,1,1,62,1,1,81.44999694824219,4983.0498046875,0,1,0,0,1,0,1,0,1,0,0,0,0,0,0,0,0,0,1,0,1,0,0
0,1,1,70,0,1,58.400001525878906,4113.14990234375,0,0,0,1,0,0,0,0,1,0,1,0,1,0,1,0,1,0,1,0,0,0,0
1,0,0,1,0,1,25.700000762939453,25.700000762939453,1,0,0,1,0,0,0,0,0,0,0,0,0,0,0,0,0,0,0,0,0,0,1
0,1,1,10,0,0,53.70000076293945,521.0,0,1,0,1,0,0,1,0,1,0,1,0,1,0,0,0,1,0,0,1,1,0,0
0,0,0,26,1,1,19.600000381469727,471.8500061035156,0,1,0,0,0,1,0,1,0,1,0,1,0,1,0,1,0,1,1,0,0,0,0
0,0,0,66,1,0,89.4000015258789,5976.89990234375,0,1,1,0,1,0,0,0,1,0,0,0,0,0,0,0,1,0,0,0,1,0,0
0,1,1,7,1,1,69.0,506.8999938964844,1,0,0,0,1,0,0,0,0,0,0,0,0,0,0,0,0,0,0,0,0,1,0
0,1,1,51,1,0,84.19999694824219,4299.75,0,1,1,0,1,0,0,0,1,0,0,0,1,0,0,0,0,0,1,0,0,0,0
0,1,1,72,1,1,106.0999984741211,7548.60009765625,0,1,1,0,1,0,1,0,1,0,1,0,1,0,1,0,0,0,0,1,1,0,0
0,0,0,65,1,0,25.75,1654.75,0,1,1,0,0,1,0,1,0,1,0,1,0,1,0,1,0,1,0,1,0,0,1
0,0,0,2,1,0,46.04999923706055,80.3499984741211,1,1,0,0,0,0,0,0,0,0,0,0,0,0,0,0,0,0,0,0,0,0,0
0,0,1,70,1,0,64.94999694824219,4551.5,0,1,1,0,0,0,1,0,1,0,0,0,1,0,0,0,0,0,1,0,0,0,0
0,1,0,72,1,1,85.44999694824219,6227.5,0,1,1,0,0,0,0,0,1,0,1,0,1,0,1,0,1,0,0,1,1,0,0
0,1,1,1,1,0,20.049999237060547,20.049999237060547,0,0,0,0,0,1,0,1,0,1,0,1,0,1,0,1,0,1,0,0,0,0,1
1,1,0,1,1,1,76.4000015258789,76.4000015258789,1,0,0,0,1,0,0,0,1,0,0,0,0,0,0,0,0,0,0,0,0,0,1
0,0,0,5,1,1,100.5,514.0,1,0,1,0,1,0,0,0,0,0,1,0,0,0,1,0,1,0,0,0,0,1,0
0,0,0,3,1,0,20.700000762939453,57.5,0,1,0,0,0,1,0,1,0,1,0,1,0,1,0,1,0,1,0,0,0,0,1
0,0,0,58,1,1,25.299999237060547,1474.3499755859375,0,1,1,0,0,1,0,1,0,1,0,1,0,1,0,1,0,1,0,1,1,0,0
1,1,1,22,0,0,40.04999923706055,880.2000122070312,1,1,0,1,0,0,1,0,0,0,0,0,0,0,0,0,1,0,0,0,0,0,1
1,1,0,33,1,1,100.5999984741211,3270.25,0,1,1,0,1,0,0,0,1,0,0,0,0,0,1,0,1,0,0,0,0,0,0
0,0,0,1,1,0,69.94999694824219,69.94999694824219,1,1,0,0,1,0,0,0,0,0,0,0,0,0,0,0,0,0,0,0,0,1,0
1,1,0,54,1,0,74.0,3919.14990234375,0,1,1,0,1,0,0,0,0,0,0,0,0,0,0,0,0,0,0,0,0,0,0
0,1,0,72,1,1,99.4000015258789,7285.7001953125,0,1,1,0,1,0,0,0,1,0,0,0,0,0,1,0,1,0,0,1,0,1,0
0,0,1,1,1,1,93.30000305175781,93.30000305175781,1,1,1,0,1,0,0,0,0,0,0,0,0,0,1,0,1,0,0,0,0,1,0
0,0,0,3,1,1,49.150001525878906,169.0500030517578,1,1,0,0,0,0,0,0,0,0,1,0,0,0,0,0,0,0,0,0,0,1,0
0,1,1,72,1,0,107.44999694824219,7658.2998046875,0,0,1,0,1,0,1,0,1,0,1,0,1,0,0,0,1,0,0,1,1,0,0
0,1,1,72,1,1,83.5999984741211,5959.2998046875,0,0,1,0,0,0,1,0,1,0,1,0,0,0,1,0,1,0,0,1,1,0,0
1,1,0,54,1,1,99.05000305175781,5295.7001953125,0,1,1,0,1,0,0,0,0,0,1,0,0,0,1,0,1,0,0,0,1,0,0
0,1,0,59,1,1,80.0999984741211,4693.2001953125,0,0,1,0,0,0,0,0,1,0,0,0,1,0,1,0,1,0,1,0,0,1,0
0,0,0,54,1,1,65.30000305175781,3512.89990234375,0,1,0,0,0,0,1,0,1,0,0,0,0,0,1,0,0,0,0,1,0,0,0
0,0,0,60,1,1,89.55000305175781,5231.2001953125,0,1,1,0,1,0,0,0,0,0,1,0,0,0,1,0,0,0,0,1,0,1,0
0,1,0,60,0,0,60.79999923706055,3603.449951171875,0,0,0,1,0,0,0,0,1,0,1,0,1,0,1,0,1,0,0,1,1,0,0
0,0,0,3,1,0,74.5,217.4499969482422,0,1,1,0,1,0,0,0,0,0,0,0,0,0,0,0,0,0,0,0,0,1,0
0,1,0,69,1,0,99.1500015258789,6875.35009765625,0,0,1,0,1,0,1,0,0,0,0,0,0,0,1,0,1,0,0,1,0,0,0
0,1,1,1,1,0,19.25,19.25,0,0,0,0,0,1,0,1,0,1,0,1,0,1,0,1,0,1,0,0,0,1,0
0,1,1,50,0,1,39.45000076293945,2021.3499755859375,0,1,0,1,0,0,1,0,0,0,0,0,0,0,1,0,0,0,0,0,1,0,0
0,0,0,56,0,1,44.849998474121094,2564.949951171875,0,0,0,1,0,0,0,0,0,0,0,0,0,0,1,0,1,0,0,0,1,0,0
0,1,0,60,1,1,97.19999694824219,5611.75,0,0,0,0,1,0,1,0,0,0,0,0,1,0,1,0,1,0,0,1,0,1,0
1,1,0,69,1,1,110.55000305175781,7610.10009765625,0,1,1,0,1,0,1,0,0,0,1,0,1,0,1,0,1,0,1,0,0,0,1
0,0,0,1,0,0,35.04999923706055,35.04999923706055,1,0,0,1,0,0,0,0,0,0,0,0,0,0,0,0,1,0,0,0,0,0,1
1,0,0,1,1,1,73.0,73.0,1,0,0,0,1,0,0,0,1,0,0,0,0,0,0,0,0,0,0,0,0,1,0
0,1,0,3,1,1,19.899999618530273,45.75,0,0,0,0,0,1,0,1,0,1,0,1,0,1,0,1,0,1,0,0,0,0,1
0,1,1,60,1,0,76.94999694824219,4543.9501953125,0,1,0,0,0,0,0,0,1,0,0,0,1,0,1,0,1,0,0,1,0,0,0
0,0,0,13,0,0,35.400001525878906,450.3999938964844,0,0,0,1,0,0,0,0,0,0,1,0,1,0,0,0,0,0,0,1,0,0,1
0,1,1,62,1,0,20.450000762939453,1297.3499755859375,0,1,0,0,0,1,0,1,0,1,0,1,0,1,0,1,0,1,0,1,0,0,0
0,0,0,45,1,0,96.75,4442.75,0,0,1,0,1,0,1,0,1,0,0,0,0,0,0,0,1,0,1,0,0,0,0
0,0,0,25,0,0,54.20000076293945,1423.1500244140625,0,0,0,1,0,0,0,0,0,0,1,0,1,0,1,0,1,0,1,0,0,1,0
0,0,0,44,1,0,100.0999984741211,4378.35009765625,0,1,0,0,1,0,0,0,0,0,1,0,1,0,1,0,1,0,0,1,0,0,0
0,0,0,2,1,1,45.25,74.19999694824219,0,0,0,0,0,0,0,0,0,0,0,0,0,0,0,0,0,0,0,0,0,0,1
1,0,0,33,1,1,83.8499984741211,2716.300048828125,1,1,1,0,1,0,0,0,1,0,1,0,0,0,0,0,0,0,0,0,1,0,0
0,0,0,1,1,1,70.0999984741211,70.0999984741211,1,0,0,0,1,0,0,0,0,0,0,0,0,0,0,0,0,0,0,0,0,1,0
0,0,0,22,1,0,20.850000381469727,450.6499938964844,0,0,0,0,0,1,0,1,0,1,0,1,0,1,0,1,0,1,1,0,0,0,0
0,0,0,35,0,1,33.45000076293945,1175.8499755859375,0,0,0,1,0,0,0,0,0,0,1,0,1,0,0,0,0,0,0,0,0,0,1
0,1,1,29,1,0,20.200000762939453,558.7999877929688,0,0,0,0,0,1,0,1,0,1,0,1,0,1,0,1,0,1,0,1,0,0,1
1,1,0,27,1,1,85.9000015258789,2220.10009765625,0,1,1,0,1,0,1,0,0,0,1,0,0,0,0,0,0,0,1,0,0,1,0
0,0,1,54,1,1,61.0,3283.050048828125,0,1,0,0,0,0,0,0,1,0,1,0,1,0,0,0,0,0,1,0,0,1,0
1,0,0,2,1,1,70.6500015258789,142.35000610351562,1,0,0,0,1,0,0,0,0,0,0,0,0,0,0,0,0,0,0,0,0,1,0
0,0,0,57,1,1,86.9000015258789,4939.25,0,1,1,0,1,0,0,0,0,0,0,0,0,0,1,0,0,0,1,0,0,1,0
0,0,0,62,1,0,69.4000015258789,4237.5,0,1,1,0,0,0,1,0,1,0,1,0,1,0,0,0,0,0,0,1,0,0,0
0,1,1,15,1,0,20.350000381469727,335.95001220703125,0,0,0,0,0,1,0,1,0,1,0,1,0,1,0,1,0,1,1,0,1,0,0
0,0,0,2,1,0,20.350000381469727,33.20000076293945,1,1,0,0,0,1,0,1,0,1,0,1,0,1,0,1,0,1,0,0,0,0,1
0,1,0,70,1,1,104.30000305175781,7188.5,0,0,1,0,1,0,0,0,0,0,1,0,1,0,1,0,1,0,0,1,0,0,0
0,1,1,21,1,1,44.95000076293945,926.25,0,0,0,0,0,0,0,0,0,0,0,0,0,0,0,0,0,0,0,0,0,1,0
0,0,1,23,1,1,49.45000076293945,1119.3499755859375,0,0,0,0,0,0,0,0,0,0,0,0,1,0,0,0,0,0,1,0,0,1,0
0,0,0,6,1,0,20.600000381469727,116.5999984741211,0,1,0,0,0,1,0,1,0,1,0,1,0,1,0,1,0,1,1,0,0,0,1
0,1,1,4,1,0,19.549999237060547,68.80000305175781,0,1,0,0,0,1,0,1,0,1,0,1,0,1,0,1,0,1,0,1,1,0,0
0,0,0,3,1,1,99.0,287.3999938964844,1,0,0,0,1,0,1,0,0,0,1,0,0,0,1,0,1,0,0,0,1,0,0
0,0,0,23,1,1,93.5,2341.550048828125,0,0,1,0,1,0,0,0,0,0,0,0,0,0,1,0,1,0,0,0,0,1,0
0,0,0,26,0,0,54.54999923706055,1362.8499755859375,0,1,0,1,0,0,1,0,0,0,0,0,1,0,1,0,1,0,1,0,1,0,0
0,0,1,8,1,0,20.049999237060547,163.60000610351562,0,0,0,0,0,1,0,1,0,1,0,1,0,1,0,1,0,1,0,0,0,0,1
0,0,0,26,1,1,83.94999694824219,2254.199951171875,1,1,1,0,1,0,0,0,0,0,0,0,0,0,0,0,1,0,0,0,0,1,0
0,0,0,2,1,1,79.44999694824219,145.14999389648438,0,1,1,0,1,0,0,0,1,0,0,0,0,0,0,0,0,0,0,0,0,1,0
0,0,0,67,1,0,116.19999694824219,7752.2998046875,1,1,1,0,1,0,1,0,1,0,1,0,1,0,1,0,1,0,0,1,1,0,0
0,1,0,71,1,1,93.69999694824219,6585.35009765625,1,0,1,0,1,0,0,0,0,0,0,0,0,0,1,0,1,0,0,1,0,0,0
0,0,0,59,1,0,79.8499984741211,4786.10009765625,0,0,1,0,0,0,1,0,1,0,1,0,1,0,0,0,1,0,1,0,1,0,0
0,1,1,39,1,0,100.0,3835.550048828125,0,1,1,0,1,0,0,0,0,0,1,0,0,0,1,0,1,0,1,0,0,1,0
0,0,1,21,1,0,19.600000381469727,397.0,0,1,0,0,0,1,0,1,0,1,0,1,0,1,0,1,0,1,0,1,0,0,1
0,0,0,1,1,0,19.700000762939453,19.700000762939453,1,1,0,0,0,1,0,1,0,1,0,1,0,1,0,1,0,1,0,0,0,0,1
0,1,1,48,1,0,20.200000762939453,1027.25,0,0,0,0,0,1,0,1,0,1,0,1,0,1,0,1,0,1,0,1,0,0,0
1,1,0,31,0,1,50.400001525878906,1580.0999755859375,0,0,0,1,0,0,1,0,1,0,1,0,0,0,0,0,1,0,1,0,1,0,0
0,1,1,64,1,0,113.3499984741211,7222.75,0,0,1,0,1,0,1,0,1,0,1,0,1,0,1,0,1,0,1,0,0,1,0
0,1,1,46,1,1,80.0,3769.699951171875,0,1,1,0,1,0,0,0,1,0,0,0,0,0,0,0,0,0,0,0,0,0,0
0,0,0,52,1,1,80.94999694824219,4233.9501953125,0,0,1,0,0,0,0,0,0,0,1,0,1,0,1,0,1,0,0,1,0,0,0
0,1,1,67,1,1,24.899999618530273,1680.25,0,0,1,0,0,1,0,1,0,1,0,1,0,1,0,1,0,1,0,1,0,0,1
1,0,0,67,1,0,54.900001525878906,3725.5,0,0,1,0,0,0,0,0,1,0,0,0,0,0,0,0,0,0,0,0,0,1,0
0,0,0,5,1,0,75.55000305175781,413.6499938964844,1,0,1,0,1,0,0,0,0,0,0,0,0,0,0,0,0,0,0,0,0,1,0
0,1,0,71,1,0,109.25,7707.7001953125,0,0,1,0,1,0,0,0,1,0,1,0,1,0,1,0,1,0,0,1,0,1,0
0,0,0,9,1,1,77.6500015258789,714.1500244140625,1,0,0,0,1,0,0,0,0,0,0,0,0,0,1,0,0,0,0,0,0,0,0
1,0,0,26,1,1,95.0,2497.199951171875,1,0,1,0,1,0,1,0,1,0,0,0,0,0,0,0,1,0,0,0,0,1,0
0,0,0,71,1,1,116.30000305175781,8309.5498046875,0,1,1,0,1,0,1,0,1,0,1,0,1,0,1,0,1,0,1,0,0,0,0
0,0,0,32,1,0,19.899999618530273,601.5499877929688,0,0,0,0,0,1,0,1,0,1,0,1,0,1,0,1,0,1,0,0,0,0,0
0,0,0,2,1,0,70.3499984741211,139.25,0,0,0,0,1,0,0,0,0,0,0,0,0,0,0,0,0,0,0,0,0,1,0
0,1,0,71,1,0,25.600000381469727,1888.25,0,0,1,0,0,1,0,1,0,1,0,1,0,1,0,1,0,1,0,1,1,0,0
0,0,0,60,0,1,44.45000076293945,2773.89990234375,0,0,0,1,0,0,1,0,0,0,1,0,0,0,0,0,1,0,1,0,0,1,0
1,0,0,55,1,1,100.1500015258789,5409.75,0,0,1,0,1,0,0,0,0,0,1,0,0,0,1,0,1,0,1,0,0,1,0
0,0,0,54,1,1,105.4000015258789,5643.39990234375,1,1,0,0,1,0,1,0,1,0,0,0,1,0,1,0,1,0,1,0,1,0,0
0,0,0,2,1,1,95.8499984741211,197.6999969482422,1,1,0,0,1,0,0,0,0,0,1,0,0,0,1,0,1,0,0,0,0,1,0
0,0,0,6,1,1,73.8499984741211,401.29998779296875,0,0,1,0,1,0,0,0,0,0,0,0,0,0,0,0,0,0,0,0,0,0,1
0,1,1,48,1,1,70.0999984741211,3238.39990234375,0,0,0,0,0,0,1,0,1,0,1,0,0,0,0,0,1,0,0,1,1,0,0
0,1,1,63,1,0,25.25,1573.050048828125,0,1,1,0,0,1,0,1,0,1,0,1,0,1,0,1,0,1,0,1,0,0,1
0,0,0,1,1,1,79.1500015258789,79.1500015258789,1,1,1,0,1,0,0,0,1,0,0,0,0,0,0,0,0,0,0,0,0,1,0
0,0,1,12,1,0,21.049999237060547,235.8000030517578,0,1,0,0,0,1,0,1,0,1,0,1,0,1,0,1,0,1,0,0,1,0,0
1,1,0,54,0,1,24.950000762939453,1364.75,0,1,0,1,0,0,0,0,0,0,0,0,0,0,0,0,0,0,0,0,0,0,0
0,1,1,30,1,1,64.5,1985.1500244140625,0,0,0,0,0,0,0,0,0,0,1,0,1,0,1,0,0,0,1,0,0,1,0
0,1,0,30,1,0,19.649999618530273,655.8499755859375,1,0,0,0,0,1,0,1,0,1,0,1,0,1,0,1,0,1,0,0,0,0,0
0,0,0,4,1,1,79.0,303.1499938964844,1,0,0,0,1,0,0,0,0,0,0,0,0,0,1,0,0,0,0,0,0,1,0
0,0,0,40,1,1,105.94999694824219,4335.2001953125,0,0,1,0,1,0,0,0,0,0,1,0,1,0,1,0,1,0,1,0,1,0,0
0,1,1,9,1,1,75.8499984741211,647.5,0,0,0,0,1,0,0,0,0,0,0,0,1,0,0,0,0,0,0,0,0,1,0
0,1,1,17,1,0,91.8499984741211,1574.449951171875,1,0,0,0,1,0,1,0,0,0,0,0,1,0,1,0,0,0,0,0,0,1,0
0,0,0,62,0,1,43.599998474121094,2748.699951171875,0,0,0,1,0,0,0,0,1,0,1,0,0,0,0,0,1,0,0,1,1,0,0
0,0,0,28,1,1,91.25,2483.64990234375,0,1,0,0,1,0,0,0,1,0,0,0,1,0,1,0,0,0,1,0,0,0,0
0,0,0,70,1,0,89.75,6367.2001953125,0,0,1,0,0,0,1,0,1,0,1,0,1,0,1,0,1,0,0,1,1,0,0
0,0,0,46,1,1,104.4000015258789,4904.2001953125,0,0,0,0,1,0,0,0,1,0,1,0,1,0,1,0,1,0,0,1,0,0,0
0,1,0,23,1,0,90.1500015258789,2044.949951171875,0,0,1,0,1,0,0,0,0,0,1,0,0,0,0,0,1,0,0,0,0,0,1
0,1,1,47,0,0,40.29999923706055,1794.800048828125,0,1,0,1,0,0,1,0,0,0,1,0,1,0,0,0,0,0,1,0,0,1,0
0,1,1,68,1,1,105.25,7173.14990234375,0,1,0,0,1,0,1,0,1,0,1,0,0,0,1,0,1,0,0,1,0,0,0
1,0,0,60,1,1,106.0,6441.39990234375,1,0,1,0,1,0,0,0,0,0,1,0,1,0,1,0,1,0,1,0,0,1,0
0,0,1,67,1,1,104.0,7039.0498046875,0,0,1,0,1,0,0,0,1,0,0,0,1,0,1,0,1,0,0,1,0,1,0
0,0,0,14,1,1,69.6500015258789,921.4000244140625,0,0,0,0,0,0,0,0,0,0,0,0,1,0,1,0,1,0,0,0,0,1,0
0,1,1,57,1,1,74.30000305175781,4018.35009765625,0,1,1,0,1,0,0,0,0,0,0,0,0,0,0,0,0,0,0,0,0,1,0
0,1,1,55,1,0,100.9000015258789,5448.60009765625,0,0,1,0,1,0,1,0,0,0,0,0,0,0,1,0,1,0,1,0,0,0,1
0,0,0,1,1,1,20.25,20.25,0,1,0,0,0,1,0,1,0,1,0,1,0,1,0,1,0,1,0,0,0,0,1
0,0,1,1,1,1,49.900001525878906,49.900001525878906,1,1,0,0,0,0,0,0,0,0,0,0,1,0,0,0,0,0,0,0,0,0,1
0,0,0,23,1,1,96.9000015258789,2085.449951171875,0,1,1,0,1,0,0,0,0,0,1,0,1,0,1,0,0,0,0,0,1,0,0
0,0,0,13,1,1,100.3499984741211,1358.8499755859375,1,0,1,0,1,0,1,0,0,0,0,0,0,0,1,0,1,0,0,0,0,1,0
0,1,0,47,1,1,104.0999984741211,5135.14990234375,0,1,1,0,1,0,0,0,1,0,1,0,0,0,1,0,1,0,0,0,0,1,0
0,0,0,38,1,0,20.100000381469727,730.0999755859375,0,1,0,0,0,1,0,1,0,1,0,1,0,1,0,1,0,1,1,0,0,0,1
1,1,0,38,1,1,74.94999694824219,2869.85009765625,1,0,1,0,1,0,0,0,0,0,0,0,0,0,0,0,0,0,0,0,0,0,0
1,0,0,2,1,1,56.54999923706055,118.25,0,0,1,0,0,0,0,0,1,0,0,0,0,0,0,0,0,0,0,0,1,0,0
1,1,1,1,1,1,49.25,49.25,1,1,0,0,0,0,0,0,0,0,0,0,1,0,0,0,0,0,0,0,1,0,0
0,1,0,15,1,1,68.5999984741211,1108.5999755859375,0,1,0,0,1,0,0,0,0,0,0,0,0,0,0,0,0,0,0,0,0,0,0
0,0,0,26,1,1,69.05000305175781,1815.6500244140625,0,0,0,0,1,0,0,0,0,0,0,0,0,0,0,0,0,0,0,0,1,0,0
0,1,1,35,1,0,19.700000762939453,730.4000244140625,0,0,0,0,0,1,0,1,0,1,0,1,0,1,0,1,0,1,0,1,1,0,0
0,0,1,3,1,1,20.049999237060547,75.44999694824219,0,1,0,0,0,1,0,1,0,1,0,1,0,1,0,1,0,1,0,0,0,0,1
0,1,1,50,1,0,103.69999694824219,5071.0498046875,1,1,1,0,1,0,0,0,1,0,0,0,1,0,1,0,1,0,0,0,0,1,0
0,1,0,42,1,1,94.4000015258789,4014.60009765625,0,1,1,0,1,0,1,0,0,0,1,0,0,0,0,0,1,0,0,0,0,1,0
0,1,0,10,1,1,54.95000076293945,568.8499755859375,0,1,0,0,0,0,1,0,0,0,0,0,1,0,0,0,0,0,0,0,1,0,0
0,1,0,61,1,0,93.69999694824219,5860.7001953125,0,0,0,0,1,0,1,0,1,0,0,0,1,0,0,0,1,0,1,0,0,0,0
0,0,0,68,1,0,110.25,7279.35009765625,0,0,1,0,1,0,1,0,1,0,0,0,1,0,1,0,1,0,0,1,1,0,0
0,0,0,10,1,1,98.9000015258789,1064.949951171875,0,1,0,0,1,0,1,0,0,0,1,0,0,0,1,0,1,0,1,0,0,1,0
0,1,0,65,1,0,89.75,5769.60009765625,1,1,1,0,1,0,1,0,1,0,1,0,0,0,0,0,0,0,1,0,0,1,0
0,1,1,72,1,1,80.44999694824219,5886.85009765625,0,0,0,0,0,0,1,0,0,0,1,0,1,0,1,0,1,0,0,1,0,0,0
0,1,1,55,1,0,79.4000015258789,4238.4501953125,0,1,0,0,1,0,0,0,1,0,0,0,1,0,0,0,0,0,0,0,0,1,0
0,0,0,1,1,1,20.299999237060547,20.299999237060547,1,0,0,0,0,1,0,1,0,1,0,1,0,1,0,1,0,1,0,0,0,0,1
0,0,0,7,1,0,62.79999923706055,418.29998779296875,0,0,0,0,0,0,0,0,0,0,1,0,1,0,0,0,1,0,0,0,0,0,0
0,0,0,2,1,1,74.9000015258789,136.0500030517578,0,0,1,0,1,0,0,0,0,0,0,0,0,0,0,0,0,0,0,0,0,0,1
0,0,0,9,1,1,74.8499984741211,708.2000122070312,0,0,0,0,1,0,1,0,0,0,0,0,0,0,0,0,0,0,0,0,0,1,0
0,0,1,27,1,1,25.850000381469727,788.5499877929688,0,1,1,0,0,1,0,1,0,1,0,1,0,1,0,1,0,1,0,1,1,0,0
1,1,0,7,1,1,101.94999694824219,700.8499755859375,1,1,1,0,1,0,0,0,0,0,1,0,0,0,1,0,1,0,0,0,0,1,0
0,1,0,64,1,1,68.30000305175781,4378.7998046875,0,0,0,0,0,0,0,0,1,0,1,0,1,0,0,0,1,0,0,1,0,0,1
0,0,0,70,0,0,48.400001525878906,3442.800048828125,0,1,0,1,0,0,1,0,0,0,1,0,1,0,0,0,1,0,0,1,0,0,0
1,0,0,2,1,1,94.0,181.6999969482422,1,1,1,0,1,0,0,0,0,0,0,0,0,0,1,0,1,0,0,0,0,1,0
1,0,0,67,1,1,105.05000305175781,7171.7001953125,0,1,0,0,1,0,1,0,1,0,0,0,1,0,1,0,1,0,0,1,0,1,0
0,0,0,45,1,1,89.30000305175781,4016.85009765625,1,0,1,0,1,0,0,0,1,0,0,0,0,0,1,0,0,0,0,0,1,0,0
0,0,0,24,1,0,25.149999618530273,553.0,0,0,1,0,0,1,0,1,0,1,0,1,0,1,0,1,0,1,0,1,1,0,0
0,1,1,4,1,0,19.5,96.8499984741211,0,1,0,0,0,1,0,1,0,1,0,1,0,1,0,1,0,1,0,1,1,0,0
0,1,1,44,1,1,92.94999694824219,4122.89990234375,0,1,0,0,1,0,0,0,0,0,1,0,0,0,1,0,1,0,0,0,0,0,0
0,1,1,72,1,1,20.700000762939453,1482.300048828125,0,0,0,0,0,1,0,1,0,1,0,1,0,1,0,1,0,1,0,1,0,0,1
0,0,0,1,1,1,74.30000305175781,74.30000305175781,1,0,0,0,1,0,0,0,1,0,0,0,0,0,0,0,0,0,0,0,1,0,0
0,0,0,66,1,0,19.350000381469727,1240.800048828125,0,1,0,0,0,1,0,1,0,1,0,1,0,1,0,1,0,1,0,1,0,0,0
0,0,0,1,0,1,44.650001525878906,44.650001525878906,1,1,0,1,0,0,0,0,1,0,0,0,1,0,0,0,1,0,0,0,0,0,1
0,1,1,13,1,0,84.05000305175781,1095.300048828125,1,1,0,0,1,0,1,0,0,0,0,0,0,0,0,0,1,0,0,0,0,1,0
0,0,0,10,1,1,80.69999694824219,788.7999877929688,1,1,1,0,1,0,0,0,1,0,0,0,0,0,0,0,0,0,0,0,0,0,0
1,1,0,65,1,1,104.3499984741211,6578.5498046875,0,1,1,0,1,0,0,0,1,0,1,0,0,0,1,0,1,0,0,0,0,1,0
0,0,1,1,1,0,19.549999237060547,19.549999237060547,0,1,0,0,0,1,0,1,0,1,0,1,0,1,0,1,0,1,0,0,0,0,1
0,1,1,38,1,0,74.05000305175781,2802.300048828125,0,1,0,0,0,0,1,0,1,0,1,0,1,0,1,0,0,0,1,0,0,1,0
0,0,1,23,0,0,40.099998474121094,857.75,0,1,0,1,0,0,1,0,0,0,1,0,1,0,0,0,0,0,0,1,0,0,1
0,1,0,10,1,0,20.100000381469727,184.39999389648438,0,0,0,0,0,1,0,1,0,1,0,1,0,1,0,1,0,1,1,0,0,0,1
0,0,1,4,1,1,101.69999694824219,364.54998779296875,1,1,1,0,1,0,0,0,1,0,0,0,0,0,1,0,1,0,0,0,0,1,0
0,1,1,72,1,1,83.55000305175781,6093.2998046875,0,1,1,0,0,0,1,0,0,0,1,0,1,0,1,0,1,0,0,1,1,0,0
0,1,0,35,1,0,56.849998474121094,1861.0999755859375,0,0,0,0,0,0,0,0,1,0,0,0,1,0,0,0,0,0,0,0,0,1,0
0,0,0,1,1,0,20.399999618530273,20.399999618530273,1,0,0,0,0,1,0,1,0,1,0,1,0,1,0,1,0,1,0,0,0,0,1
0,1,1,58,1,0,19.549999237060547,1079.6500244140625,0,0,0,0,0,1,0,1,0,1,0,1,0,1,0,1,0,1,0,1,1,0,0
0,1,1,70,1,1,106.1500015258789,7475.10009765625,0,1,0,0,1,0,0,0,1,0,1,0,1,0,1,0,1,0,1,0,0,1,0
0,1,1,38,1,0,78.94999694824219,2862.550048828125,0,1,1,0,0,0,0,0,1,0,1,0,0,0,1,0,1,0,1,0,1,0,0
0,1,1,60,0,1,49.75,3069.449951171875,0,0,0,1,0,0,0,0,1,0,0,0,0,0,1,0,1,0,0,0,0,1,0
0,0,0,26,1,1,92.4000015258789,2349.800048828125,0,1,1,0,1,0,1,0,1,0,0,0,0,0,1,0,0,0,0,0,1,0,0
0,0,0,8,1,0,58.20000076293945,469.25,0,0,0,0,0,0,1,0,1,0,0,0,1,0,0,0,0,0,1,0,0,0,0
0,1,1,41,1,1,102.5999984741211,4213.35009765625,1,1,1,0,1,0,0,0,0,0,1,0,1,0,1,0,1,0,1,0,0,1,0
1,1,0,36,1,1,91.94999694824219,3301.050048828125,0,0,1,0,1,0,0,0,1,0,0,0,0,0,1,0,0,0,0,0,1,0,0
1,0,0,54,1,0,65.25,3529.949951171875,0,1,0,0,0,0,0,0,0,0,1,0,1,0,0,0,1,0,1,0,0,0,0
0,1,1,71,1,1,106.0,7723.7001953125,1,1,1,0,1,0,0,0,1,0,1,0,0,0,1,0,1,0,0,1,0,0,0
0,0,0,55,1,1,73.0999984741211,4144.89990234375,0,0,1,0,1,0,0,0,0,0,0,0,0,0,0,0,0,0,0,0,0,1,0
0,0,0,72,1,0,59.75,4265.0,0,0,1,0,0,0,1,0,1,0,0,0,0,0,0,0,0,0,0,1,0,0,0
0,0,1,3,1,1,55.099998474121094,154.64999389648438,1,0,0,0,0,0,1,0,0,0,0,0,1,0,0,0,0,0,0,0,0,0,1
0,1,1,54,1,1,59.79999923706055,3246.449951171875,0,0,1,0,0,0,0,0,1,0,1,0,0,0,0,0,0,0,0,1,0,0,0
0,1,1,72,1,1,116.5999984741211,8337.4501953125,0,1,1,0,1,0,1,0,1,0,1,0,1,0,1,0,1,0,0,1,0,0,0
0,0,0,52,1,1,109.30000305175781,5731.39990234375,0,1,1,0,1,0,1,0,0,0,1,0,1,0,1,0,1,0,0,1,0,1,0
1,0,0,60,1,1,101.4000015258789,6176.60009765625,0,0,1,0,1,0,1,0,0,0,0,0,0,0,1,0,1,0,1,0,0,0,0
0,0,0,39,0,1,50.650001525878906,1905.4000244140625,0,0,0,1,0,0,0,0,0,0,1,0,0,0,1,0,1,0,0,0,1,0,0
0,0,0,15,1,0,56.150001525878906,931.9000244140625,0,0,0,0,0,0,0,0,0,0,0,0,0,0,1,0,0,0,1,0,0,0,1
0,0,0,69,1,1,106.5,7348.7998046875,1,1,1,0,1,0,0,0,0,0,1,0,1,0,1,0,1,0,0,1,0,0,0
0,1,1,43,1,1,19.200000762939453,776.25,0,1,0,0,0,1,0,1,0,1,0,1,0,1,0,1,0,1,1,0,0,0,1
1,0,0,63,1,0,83.0,5243.0498046875,0,0,1,0,0,0,1,0,1,0,1,0,1,0,1,0,0,0,1,0,0,0,0
1,1,0,2,1,0,70.0999984741211,141.64999389648438,0,1,0,0,1,0,0,0,0,0,0,0,0,0,0,0,0,0,0,0,0,1,0
0,1,1,72,1,1,108.30000305175781,7679.64990234375,0,0,0,0,1,0,1,0,1,0,1,0,1,0,1,0,1,0,0,1,0,0,0
0,1,1,32,1,1,91.05000305175781,2954.5,1,0,1,0,1,0,0,0,0,0,1,0,0,0,0,0,1,0,0,0,0,0,0
0,1,1,40,1,0,25.25,1006.9000244140625,0,1,1,0,0,1,0,1,0,1,0,1,0,1,0,1,0,1,0,1,1,0,0
0,1,0,58,0,1,45.349998474121094,2540.10009765625,0,0,0,1,0,0,1,0,1,0,0,0,0,0,1,0,0,0,1,0,0,1,0
0,0,0,67,0,0,43.900001525878906,3097.199951171875,0,1,0,1,0,0,1,0,0,0,0,0,1,0,1,0,0,0,0,1,0,1,0
1,1,0,51,1,1,77.5,3807.35009765625,1,0,1,0,1,0,1,0,0,0,0,0,0,0,0,0,0,0,0,0,0,1,0
0,1,0,31,1,1,79.30000305175781,2484.0,0,1,1,0,0,0,0,0,0,0,1,0,1,0,1,0,1,0,1,0,0,0,1
1,1,0,69,1,1,84.9000015258789,5785.64990234375,0,1,1,0,1,0,1,0,1,0,0,0,0,0,0,0,0,0,0,0,1,0,0
0,1,0,32,1,1,79.25,2619.14990234375,0,1,1,0,1,0,0,0,0,0,0,0,1,0,0,0,0,0,1,0,0,1,0
0,0,0,21,1,0,71.05000305175781,1524.8499755859375,0,0,0,0,0,0,1,0,1,0,0,0,1,0,1,0,0,0,0,1,1,0,0
0,0,0,52,1,0,53.75,2790.64990234375,0,1,0,0,0,0,1,0,0,0,1,0,0,0,0,0,0,0,1,0,0,1,0
0,1,1,72,1,0,24.25,1784.5,0,0,1,0,0,1,0,1,0,1,0,1,0,1,0,1,0,1,0,1,1,0,0
0,1,0,72,0,1,54.20000076293945,3937.449951171875,1,0,0,1,0,0,0,0,1,0,1,0,0,0,1,0,1,0,0,1,0,1,0
0,1,1,52,0,0,44.25,2276.10009765625,0,1,0,1,0,0,1,0,0,0,1,0,0,0,0,0,1,0,1,0,0,0,0
0,0,0,41,1,0,50.04999923706055,2029.050048828125,0,0,0,0,0,0,0,0,0,0,0,0,1,0,0,0,0,0,1,0,0,0,0
0,0,0,41,1,0,20.149999618530273,802.3499755859375,0,1,0,0,0,1,0,1,0,1,0,1,0,1,0,1,0,1,0,1,0,0,1
0,0,0,6,1,1,69.25,418.3999938964844,1,0,0,0,1,0,0,0,0,0,0,0,0,0,0,0,0,0,0,0,0,0,1
0,1,1,67,1,1,69.3499984741211,4653.25,0,1,1,0,0,0,1,0,1,0,1,0,1,0,0,0,0,0,1,0,1,0,0
0,1,1,16,1,0,19.350000381469727,275.8999938964844,0,0,0,0,0,1,0,1,0,1,0,1,0,1,0,1,0,1,0,0,0,0,1
0,0,0,17,1,0,19.149999618530273,343.45001220703125,0,1,0,0,0,1,0,1,0,1,0,1,0,1,0,1,0,1,0,1,0,0,1
0,1,0,35,1,0,61.0,2130.449951171875,0,1,0,0,0,0,1,0,1,0,1,0,0,0,0,0,0,0,0,0,0,0,1
0,1,1,58,1,0,20.5,1191.4000244140625,0,0,0,0,0,1,0,1,0,1,0,1,0,1,0,1,0,1,0,1,1,0,0
0,0,0,1,1,1,50.5,50.5,1,1,0,0,0,0,0,0,0,0,1,0,0,0,0,0,0,0,0,0,0,1,0
0,1,1,52,0,0,50.20000076293945,2554.0,0,1,0,1,0,0,0,0,1,0,1,0,1,0,1,0,0,0,0,1,0,0,1
0,0,0,70,1,0,79.5999984741211,5589.4501953125,0,0,0,0,0,0,1,0,0,0,1,0,1,0,1,0,1,0,0,1,0,0,0
0,1,1,19,1,1,24.899999618530273,467.70001220703125,0,0,1,0,0,1,0,1,0,1,0,1,0,1,0,1,0,1,0,1,0,0,0
1,0,0,1,1,1,74.4000015258789,74.4000015258789,1,1,1,0,1,0,0,0,0,0,0,0,0,0,0,0,0,0,0,0,0,1,0
0,1,1,35,1,1,106.9000015258789,3756.449951171875,0,0,0,0,1,0,1,0,0,0,1,0,1,0,1,0,1,0,0,0,0,1,0
0,0,0,32,1,1,101.3499984741211,3334.89990234375,0,0,1,0,1,0,0,0,0,0,1,0,0,0,1,0,1,0,0,0,0,1,0
0,1,1,17,1,1,55.349998474121094,920.5,0,0,0,0,0,0,1,0,0,0,0,0,1,0,0,0,0,0,0,0,1,0,0
0,1,1,67,1,0,50.54999923706055,3431.75,0,0,0,0,0,0,0,0,1,0,0,0,0,0,0,0,0,0,1,0,1,0,0
0,0,0,9,1,0,19.5,150.35000610351562,0,0,0,0,0,1,0,1,0,1,0,1,0,1,0,1,0,1,0,0,0,0,0
0,0,1,31,1,1,79.44999694824219,2587.699951171875,1,1,1,0,0,0,0,0,1,0,0,0,1,0,1,0,1,0,1,0,0,0,1
0,0,0,4,1,0,90.6500015258789,367.95001220703125,0,1,1,0,1,0,1,0,0,0,0,0,0,0,1,0,0,0,0,0,0,1,0
1,1,1,58,1,1,89.8499984741211,5125.75,0,1,1,0,1,0,1,0,1,0,0,0,1,0,0,0,0,0,1,0,0,0,0
0,0,0,60,1,0,79.0,4801.10009765625,0,1,0,0,0,0,1,0,0,0,1,0,1,0,1,0,1,0,1,0,0,0,1
0,0,0,58,1,1,104.6500015258789,6219.60009765625,1,1,1,0,1,0,0,0,0,0,1,0,1,0,1,0,1,0,1,0,0,1,0
0,0,0,1,1,0,19.549999237060547,19.549999237060547,0,1,0,0,0,1,0,1,0,1,0,1,0,1,0,1,0,1,0,0,0,0,1
0,1,1,27,1,0,19.899999618530273,550.0999755859375,0,0,0,0,0,1,0,1,0,1,0,1,0,1,0,1,0,1,0,1,0,0,1
1,1,1,66,1,1,116.25,7862.25,0,1,1,0,1,0,1,0,1,0,1,0,1,0,1,0,1,0,1,0,0,1,0
0,0,0,15,1,1,87.75,1242.199951171875,0,1,1,0,1,0,1,0,0,0,0,0,0,0,1,0,0,0,0,0,0,0,0
1,1,0,47,1,1,100.05000305175781,4871.0498046875,1,1,1,0,1,0,0,0,0,0,1,0,0,0,1,0,1,0,0,0,0,1,0
0,0,0,41,1,1,81.30000305175781,3190.64990234375,0,0,1,0,1,0,1,0,0,0,0,0,0,0,0,0,0,0,0,0,1,0,0
0,1,0,59,0,1,44.29999923706055,2666.75,0,1,0,1,0,0,0,0,0,0,0,0,0,0,1,0,1,0,0,0,0,1,0
0,0,1,50,1,0,70.3499984741211,3533.60009765625,0,0,0,0,1,0,0,0,0,0,0,0,0,0,0,0,0,0,0,1,1,0,0
0,1,1,17,0,0,44.45000076293945,792.1500244140625,0,1,0,1,0,0,1,0,0,0,1,0,0,0,1,0,0,0,1,0,1,0,0
0,1,1,6,1,1,49.150001525878906,295.6499938964844,0,1,0,0,0,0,1,0,0,0,0,0,0,0,0,0,0,0,0,0,0,1,0
1,1,0,51,0,1,29.450000762939453,1459.3499755859375,0,1,0,1,0,0,0,0,1,0,0,0,0,0,0,0,0,0,0,0,1,0,0
0,0,0,44,1,0,100.55000305175781,4398.14990234375,1,1,0,0,1,0,0,0,1,0,0,0,1,0,1,0,1,0,0,0,0,1,0
0,1,0,49,1,1,85.30000305175781,4297.9501953125,0,1,0,0,1,0,0,0,1,0,0,0,0,0,1,0,0,0,0,0,1,0,0
0,0,0,2,1,0,95.6500015258789,167.3000030517578,1,1,0,0,1,0,0,0,1,0,0,0,0,0,1,0,1,0,0,0,0,1,0
0,1,0,59,1,1,69.0999984741211,4096.89990234375,0,1,1,0,0,0,1,0,0,0,0,0,1,0,0,0,1,0,1,0,0,0,1
1,0,0,50,1,1,70.3499984741211,3454.60009765625,0,1,1,0,0,0,1,0,1,0,0,0,0,0,1,0,0,0,0,0,0,0,0
0,1,1,59,1,0,20.600000381469727,1286.0,0,0,0,0,0,1,0,1,0,1,0,1,0,1,0,1,0,1,0,1,0,0,1
0,0,0,18,1,0,74.1500015258789,1387.0,0,1,1,0,1,0,0,0,0,0,0,0,0,0,0,0,0,0,0,0,0,0,1
0,0,0,10,1,0,75.05000305175781,786.2999877929688,0,1,1,0,1,0,0,0,0,0,0,0,0,0,0,0,0,0,0,0,0,1,0
0,1,0,14,1,0,44.599998474121094,641.25,0,1,0,0,0,0,0,0,0,0,0,0,0,0,0,0,0,0,1,0,0,1,0
0,0,0,35,1,0,21.450000762939453,705.4500122070312,0,1,0,0,0,1,0,1,0,1,0,1,0,1,0,1,0,1,0,1,0,0,0
0,1,1,8,1,1,43.45000076293945,345.5,0,1,0,0,0,0,0,0,0,0,0,0,0,0,0,0,0,0,1,0,0,0,1
0,1,1,18,1,0,20.049999237060547,345.8999938964844,0,1,0,0,0,1,0,1,0,1,0,1,0,1,0,1,0,1,1,0,0,0,0
0,1,1,60,1,0,94.1500015258789,5811.7998046875,0,0,1,0,1,0,1,0,1,0,0,0,0,0,1,0,0,0,1,0,0,0,0
0,0,0,1,1,0,94.4000015258789,94.4000015258789,1,0,0,0,1,0,0,0,0,0,1,0,0,0,1,0,1,0,0,0,0,1,0
0,0,0,6,1,0,19.549999237060547,124.44999694824219,0,0,0,0,0,1,0,1,0,1,0,1,0,1,0,1,0,1,0,1,0,0,1
0,0,1,19,1,1,75.9000015258789,1375.5999755859375,0,0,1,0,0,0,1,0,1,0,0,0,1,0,1,0,0,0,0,0,0,0,1
0,1,1,53,1,0,64.1500015258789,3491.550048828125,0,1,1,0,0,0,1,0,1,0,0,0,1,0,0,0,0,0,1,0,0,0,0
1,1,0,72,1,1,109.55000305175781,7920.7001953125,0,1,1,0,1,0,1,0,1,0,1,0,0,0,1,0,1,0,0,1,0,0,0
0,1,0,60,1,1,110.80000305175781,6640.7001953125,0,0,1,0,1,0,0,0,1,0,1,0,1,0,1,0,1,0,0,1,1,0,0
0,0,0,1,1,1,55.0,55.0,1,0,0,0,0,0,0,0,0,0,0,0,0,0,1,0,0,0,0,0,1,0,0
0,0,1,13,1,0,53.45000076293945,718.0999755859375,0,0,0,0,0,0,0,0,0,0,1,0,1,0,0,0,0,0,0,0,0,0,1
0,1,1,5,1,0,69.94999694824219,320.3999938964844,0,0,0,0,1,0,0,0,0,0,0,0,0,0,0,0,0,0,0,0,1,0,0
0,0,0,1,1,1,101.44999694824219,101.44999694824219,1,1,1,0,1,0,0,0,0,0,1,0,0,0,1,0,1,0,0,0,0,1,0
0,1,1,13,1,0,97.0,1334.449951171875,0,1,0,0,1,0,0,0,0,0,1,0,0,0,1,0,1,0,0,0,0,1,0
0,0,0,37,1,1,90.5999984741211,3358.64990234375,0,1,1,0,0,0,1,0,1,0,1,0,1,0,1,0,1,0,1,0,0,0,0
0,1,0,64,1,1,73.55000305175781,4764.0,0,1,0,0,1,0,1,0,0,0,0,0,0,0,0,0,0,0,0,0,0,0,1
0,1,0,5,1,0,67.94999694824219,350.29998779296875,1,0,1,0,0,0,0,0,0,0,1,0,1,0,1,0,0,0,0,0,0,0,0
0,1,0,61,1,1,94.3499984741211,5703.0,0,0,1,0,1,0,0,0,1,0,0,0,1,0,0,0,1,0,0,1,0,0,0
0,0,0,1,1,1,69.5,69.5,1,0,0,0,1,0,0,0,0,0,0,0,0,0,0,0,0,0,0,0,0,1,0
0,0,0,1,1,1,18.850000381469727,18.850000381469727,1,1,0,0,0,1,0,1,0,1,0,1,0,1,0,1,0,1,0,0,0,0,1
0,0,0,26,1,0,19.399999618530273,525.5499877929688,0,1,0,0,0,1,0,1,0,1,0,1,0,1,0,1,0,1,1,0,0,0,1
0,0,0,1,1,1,69.19999694824219,69.19999694824219,1,0,0,0,1,0,0,0,0,0,0,0,0,0,0,0,0,0,0,0,0,1,0
0,1,0,24,1,0,19.75,483.1499938964844,0,1,0,0,0,1,0,1,0,1,0,1,0,1,0,1,0,1,0,1,0,0,1
0,1,0,17,0,0,54.599998474121094,934.7999877929688,0,1,0,1,0,0,0,0,0,0,1,0,1,0,1,0,1,0,1,0,0,1,0
0,0,1,26,0,1,29.799999237060547,786.5,0,0,0,1,0,0,0,0,0,0,1,0,0,0,0,0,0,0,0,0,0,0,1
0,0,0,1,1,1,69.6500015258789,69.6500015258789,1,1,0,0,1,0,0,0,0,0,0,0,0,0,0,0,0,0,0,0,0,1,0
1,1,0,40,1,0,101.8499984741211,4086.300048828125,1,1,1,0,1,0,1,0,0,0,0,0,0,0,1,0,1,0,0,0,0,1,0
0,0,0,52,1,1,103.05000305175781,5364.7998046875,0,1,1,0,1,0,0,0,1,0,1,0,0,0,1,0,1,0,0,0,0,1,0
0,0,0,1,1,1,82.30000305175781,82.30000305175781,1,0,0,0,1,0,0,0,1,0,1,0,0,0,0,0,0,0,0,0,0,1,0
0,0,0,1,1,0,20.299999237060547,20.299999237060547,0,1,0,0,0,1,0,1,0,1,0,1,0,1,0,1,0,1,0,0,0,0,1
0,0,0,21,0,0,35.099998474121094,770.4000244140625,0,0,0,1,0,0,1,0,0,0,0,0,1,0,0,0,0,0,0,1,0,0,1
0,1,0,67,1,1,105.69999694824219,6816.9501953125,0,0,1,0,1,0,0,0,1,0,1,0,0,0,1,0,1,0,1,0,0,0,0
0,1,1,44,1,0,56.25,2419.550048828125,0,0,0,0,0,0,1,0,0,0,0,0,1,0,0,0,0,0,0,0,0,0,0
0,1,1,70,0,0,60.349998474121094,4138.7001953125,0,1,0,1,0,0,0,0,1,0,1,0,1,0,1,0,1,0,1,0,0,1,0
0,0,0,3,1,0,79.25,267.6000061035156,1,1,0,0,1,0,0,0,0,0,0,0,0,0,1,0,0,0,0,0,0,1,0
0,1,1,56,1,1,59.79999923706055,3457.449951171875,0,1,0,0,0,0,1,0,1,0,1,0,0,0,0,0,0,0,0,1,0,0,0
0,0,0,13,1,1,84.5999984741211,1115.199951171875,1,0,1,0,1,0,0,0,0,0,0,0,0,0,0,0,1,0,0,0,0,1,0
0,1,1,58,1,1,93.4000015258789,5435.60009765625,1,0,1,0,1,0,1,0,1,0,0,0,0,0,0,0,1,0,0,0,0,0,0
0,1,1,42,1,1,94.19999694824219,4186.2998046875,1,0,1,0,1,0,0,0,0,0,0,0,0,0,1,0,1,0,0,0,0,1,0
1,1,0,1,0,0,25.049999237060547,25.049999237060547,1,1,0,1,0,0,0,0,0,0,0,0,0,0,0,0,0,0,0,0,0,1,0
0,1,1,46,1,0,99.6500015258789,4630.2001953125,0,0,1,0,1,0,1,0,0,0,1,0,1,0,0,0,1,0,0,1,0,0,1
0,1,1,63,1,1,50.650001525878906,3221.25,0,0,0,0,0,0,1,0,0,0,0,0,0,0,0,0,0,0,0,1,0,0,0
0,0,0,11,1,1,60.900001525878906,688.5,0,1,0,0,0,0,0,0,1,0,1,0,1,0,0,0,0,0,0,0,0,1,0
0,1,1,15,1,1,59.650001525878906,867.0999755859375,0,1,1,0,0,0,0,0,0,0,1,0,1,0,0,0,0,0,0,0,0,0,0
0,1,0,72,0,1,64.69999694824219,4746.0498046875,0,1,0,1,0,0,1,0,1,0,1,0,1,0,1,0,1,0,0,1,0,1,0
0,0,0,29,0,1,25.100000381469727,712.8499755859375,1,0,0,1,0,0,0,0,0,0,0,0,0,0,0,0,0,0,0,0,1,0,0
0,0,1,1,1,0,48.95000076293945,48.95000076293945,1,1,0,0,0,0,0,0,0,0,1,0,0,0,0,0,0,0,0,0,0,1,0
0,1,1,6,1,0,54.849998474121094,355.1000061035156,0,0,0,0,0,0,0,0,0,0,0,0,0,0,1,0,0,0,0,0,0,1,0
0,0,0,1,1,0,45.29999923706055,45.29999923706055,1,1,0,0,0,0,0,0,0,0,0,0,0,0,0,0,0,0,0,0,0,1,0
0,1,1,63,1,1,91.3499984741211,5764.7001953125,0,1,1,0,1,0,0,0,1,0,0,0,0,0,0,0,1,0,1,0,0,1,0
0,0,0,2,1,1,85.8499984741211,167.3000030517578,1,1,0,0,1,0,0,0,0,0,1,0,0,0,0,0,1,0,0,0,0,1,0
0,1,1,18,1,0,25.100000381469727,428.45001220703125,0,0,1,0,0,1,0,1,0,1,0,1,0,1,0,1,0,1,0,1,0,0,1
0,1,0,43,0,0,34.0,1505.3499755859375,0,0,0,1,0,0,1,0,0,0,0,0,1,0,0,0,0,0,0,0,0,0,0
0,0,0,15,0,0,45.900001525878906,693.4500122070312,0,0,0,1,0,0,1,0,1,0,1,0,1,0,0,0,0,0,1,0,0,0,1
0,0,1,10,1,0,95.19999694824219,930.4000244140625,1,1,1,0,1,0,0,0,0,0,0,0,0,0,1,0,1,0,0,0,0,1,0
0,1,1,55,1,0,20.5,1177.949951171875,0,1,0,0,0,1,0,1,0,1,0,1,0,1,0,1,0,1,0,1,0,0,1
0,0,1,49,1,1,100.5999984741211,5069.64990234375,1,1,1,0,1,0,0,0,0,0,0,0,1,0,1,0,1,0,1,0,0,0,0
0,1,1,6,1,1,55.29999923706055,324.25,1,1,0,0,0,0,0,0,1,0,1,0,0,0,0,0,0,0,0,0,0,0,1
0,1,1,70,1,0,20.350000381469727,1458.0999755859375,0,1,0,0,0,1,0,1,0,1,0,1,0,1,0,1,0,1,0,1,1,0,0
1,0,0,2,1,1,74.8499984741211,156.39999389648438,1,1,1,0,1,0,0,0,0,0,0,0,0,0,0,0,0,0,0,0,0,0,1
1,1,0,63,0,0,36.099998474121094,2298.89990234375,0,1,0,1,0,0,1,0,0,0,0,0,1,0,0,0,0,0,1,0,0,0,0
0,0,0,25,1,1,65.80000305175781,1679.6500244140625,0,0,0,0,0,0,0,0,1,0,0,0,1,0,0,0,1,0,0,0,0,0,0
1,0,0,18,1,0,20.350000381469727,369.6000061035156,0,0,0,0,0,1,0,1,0,1,0,1,0,1,0,1,0,1,1,0,0,0,0
1,1,0,28,1,1,105.80000305175781,2998.0,0,1,1,0,1,0,0,0,1,0,0,0,1,0,1,0,1,0,0,0,0,1,0
1,0,0,53,1,1,96.75,5206.5498046875,0,0,0,0,1,0,1,0,1,0,0,0,1,0,0,0,1,0,1,0,0,0,1
0,0,0,35,1,1,102.3499984741211,3626.10009765625,1,1,0,0,1,0,0,0,1,0,1,0,0,0,1,0,1,0,1,0,0,0,0
0,0,0,1,0,0,24.399999618530273,24.399999618530273,0,1,0,1,0,0,0,0,0,0,0,0,0,0,0,0,0,0,0,0,0,0,1
0,1,0,70,1,0,115.6500015258789,7968.85009765625,1,1,1,0,1,0,1,0,1,0,1,0,1,0,1,0,1,0,1,0,1,0,0
0,0,0,2,1,1,79.8499984741211,152.4499969482422,1,1,0,0,1,0,0,0,0,0,1,0,1,0,0,0,0,0,0,0,0,1,0
0,1,0,26,1,1,73.05000305175781,1959.5,0,0,0,0,0,0,0,0,1,0,0,0,1,0,1,0,1,0,0,0,0,1,0
0,0,0,34,1,0,64.3499984741211,2053.050048828125,0,0,0,0,0,0,1,0,1,0,0,0,0,0,0,0,1,0,1,0,0,1,0
0,0,1,19,1,0,20.5,398.54998779296875,0,0,0,0,0,1,0,1,0,1,0,1,0,1,0,1,0,1,0,1,0,0,1
0,0,0,15,1,1,76.0,1130.8499755859375,1,1,1,0,1,0,0,0,0,0,0,0,0,0,0,0,0,0,0,0,0,0,1
0,1,1,62,1,0,54.75,3425.35009765625,0,0,0,0,0,0,1,0,0,0,1,0,0,0,0,0,0,0,1,0,1,0,0
1,0,0,42,1,1,104.75,4323.4501953125,1,0,1,0,1,0,0,0,1,0,1,0,0,0,1,0,1,0,0,0,0,0,0
0,0,0,9,1,1,74.6500015258789,703.5499877929688,1,0,0,0,0,0,1,0,1,0,0,0,0,0,1,0,1,0,0,0,0,1,0
0,0,0,24,1,1,51.150001525878906,1275.699951171875,0,1,0,0,0,0,1,0,0,0,0,0,0,0,0,0,0,0,0,0,0,1,0
1,1,0,68,0,1,41.95000076293945,2965.75,0,1,0,1,0,0,1,0,1,0,1,0,0,0,0,0,0,0,0,1,0,1,0
0,1,1,31,1,0,54.349998474121094,1647.0,0,1,0,0,0,0,0,0,0,0,1,0,1,0,0,0,0,0,0,0,0,0,1
0,0,0,1,1,1,56.25,56.25,1,0,0,0,0,0,0,0,0,0,0,0,0,0,0,0,1,0,0,0,0,1,0
0,1,0,21,1,1,106.0999984741211,2249.949951171875,1,1,1,0,1,0,0,0,0,0,1,0,1,0,1,0,1,0,0,0,0,1,0
0,1,0,63,1,1,96.0,6109.75,0,0,0,0,1,0,0,0,1,0,0,0,0,0,1,0,1,0,1,0,0,1,0
1,0,0,2,1,1,79.75,159.39999389648438,1,0,0,0,1,0,0,0,0,0,0,0,0,0,0,0,1,0,0,0,0,0,0
0,1,1,61,0,1,61.45000076293945,3751.14990234375,0,0,0,1,0,0,0,0,1,0,1,0,1,0,1,0,1,0,0,1,0,0,0
0,0,0,1,1,0,68.6500015258789,68.6500015258789,1,0,0,0,1,0,0,0,0,0,0,0,0,0,0,0,0,0,0,0,0,1,0
0,0,0,18,1,0,19.649999618530273,411.25,0,1,0,0,0,1,0,1,0,1,0,1,0,1,0,1,0,1,1,0,0,0,1
0,1,1,6,1,0,19.0,105.5,0,0,0,0,0,1,0,1,0,1,0,1,0,1,0,1,0,1,1,0,1,0,0
0,0,0,33,1,1,100.0,3320.60009765625,0,0,1,0,1,0,0,0,1,0,0,0,0,0,1,0,1,0,0,0,0,1,0
0,0,0,16,1,0,20.25,327.45001220703125,1,1,0,0,0,1,0,1,0,1,0,1,0,1,0,1,0,1,0,0,0,0,0
0,1,0,56,1,1,98.69999694824219,5669.5,0,0,0,0,1,0,0,0,0,0,1,0,1,0,1,0,1,0,0,0,0,1,0
0,0,1,23,1,0,19.799999237060547,465.45001220703125,0,1,0,0,0,1,0,1,0,1,0,1,0,1,0,1,0,1,1,0,0,0,1
0,0,0,9,1,1,73.80000305175781,704.2999877929688,0,1,0,0,1,0,0,0,0,0,1,0,0,0,0,0,0,0,0,0,0,1,0
1,1,0,14,1,1,100.19999694824219,1369.800048828125,1,0,1,0,1,0,0,0,1,0,0,0,0,0,1,0,1,0,0,0,0,1,0
0,1,1,15,1,1,74.9000015258789,1107.25,1,1,1,0,1,0,0,0,0,0,0,0,0,0,0,0,0,0,0,0,0,0,0
0,0,0,5,1,0,20.049999237060547,95.55000305175781,0,1,0,0,0,1,0,1,0,1,0,1,0,1,0,1,0,1,0,0,1,0,0
0,1,0,61,1,1,106.19999694824219,6375.2001953125,0,1,1,0,1,0,1,0,1,0,0,0,0,0,1,0,1,0,0,0,0,1,0
0,1,1,70,1,1,116.55000305175781,8152.2998046875,0,1,1,0,1,0,1,0,1,0,1,0,1,0,1,0,1,0,0,1,1,0,0
0,0,0,15,1,1,99.69999694824219,1566.75,0,1,1,0,1,0,1,0,0,0,0,0,0,0,1,0,1,0,0,0,0,1,0
0,1,1,8,1,0,19.700000762939453,130.25,0,1,0,0,0,1,0,1,0,1,0,1,0,1,0,1,0,1,0,1,0,0,1
0,1,1,8,1,0,19.5,162.14999389648438,0,0,0,0,0,1,0,1,0,1,0,1,0,1,0,1,0,1,0,1,0,0,1
0,0,0,4,0,1,29.149999618530273,110.05000305175781,0,0,0,1,0,0,1,0,0,0,0,0,0,0,0,0,0,0,0,0,0,0,1
0,0,0,34,1,0,55.0,1885.1500244140625,0,0,0,0,0,0,1,0,1,0,0,0,0,0,0,0,0,0,1,0,0,0,1
0,1,0,68,1,1,90.80000305175781,6302.85009765625,0,1,1,0,0,0,1,0,1,0,1,0,1,0,1,0,1,0,0,1,1,0,0
0,1,1,45,0,0,51.0,2264.5,0,0,0,1,0,0,0,0,1,0,1,0,1,0,0,0,1,0,1,0,0,0,0
1,0,0,9,1,1,90.0999984741211,816.7999877929688,0,0,1,0,1,0,0,0,0,0,1,0,0,0,1,0,0,0,0,0,0,1,0
0,0,0,22,1,1,59.04999923706055,1253.5,0,0,1,0,0,0,1,0,0,0,0,0,1,0,0,0,0,0,0,0,0,0,1
0,0,0,2,1,0,20.299999237060547,41.20000076293945,0,0,0,0,0,1,0,1,0,1,0,1,0,1,0,1,0,1,0,0,0,0,1
0,1,0,70,1,0,72.94999694824219,5265.5498046875,0,1,1,0,0,0,0,0,1,0,1,0,1,0,1,0,0,0,0,1,0,0,0
0,0,1,10,1,0,73.55000305175781,693.2999877929688,0,0,1,0,0,0,1,0,0,0,1,0,1,0,0,0,1,0,1,0,1,0,0
0,0,0,72,1,0,84.30000305175781,5997.10009765625,0,1,1,0,0,0,1,0,0,0,1,0,1,0,1,0,1,0,0,1,1,0,0
0,1,1,49,1,0,78.0,3824.199951171875,0,0,0,0,0,0,0,0,1,0,1,0,0,0,1,0,1,0,1,0,1,0,0
1,0,0,54,1,0,72.0999984741211,3886.050048828125,0,0,1,0,0,0,0,0,1,0,0,0,1,0,1,0,0,0,1,0,0,0,1
0,0,0,71,1,1,106.75,7283.25,0,0,1,0,1,0,1,0,1,0,1,0,0,0,1,0,1,0,0,1,1,0,0
0,0,0,22,1,1,19.25,412.54998779296875,0,0,0,0,0,1,0,1,0,1,0,1,0,1,0,1,0,1,1,0,0,0,1
0,1,1,50,1,0,20.549999237060547,1070.25,0,0,0,0,0,1,0,1,0,1,0,1,0,1,0,1,0,1,0,1,1,0,0
0,1,1,43,1,0,20.0,817.9500122070312,0,0,0,0,0,1,0,1,0,1,0,1,0,1,0,1,0,1,1,0,0,0,1
0,1,1,45,1,1,24.649999618530273,1171.300048828125,0,0,1,0,0,1,0,1,0,1,0,1,0,1,0,1,0,1,0,1,1,0,0
1,0,0,64,1,1,103.5,6548.64990234375,0,1,1,0,1,0,1,0,1,0,0,0,0,0,1,0,1,0,0,0,0,0,0
0,1,1,23,1,0,23.850000381469727,625.6500244140625,0,0,1,0,0,1,0,1,0,1,0,1,0,1,0,1,0,1,0,1,0,0,1
0,1,0,68,1,0,25.799999237060547,1911.5,0,0,1,0,0,1,0,1,0,1,0,1,0,1,0,1,0,1,0,1,1,0,0
0,0,0,1,1,1,70.8499984741211,70.8499984741211,1,0,0,0,1,0,0,0,0,0,0,0,0,0,0,0,0,0,0,0,0,1,0
0,0,0,2,1,1,69.80000305175781,134.6999969482422,1,1,0,0,1,0,0,0,0,0,0,0,0,0,0,0,0,0,0,0,1,0,0
0,0,0,26,1,0,59.45000076293945,1507.0,0,1,0,0,0,0,0,0,0,0,0,0,1,0,1,0,0,0,1,0,1,0,0
0,1,0,55,0,1,54.54999923706055,2978.300048828125,1,1,0,1,0,0,0,0,0,0,1,0,1,0,1,0,1,0,0,0,0,0,0
0,0,0,14,1,1,20.049999237060547,299.29998779296875,0,1,0,0,0,1,0,1,0,1,0,1,0,1,0,1,0,1,0,0,0,1,0
0,1,0,71,1,1,82.55000305175781,5832.64990234375,0,1,0,0,0,0,1,0,0,0,1,0,1,0,1,0,1,0,0,1,0,1,0
0,0,0,64,1,0,81.25,5567.5498046875,0,1,1,0,0,0,1,0,1,0,1,0,1,0,1,0,0,0,1,0,0,1,0
0,0,0,7,1,1,70.75,450.79998779296875,1,0,0,0,0,0,0,0,0,0,0,0,1,0,1,0,1,0,0,0,1,0,0
0,0,0,57,1,1,74.30000305175781,4166.35009765625,0,0,0,0,0,0,1,0,1,0,1,0,1,0,1,0,0,0,0,1,1,0,0
0,1,0,13,1,0,94.0999984741211,1215.5999755859375,1,0,1,0,1,0,0,0,1,0,1,0,0,0,1,0,0,0,0,0,0,1,0
0,1,1,3,0,0,29.700000762939453,91.69999694824219,1,0,0,1,0,0,1,0,0,0,0,0,0,0,0,0,0,0,0,0,1,0,0
1,1,0,72,1,0,109.69999694824219,7898.4501953125,0,1,1,0,1,0,0,0,1,0,1,0,1,0,1,0,1,0,0,1,1,0,0
0,1,1,40,1,1,96.3499984741211,3915.39990234375,0,0,1,0,1,0,0,0,1,0,1,0,0,0,1,0,0,0,0,0,1,0,0
0,1,0,14,1,1,66.5999984741211,979.5,0,1,1,0,0,0,0,0,0,0,0,0,1,0,1,0,0,0,0,0,1,0,0
0,1,1,2,1,1,44.5,90.05000305175781,0,1,0,0,0,0,0,0,0,0,0,0,0,0,0,0,0,0,0,0,0,1,0
1,0,0,66,1,0,110.9000015258789,7432.0498046875,1,1,1,0,1,0,0,0,1,0,1,0,1,0,1,0,1,0,1,0,1,0,0
0,1,0,38,1,1,105.0,4026.39990234375,1,0,1,0,1,0,0,0,0,0,1,0,1,0,1,0,1,0,0,0,0,1,0
0,0,1,1,0,1,25.299999237060547,25.299999237060547,1,1,0,1,0,0,0,0,0,0,0,0,0,0,0,0,0,0,0,0,0,1,0
0,0,0,22,1,1,55.150001525878906,1193.050048828125,1,1,0,0,0,0,0,0,1,0,0,0,1,0,0,0,0,0,1,0,1,0,0
0,0,0,1,1,1,20.100000381469727,20.100000381469727,1,1,0,0,0,1,0,1,0,1,0,1,0,1,0,1,0,1,0,0,0,0,1
0,0,0,5,1,1,80.0999984741211,398.54998779296875,0,1,0,0,1,0,0,0,0,0,0,0,0,0,1,0,0,0,0,0,0,0,1
0,1,1,29,1,0,69.05000305175781,1958.449951171875,0,1,1,0,0,0,1,0,0,0,0,0,1,0,1,0,0,0,1,0,0,0,0
0,1,1,1,1,1,69.9000015258789,69.9000015258789,1,1,0,0,1,0,0,0,0,0,0,0,0,0,0,0,0,0,0,0,0,0,1
0,0,0,3,1,0,20.399999618530273,63.150001525878906,0,0,0,0,0,1,0,1,0,1,0,1,0,1,0,1,0,1,0,0,0,0,1
0,1,1,71,1,0,19.700000762939453,1301.0999755859375,0,1,0,0,0,1,0,1,0,1,0,1,0,1,0,1,0,1,0,1,1,0,0
0,0,1,9,1,1,50.099998474121094,484.04998779296875,0,1,0,0,0,0,0,0,1,0,0,0,0,0,0,0,0,0,0,0,0,1,0
0,0,0,43,1,1,101.4000015258789,4528.0,1,1,1,0,1,0,0,0,1,0,0,0,0,0,1,0,1,0,0,0,0,1,0
0,0,0,48,1,1,83.44999694824219,3887.85009765625,0,0,1,0,0,0,1,0,1,0,1,0,0,0,1,0,1,0,1,0,1,0,0
0,0,0,26,1,1,86.6500015258789,2208.75,0,1,1,0,1,0,1,0,1,0,0,0,0,0,0,0,0,0,0,0,1,0,0
0,0,0,9,1,0,20.149999618530273,238.14999389648438,0,0,0,0,0,1,0,1,0,1,0,1,0,1,0,1,0,1,0,0,0,0,0
0,0,0,1,1,1,80.80000305175781,80.80000305175781,1,1,0,0,1,0,0,0,0,0,0,0,0,0,0,0,1,0,0,0,0,1,0
0,1,1,46,1,0,19.399999618530273,958.1500244140625,0,0,0,0,0,1,0,1,0,1,0,1,0,1,0,1,0,1,0,1,1,0,0
0,0,0,2,1,0,62.04999923706055,118.30000305175781,1,1,1,0,0,0,0,0,0,0,0,0,0,0,0,0,1,0,0,0,0,0,0
1,0,0,1,1,1,76.44999694824219,76.44999694824219,1,1,1,0,1,0,0,0,0,0,0,0,0,0,0,0,0,0,0,0,0,1,0
0,1,1,64,0,1,60.04999923706055,3845.449951171875,0,1,0,1,0,0,1,0,0,0,1,0,1,0,1,0,1,0,0,1,0,0,0
1,0,0,12,1,1,91.30000305175781,1094.5,1,0,1,0,1,0,0,0,1,0,0,0,0,0,1,0,0,0,0,0,0,1,0
1,1,0,6,1,1,95.75,573.75,1,1,0,0,1,0,0,0,0,0,1,0,0,0,1,0,1,0,0,0,0,1,0
0,1,0,59,1,0,20.350000381469727,1267.0,0,0,0,0,0,1,0,1,0,1,0,1,0,1,0,1,0,1,1,0,0,0,1
0,0,0,7,1,1,94.05000305175781,633.4500122070312,0,0,0,0,1,0,0,0,1,0,0,0,0,0,1,0,1,0,1,0,0,0,1
1,1,0,72,1,1,84.0999984741211,6129.64990234375,0,0,1,0,0,0,1,0,1,0,1,0,0,0,1,0,1,0,0,1,1,0,0
1,0,0,16,1,1,78.75,1218.25,0,1,0,0,1,0,0,0,0,0,0,0,0,0,0,0,1,0,0,0,0,1,0
0,1,0,25,1,0,55.54999923706055,1405.300048828125,0,1,1,0,0,0,0,0,0,0,1,0,0,0,0,0,0,0,0,0,1,0,0
0,1,0,34,1,0,62.650001525878906,2274.89990234375,1,0,1,0,0,0,1,0,1,0,0,0,1,0,0,0,0,0,0,0,0,1,0
0,0,0,1,1,1,74.5,74.5,1,0,1,0,1,0,0,0,0,0,0,0,0,0,0,0,0,0,0,0,0,1,0
0,1,1,10,1,1,102.0999984741211,1068.8499755859375,1,0,1,0,1,0,0,0,1,0,1,0,0,0,1,0,1,0,0,0,1,0,0
0,1,0,24,1,0,20.100000381469727,533.9000244140625,0,1,0,0,0,1,0,1,0,1,0,1,0,1,0,1,0,1,1,0,0,0,1
0,1,1,10,1,0,70.30000305175781,676.1500244140625,0,0,1,0,0,0,1,0,1,0,0,0,0,0,1,0,0,0,1,0,0,1,0
0,1,0,69,1,1,53.650001525878906,3804.39990234375,0,1,0,0,0,0,1,0,1,0,0,0,0,0,0,0,0,0,1,0,1,0,0
0,0,0,57,1,0,20.75,1118.800048828125,0,1,0,0,0,1,0,1,0,1,0,1,0,1,0,1,0,1,0,1,0,0,1
0,1,1,50,1,1,103.4000015258789,5236.39990234375,0,1,0,0,1,0,0,0,1,0,1,0,1,0,1,0,1,0,1,0,0,0,0
0,1,1,28,0,0,50.79999923706055,1386.800048828125,0,1,0,1,0,0,1,0,0,0,1,0,1,0,1,0,0,0,1,0,0,0,1
0,0,0,16,1,1,50.150001525878906,762.25,1,0,0,0,0,0,1,0,0,0,0,0,0,0,0,0,0,0,0,0,0,1,0
0,0,0,25,1,1,79.0,1902.0,0,1,0,0,0,0,1,0,1,0,0,0,1,0,1,0,1,0,0,0,0,0,1
1,1,0,3,1,1,74.5999984741211,239.0500030517578,0,0,0,0,1,0,0,0,1,0,0,0,0,0,0,0,0,0,0,0,0,0,0
0,1,0,61,1,1,96.5,5673.7001953125,0,1,1,0,1,0,0,0,0,0,0,0,0,0,1,0,1,0,1,0,0,0,0
0,0,0,2,1,0,20.100000381469727,39.79999923706055,0,0,0,0,0,1,0,1,0,1,0,1,0,1,0,1,0,1,0,0,0,0,1
0,1,1,51,1,0,19.399999618530273,997.75,0,1,0,0,0,1,0,1,0,1,0,1,0,1,0,1,0,1,1,0,0,0,1
0,1,1,71,1,0,77.55000305175781,5574.35009765625,0,0,0,0,0,0,1,0,0,0,1,0,0,0,1,0,1,0,0,1,1,0,0
0,1,1,20,1,0,20.049999237060547,406.04998779296875,0,0,0,0,0,1,0,1,0,1,0,1,0,1,0,1,0,1,0,0,0,0,1
0,1,1,6,1,0,19.850000381469727,138.85000610351562,0,1,0,0,0,1,0,1,0,1,0,1,0,1,0,1,0,1,0,0,1,0,0
0,0,0,6,1,0,20.200000762939453,123.6500015258789,0,0,0,0,0,1,0,1,0,1,0,1,0,1,0,1,0,1,0,0,0,0,1
0,0,0,29,1,0,67.44999694824219,1801.0999755859375,0,0,1,0,0,0,1,0,1,0,0,0,1,0,0,0,0,0,0,0,0,0,1
0,0,0,36,1,1,18.549999237060547,689.0,0,1,0,0,0,1,0,1,0,1,0,1,0,1,0,1,0,1,0,1,1,0,0
0,0,0,28,0,1,29.75,790.7000122070312,0,0,0,1,0,0,0,0,0,0,1,0,0,0,0,0,0,0,0,0,0,0,1
0,1,0,7,1,1,86.5,582.5,1,0,1,0,1,0,0,0,0,0,0,0,0,0,1,0,0,0,0,0,0,1,0
0,0,0,63,1,0,24.200000762939453,1618.199951171875,0,0,1,0,0,1,0,1,0,1,0,1,0,1,0,1,0,1,0,1,0,0,1
0,1,1,48,1,0,23.549999237060547,1173.3499755859375,0,1,1,0,0,1,0,1,0,1,0,1,0,1,0,1,0,1,0,1,0,0,1
0,1,0,49,1,0,20.450000762939453,900.9000244140625,0,0,0,0,0,1,0,1,0,1,0,1,0,1,0,1,0,1,1,0,0,0,0
1,0,0,27,1,1,81.44999694824219,2122.050048828125,1,1,1,0,1,0,0,0,1,0,0,0,0,0,0,0,0,0,0,0,0,1,0
0,1,0,72,1,0,92.30000305175781,6719.89990234375,0,1,1,0,0,0,1,0,1,0,1,0,1,0,1,0,1,0,0,1,1,0,0
0,1,0,1,1,1,69.1500015258789,69.1500015258789,1,1,0,0,1,0,0,0,0,0,0,0,0,0,0,0,0,0,0,0,0,1,0
0,1,1,72,0,0,53.650001525878906,3784.0,0,0,0,1,0,0,0,0,1,0,0,0,1,0,1,0,1,0,0,1,1,0,0
0,0,0,47,0,0,39.650001525878906,1798.6500244140625,0,0,0,1,0,0,1,0,1,0,0,0,1,0,0,0,0,0,1,0,1,0,0
0,0,0,1,1,1,54.650001525878906,54.650001525878906,0,0,0,0,0,0,0,0,0,0,0,0,0,0,1,0,0,0,0,0,0,1,0
0,0,0,36,1,1,104.80000305175781,3886.449951171875,0,0,1,0,1,0,0,0,1,0,1,0,0,0,1,0,1,0,1,0,0,0,0
0,1,1,43,0,0,29.299999237060547,1224.050048828125,0,1,0,1,0,0,0,0,1,0,0,0,0,0,0,0,0,0,0,0,1,0,0
1,1,0,27,1,0,83.8499984741211,2310.199951171875,0,0,1,0,0,0,0,0,1,0,1,0,1,0,1,0,1,0,0,0,0,1,0
0,0,0,9,1,1,79.55000305175781,723.4000244140625,1,0,0,0,1,0,0,0,0,0,0,0,0,0,0,0,1,0,0,0,0,1,0
0,0,0,38,1,1,103.6500015258789,3988.5,0,0,1,0,1,0,0,0,0,0,1,0,1,0,1,0,1,0,0,0,0,1,0
1,0,0,35,1,1,99.05000305175781,3554.60009765625,0,0,1,0,1,0,1,0,0,0,0,0,0,0,1,0,1,0,0,0,0,1,0
0,1,1,0,1,0,73.3499984741211,0.0,0,0,1,0,0,0,0,0,1,0,1,0,1,0,1,0,0,0,0,1,0,0,1
0,1,0,59,1,1,100.05000305175781,6034.85009765625,0,0,0,0,1,0,0,0,1,0,0,0,1,0,1,0,1,0,0,1,0,0,1
0,0,0,27,1,0,20.350000381469727,531.5999755859375,0,1,0,0,0,1,0,1,0,1,0,1,0,1,0,1,0,1,0,1,1,0,0
1,0,0,2,1,0,43.95000076293945,85.0999984741211,0,0,0,0,0,0,0,0,0,0,0,0,0,0,0,0,0,0,0,0,0,1,0
0,0,0,7,1,0,23.5,173.0,0,1,1,0,0,1,0,1,0,1,0,1,0,1,0,1,0,1,0,0,0,0,1
0,0,0,36,1,1,70.69999694824219,2511.949951171875,0,0,1,0,0,0,0,0,1,0,0,0,1,0,0,0,1,0,1,0,0,0,1
0,1,1,41,1,1,94.30000305175781,3893.60009765625,0,0,1,0,1,0,1,0,1,0,0,0,0,0,1,0,0,0,0,0,0,0,0
0,0,0,13,0,0,29.149999618530273,357.1499938964844,0,0,0,1,0,0,0,0,1,0,0,0,0,0,0,0,0,0,0,0,0,1,0
0,0,1,19,1,0,20.850000381469727,467.5,0,1,0,0,0,1,0,1,0,1,0,1,0,1,0,1,0,1,0,1,1,0,0
0,1,0,60,0,0,37.70000076293945,2288.699951171875,0,0,0,1,0,0,1,0,1,0,0,0,1,0,0,0,0,0,0,1,0,0,0
0,0,1,48,1,1,95.5,4627.85009765625,1,0,0,0,1,0,0,0,1,0,1,0,1,0,1,0,0,0,0,1,0,0,1
1,0,0,3,1,0,91.05000305175781,289.1000061035156,1,1,1,0,1,0,0,0,0,0,1,0,0,0,1,0,0,0,0,0,0,1,0
0,1,0,69,1,1,92.44999694824219,6460.5498046875,0,1,1,0,1,0,0,0,1,0,0,0,1,0,1,0,0,0,0,1,0,0,1
0,0,0,43,0,0,44.150001525878906,1931.300048828125,0,1,0,1,0,0,0,0,0,0,1,0,1,0,0,0,1,0,1,0,0,1,0
0,0,1,11,0,1,36.04999923706055,402.6000061035156,0,0,0,1,0,0,1,0,0,0,0,0,1,0,0,0,0,0,1,0,0,0,1
0,1,0,45,1,1,50.25,2221.550048828125,0,0,0,0,0,0,0,0,0,0,1,0,0,0,0,0,0,0,0,0,1,0,0
0,1,0,72,1,1,109.75,7758.89990234375,0,1,1,0,1,0,0,0,1,0,1,0,1,0,1,0,1,0,0,1,1,0,0
1,1,0,2,1,0,79.19999694824219,172.85000610351562,1,0,1,0,1,0,0,0,0,0,1,0,0,0,0,0,0,0,0,0,0,1,0
0,1,1,12,1,0,20.299999237060547,224.5,0,0,0,0,0,1,0,1,0,1,0,1,0,1,0,1,0,1,0,1,0,0,0
0,1,1,67,1,1,112.3499984741211,7388.4501953125,0,0,1,0,1,0,0,0,1,0,1,0,1,0,1,0,1,0,1,0,1,0,0
0,1,0,37,1,0,94.30000305175781,3460.949951171875,0,1,1,0,1,0,0,0,0,0,1,0,1,0,1,0,0,0,0,1,0,0,1
0,0,0,39,0,0,41.150001525878906,1700.9000244140625,0,0,0,1,0,0,1,0,1,0,0,0,1,0,0,0,0,0,1,0,0,0,0
0,0,0,41,1,1,74.6500015258789,3090.64990234375,0,0,1,0,0,0,1,0,0,0,1,0,1,0,0,0,1,0,0,0,0,0,0
0,0,0,25,0,1,48.25,1293.800048828125,0,0,0,1,0,0,0,0,0,0,1,0,0,0,1,0,1,0,0,0,0,1,0
0,1,1,8,1,1,76.1500015258789,645.7999877929688,0,1,1,0,0,0,1,0,1,0,0,0,1,0,0,0,1,0,0,1,1,0,0
0,1,1,71,1,0,71.0999984741211,5224.9501953125,0,0,1,0,0,0,1,0,1,0,1,0,1,0,0,0,0,0,0,1,0,0,1
0,0,0,5,1,0,96.55000305175781,500.1000061035156,0,1,1,0,1,0,0,0,1,0,1,0,0,0,0,0,1,0,0,0,0,1,0
0,0,0,30,1,1,79.30000305175781,2427.10009765625,0,0,1,0,0,0,1,0,0,0,1,0,0,0,1,0,1,0,1,0,1,0,0
0,0,0,40,1,1,89.5999984741211,3488.14990234375,0,1,0,0,1,0,0,0,1,0,0,0,1,0,0,0,1,0,1,0,1,0,0
0,0,0,54,1,1,20.5,1035.699951171875,0,0,0,0,0,1,0,1,0,1,0,1,0,1,0,1,0,1,0,1,0,0,1
0,1,0,72,1,1,106.30000305175781,7565.35009765625,0,1,1,0,1,0,0,0,1,0,1,0,0,0,1,0,1,0,0,1,0,0,0
0,1,1,28,1,0,100.3499984741211,2799.0,0,1,0,0,1,0,0,0,1,0,1,0,0,0,1,0,1,0,1,0,0,0,0
0,1,1,18,1,1,85.5999984741211,1601.5,0,1,0,0,1,0,0,0,0,0,0,0,1,0,0,0,1,0,0,0,0,1,0
0,0,0,2,0,1,45.25,85.5,1,0,0,1,0,0,0,0,0,0,0,0,0,0,1,0,1,0,0,0,0,1,0
0,1,1,59,1,1,106.1500015258789,6256.2001953125,0,0,1,0,1,0,0,0,1,0,1,0,0,0,1,0,1,0,1,0,0,1,0
0,1,1,22,1,1,51.099998474121094,1232.9000244140625,0,1,0,0,0,0,0,0,0,0,0,0,1,0,0,0,0,0,0,0,0,1,0
0,0,0,1,1,0,19.899999618530273,19.899999618530273,0,0,0,0,0,1,0,1,0,1,0,1,0,1,0,1,0,1,0,0,0,0,1
1,1,0,72,1,1,25.700000762939453,1937.4000244140625,0,0,1,0,0,1,0,1,0,1,0,1,0,1,0,1,0,1,0,1,1,0,0
1,0,0,14,1,1,74.30000305175781,1096.25,1,0,1,0,1,0,0,0,0,0,0,0,0,0,0,0,0,0,0,0,0,1,0
0,1,0,50,1,0,99.4000015258789,5059.75,0,1,1,0,1,0,0,0,0,0,0,0,1,0,1,0,1,0,1,0,0,1,0
0,1,1,48,1,0,69.69999694824219,3023.64990234375,0,0,0,0,0,0,1,0,0,0,1,0,1,0,1,0,0,0,1,0,0,0,0
0,1,1,49,1,1,98.3499984741211,4889.2001953125,0,0,1,0,1,0,0,0,1,0,0,0,0,0,1,0,1,0,0,0,0,1,0
0,1,1,28,1,0,85.44999694824219,2289.89990234375,0,1,0,0,1,0,0,0,0,0,1,0,0,0,1,0,0,0,0,0,0,1,0
1,0,0,68,1,1,95.9000015258789,6503.2001953125,0,1,1,0,1,0,0,0,1,0,1,0,0,0,0,0,1,0,0,0,0,1,0
0,0,0,13,1,0,100.75,1313.25,0,1,1,0,1,0,0,0,0,0,0,0,1,0,1,0,1,0,0,0,0,1,0
0,0,0,11,1,1,89.19999694824219,990.2999877929688,0,0,1,0,1,0,0,0,0,0,1,0,0,0,1,0,0,0,0,0,0,1,0
0,1,0,3,1,1,74.0999984741211,228.0,1,0,1,0,1,0,0,0,0,0,0,0,0,0,0,0,0,0,0,0,1,0,0
1,1,0,57,1,0,100.5999984741211,5746.14990234375,1,1,1,0,1,0,0,0,0,0,1,0,0,0,1,0,1,0,0,0,0,1,0
0,0,0,3,1,0,75.0,209.10000610351562,1,1,1,0,1,0,0,0,0,0,0,0,0,0,0,0,0,0,0,0,0,0,1
0,1,0,72,1,0,25.75,1864.199951171875,0,1,1,0,0,1,0,1,0,1,0,1,0,1,0,1,0,1,0,1,1,0,0
0,1,1,70,1,1,84.0999984741211,5979.7001953125,0,1,1,0,0,0,0,0,1,0,1,0,1,0,1,0,1,0,0,1,0,1,0
0,1,1,49,1,0,79.30000305175781,3902.449951171875,0,0,1,0,0,0,0,0,1,0,0,0,1,0,1,0,1,0,0,1,0,0,0
1,1,0,67,1,1,107.05000305175781,7142.5,0,0,1,0,1,0,1,0,0,0,1,0,0,0,1,0,1,0,1,0,1,0,0
0,0,0,46,1,0,20.049999237060547,902.0,0,1,0,0,0,1,0,1,0,1,0,1,0,1,0,1,0,1,0,1,0,0,0
1,0,0,64,1,1,70.19999694824219,4481.0,1,0,0,0,0,0,1,0,1,0,0,0,1,0,1,0,0,0,0,1,1,0,0
0,1,0,37,1,0,19.5,805.2000122070312,0,0,0,0,0,1,0,1,0,1,0,1,0,1,0,1,0,1,0,0,0,0,0
1,0,0,2,1,0,70.75,154.85000610351562,1,0,0,0,1,0,0,0,0,0,0,0,0,0,0,0,0,0,0,0,0,1,0
1,1,0,13,0,0,45.29999923706055,528.4500122070312,0,0,0,1,0,0,0,0,0,0,0,0,0,0,1,0,1,0,0,0,0,1,0
0,1,0,72,1,0,115.1500015258789,8349.7001953125,0,0,1,0,1,0,1,0,1,0,1,0,1,0,1,0,1,0,0,1,0,1,0
0,1,1,68,1,1,72.94999694824219,4953.25,0,1,0,0,0,0,0,0,0,0,1,0,1,0,1,0,1,0,0,1,0,0,0
0,1,1,15,1,0,19.649999618530273,332.6499938964844,0,1,0,0,0,1,0,1,0,1,0,1,0,1,0,1,0,1,1,0,0,0,1
0,0,0,24,1,1,19.549999237060547,470.20001220703125,0,0,0,0,0,1,0,1,0,1,0,1,0,1,0,1,0,1,0,1,0,0,0
0,0,0,24,1,1,89.55000305175781,2259.35009765625,0,0,1,0,1,0,0,0,0,0,0,0,1,0,0,0,1,0,0,0,0,1,0
0,0,0,27,1,0,50.349998474121094,1411.3499755859375,0,1,0,0,0,0,1,0,0,0,0,0,0,0,0,0,0,0,0,0,0,0,1
0,0,0,12,1,0,50.25,593.75,1,1,0,0,0,0,0,0,0,0,0,0,1,0,0,0,0,0,0,0,0,0,0
0,1,1,71,1,0,87.25,6328.7001953125,0,0,0,0,0,0,1,0,1,0,1,0,1,0,1,0,1,0,0,1,1,0,0
0,1,1,67,1,1,20.799999237060547,1411.9000244140625,0,1,0,0,0,1,0,1,0,1,0,1,0,1,0,1,0,1,0,1,0,0,1
0,1,0,63,1,1,109.25,6841.39990234375,0,0,1,0,1,0,0,0,1,0,1,0,1,0,1,0,1,0,0,1,0,0,0
0,0,0,1,1,0,20.350000381469727,20.350000381469727,0,1,0,0,0,1,0,1,0,1,0,1,0,1,0,1,0,1,0,0,0,0,1
0,0,0,4,1,1,55.900001525878906,238.5,0,1,0,0,0,0,0,0,0,0,0,0,0,0,0,0,1,0,0,0,0,1,0
1,0,0,40,1,1,79.19999694824219,3233.85009765625,1,0,0,0,1,0,1,0,1,0,0,0,0,0,0,0,0,0,0,0,1,0,0
0,0,0,12,1,1,96.0,1062.0999755859375,1,0,0,0,1,0,0,0,0,0,1,0,0,0,1,0,1,0,0,0,0,1,0
0,1,1,52,1,0,79.19999694824219,4016.300048828125,0,1,0,0,0,0,1,0,1,0,1,0,0,0,1,0,1,0,0,1,0,1,0
0,0,0,10,1,1,24.0,226.5500030517578,0,1,1,0,0,1,0,1,0,1,0,1,0,1,0,1,0,1,0,0,0,1,0
0,0,0,68,1,0,101.3499984741211,7110.75,0,1,1,0,1,0,1,0,1,0,1,0,0,0,1,0,0,0,1,0,0,0,0
0,0,0,54,1,1,100.0999984741211,5440.89990234375,1,0,1,0,1,0,0,0,0,0,0,0,1,0,1,0,1,0,0,0,0,1,0
0,1,1,4,1,0,56.5,235.10000610351562,1,0,0,0,0,0,0,0,1,0,0,0,1,0,0,0,0,0,0,0,0,0,1
0,1,0,52,0,0,35.45000076293945,1958.949951171875,0,0,0,1,0,0,1,0,0,0,1,0,0,0,0,0,0,0,1,0,0,0,1
1,0,0,1,1,1,85.0,85.0,1,0,0,0,1,0,0,0,0,0,1,0,0,0,0,0,1,0,0,0,0,1,0
0,1,0,70,1,0,79.4000015258789,5528.89990234375,0,1,1,0,0,0,1,0,1,0,1,0,1,0,1,0,0,0,1,0,0,0,0
0,0,0,43,0,1,35.20000076293945,1463.699951171875,0,1,0,1,0,0,1,0,0,0,1,0,0,0,0,0,0,0,1,0,1,0,0
0,0,0,52,1,0,19.649999618530273,1025.050048828125,0,1,0,0,0,1,0,1,0,1,0,1,0,1,0,1,0,1,0,1,0,0,1
0,0,0,12,0,0,49.849998474121094,552.0999755859375,0,0,0,1,0,0,1,0,0,0,1,0,1,0,0,0,1,0,0,1,0,0,1
0,1,1,56,1,0,68.75,3815.39990234375,0,0,1,0,0,0,1,0,1,0,0,0,0,0,0,0,1,0,1,0,0,0,0
0,0,1,0,1,1,61.900001525878906,0.0,0,1,1,0,0,0,1,0,1,0,0,0,1,0,0,0,0,0,0,1,0,0,0
0,0,0,42,1,0,79.9000015258789,3313.39990234375,0,1,1,0,1,0,0,0,0,0,1,0,0,0,0,0,0,0,0,0,0,1,0
1,1,0,22,1,1,89.75,1938.9000244140625,0,1,0,0,1,0,0,0,0,0,0,0,0,0,1,0,1,0,0,0,0,0,0
0,1,1,51,0,0,59.29999923706055,3014.64990234375,1,1,0,1,0,0,1,0,1,0,1,0,0,0,1,0,1,0,1,0,0,1,0
0,0,0,27,1,1,19.399999618530273,460.25,0,1,0,0,0,1,0,1,0,1,0,1,0,1,0,1,0,1,0,0,1,0,0
1,1,0,51,1,1,93.6500015258789,4839.14990234375,0,1,1,0,1,0,1,0,0,0,1,0,0,0,0,0,1,0,1,0,0,0,0
0,0,1,4,1,1,49.400001525878906,184.39999389648438,1,1,0,0,0,0,1,0,0,0,0,0,0,0,0,0,0,0,0,0,0,1,0
0,0,0,1,1,1,19.899999618530273,19.899999618530273,0,1,0,0,0,1,0,1,0,1,0,1,0,1,0,1,0,1,0,0,0,0,1
0,0,0,35,1,0,55.0,2010.550048828125,1,1,0,0,0,0,0,0,0,0,0,0,0,0,1,0,0,0,0,0,0,0,1
1,1,1,71,1,1,72.9000015258789,5139.64990234375,0,1,1,0,0,0,0,0,1,0,1,0,1,0,0,0,1,0,1,0,0,0,0
0,0,0,1,1,1,69.19999694824219,69.19999694824219,1,0,0,0,1,0,0,0,0,0,0,0,0,0,0,0,0,0,0,0,0,1,0
0,1,1,69,1,1,25.600000381469727,1673.4000244140625,0,0,1,0,0,1,0,1,0,1,0,1,0,1,0,1,0,1,0,1,0,0,0
0,1,1,14,1,0,19.75,309.3500061035156,0,1,0,0,0,1,0,1,0,1,0,1,0,1,0,1,0,1,1,0,0,0,1
0,1,0,57,1,0,55.70000076293945,3171.60009765625,0,1,0,0,0,0,1,0,0,0,0,0,1,0,0,0,0,0,0,0,0,1,0
0,1,1,72,1,0,117.5,8670.099609375,0,0,1,0,1,0,1,0,1,0,1,0,1,0,1,0,1,0,0,1,1,0,0
0,0,0,48,1,0,19.850000381469727,916.0,0,1,0,0,0,1,0,1,0,1,0,1,0,1,0,1,0,1,0,1,1,0,0
0,1,1,4,1,1,78.9000015258789,299.75,0,0,0,0,1,0,0,0,0,0,0,0,0,0,1,0,0,0,0,0,0,0,1
0,1,1,31,1,1,20.649999618530273,702.0499877929688,0,1,0,0,0,1,0,1,0,1,0,1,0,1,0,1,0,1,0,0,0,1,0
0,0,0,38,1,1,62.29999923706055,2354.800048828125,1,1,0,0,0,0,0,0,0,0,1,0,1,0,0,0,1,0,1,0,0,0,1
1,1,0,37,1,1,92.5,3473.39990234375,1,1,1,0,1,0,0,0,0,0,0,0,0,0,1,0,1,0,0,0,0,1,0
0,0,0,1,1,0,19.649999618530273,19.649999618530273,0,0,0,0,0,1,0,1,0,1,0,1,0,1,0,1,0,1,0,0,0,0,1
1,0,0,57,1,1,79.75,4438.2001953125,0,1,1,0,0,0,0,0,1,0,1,0,0,0,1,0,1,0,0,1,0,0,0
1,1,0,62,1,1,79.94999694824219,4819.75,0,0,0,0,0,0,1,0,0,0,1,0,1,0,1,0,1,0,0,1,1,0,0
0,1,0,3,0,1,29.899999618530273,92.25,0,1,0,1,0,0,0,0,0,0,0,0,1,0,0,0,0,0,0,0,0,1,0
0,0,1,72,1,1,19.75,1567.0,0,0,0,0,0,1,0,1,0,1,0,1,0,1,0,1,0,1,0,1,0,0,1
0,0,1,29,0,1,45.0,1242.449951171875,0,1,0,1,0,0,1,0,1,0,1,0,1,0,0,0,0,0,0,0,0,0,1
0,1,1,13,1,0,44.79999923706055,559.2000122070312,0,1,0,0,0,0,0,0,0,0,0,0,0,0,0,0,0,0,0,0,0,0,0
0,0,1,3,1,0,69.6500015258789,220.10000610351562,1,1,0,0,1,0,0,0,0,0,0,0,0,0,0,0,0,0,0,0,0,1,0
0,0,0,11,1,0,51.099998474121094,531.1500244140625,0,0,0,0,0,0,0,0,1,0,0,0,0,0,0,0,0,0,0,0,0,1,0
0,0,1,21,0,0,53.150001525878906,1183.199951171875,0,0,0,1,0,0,1,0,1,0,1,0,1,0,1,0,0,0,0,1,0,0,1
0,0,0,19,1,0,24.700000762939453,465.8500061035156,0,0,1,0,0,1,0,1,0,1,0,1,0,1,0,1,0,1,0,0,0,0,0
0,0,0,61,1,1,111.5999984741211,6876.0498046875,1,1,1,0,1,0,1,0,0,0,1,0,1,0,1,0,1,0,0,1,1,0,0
0,0,0,11,1,0,48.54999923706055,501.0,1,0,0,0,0,0,1,0,0,0,0,0,0,0,0,0,0,0,0,0,1,0,0
0,1,1,35,1,1,109.94999694824219,3782.39990234375,0,1,1,0,1,0,0,0,1,0,1,0,1,0,1,0,1,0,0,0,0,1,0
0,0,1,25,1,0,20.799999237060547,460.20001220703125,0,1,0,0,0,1,0,1,0,1,0,1,0,1,0,1,0,1,0,0,0,0,1
0,0,0,1,1,1,20.200000762939453,20.200000762939453,1,0,0,0,0,1,0,1,0,1,0,1,0,1,0,1,0,1,0,0,0,0,1
0,0,0,67,1,1,25.600000381469727,1790.3499755859375,0,0,1,0,0,1,0,1,0,1,0,1,0,1,0,1,0,1,0,1,0,0,0
0,0,0,19,0,1,39.650001525878906,733.3499755859375,1,1,0,1,0,0,0,0,0,0,1,0,0,0,1,0,0,0,0,0,0,1,0
0,0,0,56,1,0,24.899999618530273,1334.0,1,1,1,0,0,1,0,1,0,1,0,1,0,1,0,1,0,1,1,0,0,1,0
0,1,1,72,1,1,108.4000015258789,7767.25,0,1,1,0,1,0,1,0,1,0,1,0,0,0,1,0,1,0,0,1,1,0,0
0,0,0,43,1,0,19.549999237060547,876.1500244140625,0,1,0,0,0,1,0,1,0,1,0,1,0,1,0,1,0,1,0,1,0,0,1
0,1,1,55,1,1,85.0999984741211,4600.9501953125,0,0,1,0,1,0,1,0,1,0,0,0,0,0,0,0,0,0,0,0,0,1,0
0,1,1,2,1,0,56.70000076293945,113.55000305175781,1,1,1,0,0,0,1,0,0,0,0,0,0,0,0,0,0,0,0,0,0,0,1
0,0,0,27,1,1,69.05000305175781,1793.25,0,1,0,0,1,0,0,0,0,0,0,0,0,0,0,0,0,0,0,0,0,0,1
0,0,0,13,1,1,70.1500015258789,886.7000122070312,0,0,0,0,1,0,0,0,0,0,0,0,0,0,0,0,0,0,0,0,0,0,1
0,0,0,70,1,1,111.1500015258789,7737.5498046875,0,0,1,0,1,0,1,0,1,0,1,0,0,0,1,0,1,0,0,1,0,0,1
0,1,0,14,1,0,105.94999694824219,1348.9000244140625,1,0,0,0,1,0,1,0,1,0,0,0,1,0,1,0,1,0,1,0,0,0,1
0,1,1,19,1,1,89.3499984741211,1686.8499755859375,0,0,1,0,1,0,0,0,0,0,0,0,1,0,0,0,1,0,1,0,0,0,0
0,0,0,20,1,1,89.0999984741211,1879.25,0,0,1,0,1,0,1,0,0,0,0,0,0,0,1,0,0,0,0,0,0,0,0
0,1,1,43,1,1,91.25,4013.800048828125,0,1,1,0,1,0,1,0,0,0,1,0,1,0,0,0,0,0,1,0,1,0,0
0,1,1,5,1,1,90.3499984741211,434.5,0,1,0,0,1,0,1,0,0,0,1,0,0,0,0,0,1,0,0,0,0,0,1
1,1,0,70,1,1,105.55000305175781,7195.35009765625,0,0,1,0,1,0,0,0,1,0,0,0,1,0,1,0,1,0,1,0,0,0,0
0,1,0,40,1,0,19.100000381469727,780.0999755859375,0,0,0,0,0,1,0,1,0,1,0,1,0,1,0,1,0,1,0,1,0,0,1
0,1,1,6,1,1,20.399999618530273,107.5999984741211,0,1,0,0,0,1,0,1,0,1,0,1,0,1,0,1,0,1,0,1,1,0,0
0,0,0,39,1,1,100.44999694824219,3801.699951171875,0,1,0,0,1,0,1,0,0,0,1,0,0,0,1,0,1,0,0,1,0,1,0
1,1,0,4,1,0,74.94999694824219,308.70001220703125,1,1,1,0,1,0,0,0,0,0,0,0,0,0,0,0,0,0,0,0,0,1,0
0,0,0,15,0,1,29.700000762939453,438.25,1,1,0,1,0,0,0,0,0,0,0,0,1,0,0,0,0,0,0,0,0,1,0
0,1,0,1,0,1,50.349998474121094,50.349998474121094,1,1,0,1,0,0,0,0,0,0,1,0,0,0,1,0,1,0,0,0,0,1,0
1,0,0,45,1,1,85.69999694824219,3778.10009765625,0,0,0,0,1,0,1,0,1,0,0,0,1,0,0,0,0,0,0,0,0,0,0
0,1,0,64,0,0,47.849998474121094,3147.5,1,0,0,1,0,0,1,0,0,0,1,0,1,0,0,0,1,0,0,1,0,1,0
1,1,0,57,1,0,94.0,5438.9501953125,0,0,1,0,1,0,0,0,1,0,1,0,0,0,0,0,1,0,0,0,1,0,0
0,1,1,72,1,0,69.8499984741211,5102.35009765625,0,1,1,0,0,0,1,0,1,0,1,0,1,0,0,0,0,0,0,1,0,0,0
0,0,0,1,1,1,70.30000305175781,70.30000305175781,1,1,0,0,1,0,0,0,0,0,0,0,0,0,0,0,0,0,0,0,0,1,0
0,1,0,72,1,0,25.850000381469727,1872.199951171875,0,1,1,0,0,1,0,1,0,1,0,1,0,1,0,1,0,1,0,1,1,0,0
0,0,0,3,1,0,71.0999984741211,213.35000610351562,0,0,0,0,0,0,1,0,1,0,0,0,1,0,0,0,1,0,0,1,0,0,1
1,0,0,55,1,1,98.80000305175781,5617.75,1,1,1,0,1,0,1,0,0,0,0,0,0,0,1,0,1,0,0,0,0,1,0
0,1,0,59,1,0,93.3499984741211,5386.5,0,0,1,0,1,0,0,0,0,0,1,0,1,0,1,0,0,0,0,0,0,1,0
0,0,0,18,1,1,99.8499984741211,1776.949951171875,1,0,1,0,1,0,0,0,0,0,0,0,1,0,1,0,1,0,0,0,0,0,0
1,1,0,32,1,1,80.30000305175781,2483.050048828125,1,1,0,0,1,0,0,0,0,0,0,0,0,0,0,0,1,0,0,0,1,0,0
0,0,0,4,1,1,50.54999923706055,235.64999389648438,0,0,0,0,0,0,1,0,0,0,0,0,0,0,0,0,0,0,0,0,0,0,0
1,0,0,66,1,1,80.44999694824219,5224.35009765625,1,0,1,0,1,0,0,0,1,0,0,0,0,0,0,0,0,0,0,0,1,0,0
0,0,0,27,1,1,81.30000305175781,2272.800048828125,0,1,1,0,1,0,0,0,0,0,1,0,0,0,0,0,0,0,0,0,0,1,0
0,0,0,4,1,1,20.700000762939453,83.75,0,1,0,0,0,1,0,1,0,1,0,1,0,1,0,1,0,1,0,0,1,0,0
0,1,1,60,1,1,79.05000305175781,4663.39990234375,0,1,0,0,0,0,1,0,1,0,0,0,1,0,1,0,1,0,0,0,1,0,0
0,1,1,8,1,0,19.049999237060547,201.6999969482422,0,0,0,0,0,1,0,1,0,1,0,1,0,1,0,1,0,1,0,1,0,0,1
0,1,1,8,1,0,19.600000381469727,125.0,0,1,0,0,0,1,0,1,0,1,0,1,0,1,0,1,0,1,0,1,1,0,0
0,0,0,35,1,1,20.200000762939453,684.4000244140625,0,1,0,0,0,1,0,1,0,1,0,1,0,1,0,1,0,1,0,1,0,0,1
0,0,0,7,1,1,86.80000305175781,620.3499755859375,1,1,1,0,1,0,0,0,0,0,0,0,0,0,0,0,1,0,0,0,0,1,0
0,1,1,53,1,0,20.899999618530273,1146.050048828125,0,0,0,0,0,1,0,1,0,1,0,1,0,1,0,1,0,1,0,1,0,0,1
1,0,0,18,1,1,103.5999984741211,1806.3499755859375,0,0,1,0,1,0,0,0,1,0,0,0,1,0,1,0,1,0,0,0,1,0,0
0,0,0,15,0,1,38.79999923706055,603.0,0,0,0,1,0,0,0,0,1,0,0,0,0,0,0,0,1,0,0,1,0,0,1
0,1,0,67,1,1,88.4000015258789,5798.2998046875,0,1,1,0,1,0,0,0,1,0,0,0,0,0,1,0,0,0,1,0,0,0,0
1,1,0,6,1,1,84.19999694824219,519.1500244140625,1,1,0,0,1,0,0,0,1,0,0,0,0,0,0,0,1,0,0,0,0,1,0
1,0,0,6,1,1,79.69999694824219,497.6000061035156,0,1,0,0,1,0,0,0,0,0,0,0,0,0,1,0,0,0,0,0,0,1,0
0,0,0,13,1,1,99.0,1301.699951171875,1,1,1,0,1,0,0,0,0,0,0,0,1,0,1,0,1,0,0,0,0,0,1
0,0,0,11,1,1,100.75,1129.75,1,0,1,0,1,0,0,0,0,0,1,0,0,0,1,0,1,0,0,0,0,1,0
0,0,1,1,1,1,19.299999237060547,19.299999237060547,0,1,0,0,0,1,0,1,0,1,0,1,0,1,0,1,0,1,0,0,0,0,1
0,0,0,5,1,1,55.75,266.95001220703125,0,1,0,0,0,0,1,0,0,0,0,0,1,0,0,0,0,0,0,0,0,0,1
0,0,0,13,1,1,19.950000762939453,257.0,0,1,0,0,0,1,0,1,0,1,0,1,0,1,0,1,0,1,1,0,0,0,1
0,1,0,9,1,0,91.75,865.7999877929688,1,0,1,0,1,0,1,0,1,0,1,0,0,0,0,0,0,0,0,0,0,0,0
0,0,0,29,1,0,89.6500015258789,2623.64990234375,0,1,0,0,1,0,0,0,1,0,0,0,1,0,1,0,0,0,0,0,0,0,1
1,0,0,1,1,1,45.849998474121094,45.849998474121094,0,1,0,0,0,0,0,0,0,0,0,0,0,0,0,0,0,0,0,0,0,0,1
0,0,0,1,1,1,79.55000305175781,79.55000305175781,1,0,1,0,1,0,0,0,0,0,1,0,0,0,0,0,0,0,0,0,0,0,1
0,1,1,18,1,0,55.95000076293945,1082.800048828125,0,0,0,0,0,0,0,0,0,0,0,0,0,0,1,0,0,0,0,0,0,0,1
0,1,0,2,1,0,69.0,147.8000030517578,0,0,0,0,0,0,0,0,0,0,1,0,0,0,1,0,1,0,0,0,1,0,0
0,1,1,30,1,1,83.55000305175781,2570.199951171875,0,1,1,0,1,0,0,0,1,0,0,0,1,0,0,0,0,0,0,0,0,0,0
0,0,1,66,1,0,65.69999694824219,4378.89990234375,0,1,1,0,0,0,1,0,1,0,0,0,1,0,0,0,0,0,0,1,0,0,0
0,1,1,38,1,1,94.9000015258789,3616.25,0,1,1,0,1,0,0,0,0,0,1,0,1,0,1,0,0,0,0,1,0,0,0
0,1,1,44,1,1,61.900001525878906,2924.050048828125,0,1,0,0,0,0,0,0,1,0,1,0,1,0,0,0,0,0,0,0,0,0,1
0,0,0,54,1,0,111.0999984741211,6014.85009765625,1,0,1,0,1,0,0,0,1,0,1,0,1,0,1,0,1,0,0,0,0,1,0
0,0,0,2,1,0,20.0,32.70000076293945,0,1,0,0,0,1,0,1,0,1,0,1,0,1,0,1,0,1,0,0,0,0,1
0,0,0,42,1,1,67.69999694824219,2882.25,0,0,0,0,0,0,1,0,1,0,0,0,1,0,0,0,1,0,1,0,0,0,1
0,1,1,58,1,0,25.149999618530273,1509.9000244140625,0,0,1,0,0,1,0,1,0,1,0,1,0,1,0,1,0,1,0,1,1,0,0
0,1,1,58,1,1,92.8499984741211,5305.0498046875,0,1,0,0,1,0,0,0,1,0,0,0,0,0,1,0,1,0,0,0,0,1,0
0,1,1,25,1,1,89.0999984741211,2368.39990234375,1,0,1,0,1,0,0,0,0,0,1,0,0,0,0,0,1,0,0,0,0,1,0
0,0,0,71,1,0,111.30000305175781,7985.89990234375,0,0,1,0,1,0,1,0,1,0,1,0,1,0,1,0,1,0,0,1,0,0,1
0,0,0,37,1,1,101.9000015258789,3545.35009765625,1,0,1,0,1,0,0,0,1,0,1,0,0,0,1,0,1,0,0,0,0,0,0
0,1,1,14,1,1,91.6500015258789,1301.0,1,0,1,0,1,0,0,0,0,0,0,0,1,0,1,0,0,0,0,0,0,1,0
1,0,0,4,1,1,88.8499984741211,372.45001220703125,1,0,1,0,1,0,0,0,0,0,1,0,0,0,0,0,1,0,0,0,0,1,0
0,1,0,48,1,1,60.599998474121094,2985.25,0,0,1,0,0,0,1,0,0,0,0,0,1,0,0,0,0,0,1,0,0,0,0
1,0,0,3,0,0,25.299999237060547,77.75,1,0,0,1,0,0,0,0,0,0,0,0,0,0,0,0,0,0,0,0,0,1,0
0,1,0,8,1,0,65.5,564.3499755859375,0,0,0,0,0,0,1,0,0,0,0,0,1,0,0,0,1,0,0,1,0,0,1
0,0,0,1,1,1,95.44999694824219,95.44999694824219,1,1,1,0,1,0,0,0,0,0,0,0,0,0,1,0,1,0,0,0,0,1,0
0,0,0,67,1,0,19.950000762939453,1311.75,0,1,0,0,0,1,0,1,0,1,0,1,0,1,0,1,0,1,0,1,0,0,0
0,0,0,13,1,1,91.0999984741211,1135.699951171875,1,1,0,0,1,0,0,0,0,0,0,0,0,0,1,0,1,0,0,0,0,1,0
0,1,1,45,1,1,54.150001525878906,2319.800048828125,1,0,0,0,0,0,0,0,1,0,0,0,1,0,0,0,0,0,1,0,1,0,0
0,0,0,49,1,1,74.5999984741211,3720.35009765625,0,1,1,0,1,0,0,0,0,0,0,0,0,0,0,0,0,0,0,0,0,0,0
0,1,0,52,1,0,94.5999984741211,5025.7998046875,0,0,1,0,1,0,0,0,1,0,1,0,0,0,1,0,0,0,0,0,0,0,0
0,1,0,63,1,1,81.1500015258789,5224.5,0,0,0,0,1,0,1,0,0,0,1,0,0,0,0,0,0,0,1,0,1,0,0
0,1,1,68,1,1,89.05000305175781,6185.7998046875,0,0,1,0,0,0,1,0,1,0,1,0,1,0,1,0,1,0,0,1,0,0,0
0,1,0,31,1,1,49.20000076293945,1498.550048828125,0,0,0,0,0,0,0,0,0,0,0,0,1,0,0,0,0,0,0,0,0,0,1
0,1,0,64,1,0,19.450000762939453,1208.5999755859375,0,0,0,0,0,1,0,1,0,1,0,1,0,1,0,1,0,1,0,1,1,0,0
0,1,0,62,1,1,104.30000305175781,6613.64990234375,0,0,0,0,1,0,1,0,0,0,1,0,1,0,1,0,1,0,1,0,0,1,0
0,0,0,1,1,0,69.69999694824219,69.69999694824219,1,0,0,0,1,0,0,0,0,0,0,0,0,0,0,0,0,0,0,0,0,0,0
0,0,0,6,1,1,89.5,573.2999877929688,1,0,0,0,1,0,0,0,0,0,0,0,0,0,1,0,1,0,0,0,0,1,0
0,1,0,21,1,1,86.05000305175781,1818.9000244140625,0,0,0,0,1,0,0,0,0,0,0,0,1,0,1,0,0,0,0,0,0,1,0
0,1,1,72,1,0,25.200000762939453,1787.3499755859375,0,0,1,0,0,1,0,1,0,1,0,1,0,1,0,1,0,1,0,1,0,0,0
0,1,1,32,0,1,35.150001525878906,1051.050048828125,0,0,0,1,0,0,1,0,1,0,0,0,0,0,0,0,0,0,0,0,0,1,0
1,0,0,71,1,1,99.6500015258789,7181.25,0,0,1,0,1,0,1,0,1,0,0,0,1,0,1,0,0,0,1,0,1,0,0
0,0,1,34,1,1,105.3499984741211,3688.60009765625,0,0,0,0,1,0,1,0,1,0,1,0,0,0,1,0,1,0,0,0,0,0,0
0,1,0,3,0,1,35.150001525878906,99.75,1,1,0,1,0,0,0,0,0,0,0,0,0,0,0,0,1,0,0,0,0,1,0
0,0,1,12,1,1,73.75,871.4000244140625,1,1,1,0,1,0,0,0,0,0,0,0,0,0,0,0,0,0,0,0,1,0,0
1,0,0,8,1,0,101.3499984741211,780.5,1,0,1,0,1,0,0,0,0,0,1,0,0,0,1,0,1,0,0,0,0,1,0
0,1,1,35,1,0,24.299999237060547,821.5999755859375,0,0,1,0,0,1,0,1,0,1,0,1,0,1,0,1,0,1,0,1,0,0,0
0,1,1,3,1,1,80.69999694824219,239.4499969482422,0,0,0,0,1,0,0,0,0,0,0,0,0,0,1,0,0,0,0,0,0,1,0
0,0,0,3,1,1,89.8499984741211,244.4499969482422,0,1,0,0,1,0,0,0,0,0,1,0,1,0,1,0,0,0,0,0,0,0,1
0,0,0,53,1,1,61.099998474121094,3357.89990234375,0,1,0,0,0,0,0,0,0,0,1,0,0,0,0,0,1,0,1,0,0,1,0
0,1,0,4,0,1,29.049999237060547,129.60000610351562,0,0,0,1,0,0,1,0,0,0,0,0,0,0,0,0,0,0,0,0,0,1,0
0,1,1,48,1,1,99.69999694824219,4977.2001953125,0,0,0,0,1,0,1,0,0,0,1,0,0,0,1,0,1,0,1,0,0,0,0
0,1,1,6,1,0,55.900001525878906,365.3500061035156,1,0,0,0,0,0,1,0,1,0,0,0,0,0,0,0,0,0,0,0,1,0,0
1,1,0,3,1,1,105.9000015258789,334.6499938964844,1,1,1,0,1,0,0,0,1,0,1,0,0,0,1,0,1,0,0,0,0,1,0
0,1,1,54,0,0,46.0,2424.050048828125,0,1,0,1,0,0,0,0,0,0,1,0,1,0,0,0,1,0,0,1,1,0,0
0,0,0,1,1,0,43.95000076293945,43.95000076293945,1,0,0,0,0,0,0,0,0,0,0,0,0,0,0,0,0,0,0,0,0,0,1
0,0,0,62,1,1,80.4000015258789,4981.14990234375,0,1,0,0,0,0,0,0,1,0,1,0,1,0,1,0,1,0,0,0,0,0,0
0,1,1,22,1,1,100.05000305175781,2090.25,0,1,0,0,1,0,0,0,1,0,1,0,0,0,1,0,1,0,1,0,0,0,1
0,0,0,1,1,1,45.099998474121094,45.099998474121094,1,1,0,0,0,0,0,0,0,0,0,0,0,0,0,0,0,0,0,0,0,0,0
1,0,0,51,1,1,94.0,4905.75,0,1,0,0,1,0,0,0,0,0,1,0,0,0,1,0,1,0,1,0,0,0,0
0,0,0,30,1,1,68.94999694824219,2038.699951171875,0,0,1,0,0,0,0,0,1,0,1,0,0,0,1,0,0,0,1,0,1,0,0
1,1,0,56,1,1,68.44999694824219,4014.0,0,0,1,0,0,0,1,0,1,0,1,0,1,0,0,0,0,0,1,0,1,0,0
0,1,0,35,1,1,69.0,2441.699951171875,0,1,1,0,0,0,0,0,1,0,0,0,1,0,1,0,0,0,1,0,0,1,0
1,0,0,64,0,1,43.849998474121094,2751.0,0,0,0,1,0,0,0,0,1,0,0,0,1,0,1,0,0,0,0,0,0,1,0
0,0,1,30,0,1,44.5,1307.800048828125,0,1,0,1,0,0,0,0,0,0,0,0,0,0,1,0,1,0,0,0,0,1,0
0,1,1,25,1,1,18.700000762939453,383.6499938964844,0,0,0,0,0,1,0,1,0,1,0,1,0,1,0,1,0,1,0,1,0,0,1
0,0,0,41,1,0,70.25,2868.050048828125,1,0,0,0,1,0,0,0,0,0,0,0,0,0,0,0,0,0,0,0,0,0,0
0,0,1,9,1,0,55.349998474121094,449.75,1,1,0,0,0,0,0,0,0,0,0,0,0,0,1,0,0,0,0,0,0,1,0
0,1,0,1,1,1,53.54999923706055,53.54999923706055,0,0,0,0,0,0,1,0,1,0,0,0,0,0,0,0,0,0,0,0,0,0,1
0,0,1,70,1,1,114.5999984741211,7882.5,0,1,1,0,1,0,1,0,1,0,1,0,1,0,1,0,1,0,0,1,0,1,0
0,1,1,57,1,1,20.100000381469727,1087.699951171875,0,0,0,0,0,1,0,1,0,1,0,1,0,1,0,1,0,1,0,1,0,0,0
0,0,0,9,1,1,85.5,791.7000122070312,0,1,1,0,1,0,0,0,0,0,0,0,0,0,1,0,0,0,0,0,0,1,0
0,1,1,69,1,1,108.75,7493.0498046875,0,0,1,0,1,0,0,0,1,0,1,0,1,0,1,0,1,0,1,0,0,0,0
1,1,0,43,1,1,103.0,4414.2998046875,1,1,1,0,1,0,0,0,1,0,1,0,0,0,1,0,1,0,0,0,0,1,0
0,1,0,72,1,1,97.8499984741211,6841.2998046875,0,0,1,0,1,0,0,0,0,0,1,0,0,0,1,0,1,0,0,1,0,1,0
0,0,1,44,1,0,19.549999237060547,819.9500122070312,0,1,0,0,0,1,0,1,0,1,0,1,0,1,0,1,0,1,0,1,0,0,0
0,1,0,72,1,1,84.05000305175781,6052.25,0,0,1,0,1,0,1,0,1,0,0,0,0,0,0,0,0,0,0,1,0,0,0
0,1,0,33,1,1,103.75,3361.050048828125,1,0,0,0,1,0,1,0,0,0,1,0,1,0,1,0,1,0,1,0,0,1,0
0,0,0,54,1,0,89.4000015258789,4869.5,0,1,1,0,1,0,0,0,0,0,1,0,0,0,0,0,1,0,0,0,1,0,0
0,0,1,27,1,0,19.700000762939453,509.29998779296875,0,1,0,0,0,1,0,1,0,1,0,1,0,1,0,1,0,1,0,1,1,0,0
0,0,0,54,1,1,79.8499984741211,4308.25,0,1,1,0,1,0,0,0,1,0,0,0,0,0,0,0,0,0,0,0,0,0,0
0,0,0,3,1,0,74.44999694824219,221.10000610351562,0,1,0,0,1,0,0,0,1,0,0,0,0,0,0,0,0,0,0,0,1,0,0
0,1,0,53,1,0,74.0999984741211,3833.949951171875,0,0,1,0,0,0,1,0,1,0,1,0,0,0,0,0,1,0,1,0,0,0,0
0,0,0,1,1,1,69.3499984741211,69.3499984741211,1,1,0,0,1,0,0,0,0,0,0,0,0,0,0,0,0,0,0,0,0,1,0
0,1,0,15,1,0,18.799999237060547,294.95001220703125,0,1,0,0,0,1,0,1,0,1,0,1,0,1,0,1,0,1,1,0,0,0,1
0,0,0,56,1,1,73.8499984741211,4092.85009765625,1,0,0,0,1,0,0,0,1,0,0,0,0,0,0,0,0,0,0,0,0,1,0
0,1,1,5,1,0,64.4000015258789,316.8999938964844,0,1,1,0,0,0,1,0,1,0,0,0,1,0,0,0,0,0,0,0,1,0,0
0,1,1,48,1,1,55.79999923706055,2651.199951171875,0,1,0,0,0,0,0,0,1,0,1,0,0,0,0,0,0,0,1,0,1,0,0
0,0,1,25,1,0,20.049999237060547,471.70001220703125,0,0,0,0,0,1,0,1,0,1,0,1,0,1,0,1,0,1,0,0,1,0,0
0,1,0,3,1,1,75.1500015258789,216.75,1,0,1,0,1,0,0,0,0,0,0,0,0,0,0,0,0,0,0,0,1,0,0
0,0,0,58,1,0,99.1500015258789,5720.9501953125,0,1,0,0,1,0,1,0,1,0,0,0,0,0,1,0,1,0,1,0,0,0,0
0,0,0,10,1,1,56.75,503.25,0,1,0,0,0,0,0,0,0,0,0,0,0,0,0,0,1,0,0,0,0,0,0
0,0,0,1,1,1,69.5999984741211,69.5999984741211,1,1,0,0,1,0,0,0,0,0,0,0,0,0,0,0,0,0,0,0,0,1,0
0,1,0,71,1,1,104.1500015258789,7365.2998046875,0,1,1,0,1,0,0,0,1,0,0,0,1,0,1,0,1,0,0,1,1,0,0
0,1,1,65,1,1,110.80000305175781,7245.89990234375,0,0,1,0,1,0,0,0,1,0,1,0,1,0,1,0,1,0,0,1,1,0,0
0,1,1,5,1,1,80.1500015258789,385.0,1,1,1,0,1,0,0,0,1,0,0,0,0,0,0,0,0,0,0,0,0,1,0
0,0,0,28,0,1,35.75,961.4000244140625,0,0,0,1,0,0,0,0,0,0,1,0,1,0,0,0,0,0,0,0,0,0,1
0,1,1,67,1,1,69.9000015258789,4615.89990234375,0,0,1,0,0,0,0,0,0,0,1,0,1,0,0,0,1,0,0,1,0,0,0
0,0,0,35,1,1,89.19999694824219,3251.300048828125,0,1,0,0,1,0,1,0,0,0,0,0,1,0,0,0,1,0,1,0,0,1,0
0,1,1,72,0,0,55.650001525878906,3880.050048828125,0,0,0,1,0,0,1,0,1,0,1,0,1,0,0,0,1,0,0,1,1,0,0
0,1,1,61,0,1,50.70000076293945,3088.75,0,0,0,1,0,0,1,0,1,0,0,0,1,0,0,0,1,0,1,0,0,0,0
1,0,0,68,1,1,20.0,1396.0,0,1,0,0,0,1,0,1,0,1,0,1,0,1,0,1,0,1,0,1,1,0,0
0,1,1,1,0,0,30.5,30.5,1,0,0,1,0,0,1,0,0,0,0,0,0,0,0,0,0,0,0,0,0,0,0
0,0,0,3,1,1,19.100000381469727,53.04999923706055,0,1,0,0,0,1,0,1,0,1,0,1,0,1,0,1,0,1,0,0,0,0,1
0,1,1,70,1,0,98.30000305175781,6859.5,1,1,1,0,1,0,0,0,1,0,0,0,0,0,1,0,1,0,0,1,0,0,0
0,0,1,48,0,0,45.54999923706055,2108.35009765625,0,0,0,1,0,0,0,0,1,0,1,0,0,0,0,0,1,0,0,0,1,0,0
0,1,1,68,1,1,101.05000305175781,6770.5,0,1,1,0,1,0,0,0,1,0,0,0,0,0,1,0,1,0,1,0,1,0,0
0,0,0,47,1,1,103.69999694824219,4730.60009765625,0,0,0,0,1,0,1,0,0,0,1,0,1,0,1,0,1,0,1,0,0,1,0
0,1,1,32,0,1,36.25,1151.050048828125,0,1,0,1,0,0,0,0,0,0,1,0,1,0,0,0,0,0,1,0,0,0,1
0,1,1,5,1,1,49.400001525878906,232.5500030517578,0,0,0,0,0,0,1,0,0,0,0,0,0,0,0,0,0,0,0,0,0,0,1
0,0,0,49,1,1,19.899999618530273,1022.5999755859375,0,1,0,0,0,1,0,1,0,1,0,1,0,1,0,1,0,1,0,1,1,0,0
0,0,0,48,1,1,107.4000015258789,5121.2998046875,1,0,1,0,1,0,0,0,1,0,1,0,0,0,1,0,1,0,0,0,0,0,0
1,0,0,13,1,1,82.0,1127.199951171875,1,0,1,0,1,0,0,0,0,0,0,0,0,0,0,0,1,0,0,0,0,1,0
0,0,0,15,1,1,19.799999237060547,309.3999938964844,0,1,0,0,0,1,0,1,0,1,0,1,0,1,0,1,0,1,0,0,0,0,1
0,0,0,12,1,1,45.04999923706055,523.0999755859375,0,0,0,0,0,0,0,0,0,0,0,0,0,0,0,0,0,0,0,0,0,1,0
1,0,0,67,1,1,64.55000305175781,4250.10009765625,0,1,1,0,0,0,1,0,1,0,0,0,1,0,0,0,0,0,0,1,0,0,0
0,0,0,9,1,0,86.25,770.5,0,1,0,0,1,0,0,0,0,0,0,0,1,0,1,0,0,0,0,0,0,1,0
0,1,1,13,1,1,19.75,246.6999969482422,0,0,0,0,0,1,0,1,0,1,0,1,0,1,0,1,0,1,0,1,0,0,0
0,0,0,38,1,1,89.0999984741211,3342.0,0,0,0,0,1,0,0,0,0,0,0,0,0,0,1,0,1,0,1,0,0,0,1
1,1,0,42,1,1,95.55000305175781,3930.60009765625,0,0,1,0,1,0,0,0,1,0,1,0,0,0,1,0,0,0,0,0,0,1,0
0,1,0,24,1,1,75.4000015258789,1747.8499755859375,1,0,1,0,1,0,0,0,0,0,0,0,0,0,0,0,0,0,0,0,1,0,0
1,1,0,27,1,1,101.25,2754.449951171875,1,0,0,0,1,0,1,0,0,0,1,0,0,0,1,0,1,0,0,0,0,1,0
0,1,1,9,1,1,102.5999984741211,897.75,0,1,1,0,1,0,0,0,1,0,1,0,0,0,1,0,1,0,0,0,1,0,0
0,1,0,49,0,1,56.29999923706055,2780.60009765625,0,0,0,1,0,0,0,0,1,0,0,0,1,0,1,0,1,0,1,0,1,0,0
1,1,0,61,1,1,94.19999694824219,5895.4501953125,0,0,1,0,1,0,1,0,1,0,1,0,1,0,0,0,0,0,0,0,1,0,0
0,0,1,50,0,1,43.04999923706055,2208.050048828125,0,1,0,1,0,0,1,0,1,0,0,0,0,0,1,0,0,0,1,0,0,0,0
1,0,0,25,1,1,89.5,2196.14990234375,1,1,1,0,1,0,0,0,1,0,0,0,0,0,1,0,0,0,0,0,0,1,0
1,0,0,22,1,1,74.4000015258789,1692.5999755859375,1,0,1,0,1,0,0,0,0,0,0,0,0,0,0,0,0,0,0,0,0,0,0
0,0,0,1,1,0,20.5,20.5,1,1,0,0,0,1,0,1,0,1,0,1,0,1,0,1,0,1,0,0,0,0,1
0,0,0,4,1,1,74.3499984741211,265.3500061035156,1,1,1,0,1,0,0,0,0,0,0,0,0,0,0,0,0,0,0,0,0,1,0
1,1,0,18,1,0,99.75,1836.25,1,0,1,0,1,0,0,0,0,0,0,0,1,0,1,0,1,0,0,0,0,0,0
1,0,0,56,1,1,111.94999694824219,6418.89990234375,1,0,1,0,1,0,0,0,1,0,1,0,1,0,1,0,1,0,1,0,0,1,0
1,1,0,53,1,1,94.0,4871.4501953125,0,0,0,0,1,0,0,0,1,0,1,0,1,0,1,0,0,0,1,0,0,1,0
0,1,0,51,1,1,98.8499984741211,4947.5498046875,0,0,1,0,1,0,0,0,0,0,1,0,0,0,1,0,1,0,1,0,0,1,0
0,1,1,24,1,0,64.3499984741211,1558.6500244140625,0,0,1,0,0,0,1,0,1,0,1,0,0,0,0,0,0,0,0,1,0,1,0
0,1,0,62,1,1,72.0,4284.2001953125,0,0,0,0,0,0,1,0,1,0,1,0,0,0,1,0,0,0,0,1,1,0,0
0,0,0,24,1,1,49.70000076293945,1218.25,0,1,0,0,0,0,0,0,1,0,0,0,0,0,0,0,0,0,0,0,0,0,1
0,1,1,70,1,0,80.69999694824219,5617.9501953125,0,0,1,0,0,0,1,0,1,0,1,0,1,0,1,0,0,0,0,1,0,1,0
0,0,1,1,0,0,24.200000762939453,24.200000762939453,0,1,0,1,0,0,0,0,0,0,0,0,0,0,0,0,0,0,0,0,0,0,1
1,0,0,16,0,1,39.0,679.8499755859375,1,1,0,1,0,0,0,0,1,0,0,0,0,0,1,0,0,0,0,0,0,0,1
0,0,0,8,1,1,65.44999694824219,554.4500122070312,0,0,0,0,0,0,0,0,1,0,0,0,1,0,1,0,0,0,0,0,0,1,0
0,1,1,72,1,1,74.3499984741211,5237.39990234375,0,0,0,0,0,0,1,0,1,0,1,0,1,0,0,0,1,0,0,1,0,1,0
0,0,0,23,1,0,83.19999694824219,2032.300048828125,0,0,0,0,1,0,0,0,1,0,1,0,1,0,0,0,0,0,0,0,0,0,0
0,0,1,31,0,0,25.0,789.2000122070312,0,1,0,1,0,0,0,0,0,0,0,0,0,0,0,0,0,0,0,0,1,0,0
0,1,1,37,0,1,40.20000076293945,1525.3499755859375,0,1,0,1,0,0,1,0,0,0,1,0,1,0,0,0,0,0,1,0,0,1,0
0,1,0,30,1,1,94.0999984741211,2804.449951171875,1,0,1,0,1,0,0,0,1,0,0,0,1,0,1,0,0,0,0,0,1,0,0
1,0,0,35,1,1,108.3499984741211,3726.14990234375,0,0,1,0,1,0,1,0,1,0,1,0,0,0,1,0,1,0,1,0,0,1,0
0,1,1,23,1,1,69.5,1652.0999755859375,0,0,1,0,0,0,0,0,1,0,0,0,1,0,1,0,0,0,0,0,1,0,0
0,1,1,20,1,0,76.0,1588.75,0,0,1,0,0,0,1,0,0,0,0,0,0,0,1,0,1,0,1,0,0,0,0
0,1,0,36,1,1,93.5999984741211,3366.050048828125,0,1,0,0,1,0,1,0,0,0,0,0,0,0,1,0,1,0,0,0,0,1,0
0,0,0,8,1,0,95.6500015258789,778.0999755859375,1,0,1,0,1,0,0,0,0,0,0,0,0,0,1,0,1,0,0,0,0,0,0
0,1,1,71,1,0,100.55000305175781,7113.75,0,1,1,0,1,0,0,0,1,0,0,0,0,0,1,0,1,0,1,0,0,0,0
1,1,0,50,1,1,88.05000305175781,4367.35009765625,1,0,1,0,1,0,0,0,1,0,0,0,0,0,1,0,0,0,0,0,0,1,0
0,1,1,43,1,1,24.450000762939453,993.1500244140625,0,0,1,0,0,1,0,1,0,1,0,1,0,1,0,1,0,1,1,0,0,0,0
0,0,1,57,1,0,89.55000305175781,5012.35009765625,0,1,1,0,0,0,1,0,1,0,1,0,1,0,1,0,1,0,0,1,0,0,1
0,1,1,41,1,1,66.5,2728.60009765625,1,0,0,0,0,0,0,0,1,0,0,0,1,0,0,0,1,0,1,0,0,0,0
0,1,0,27,1,1,76.0999984741211,2093.39990234375,0,0,0,0,1,0,0,0,1,0,0,0,0,0,0,0,0,0,0,0,0,1,0
0,0,0,13,1,1,80.5,1011.7999877929688,0,0,0,0,1,0,0,0,0,0,0,0,0,0,0,0,1,0,0,0,0,1,0
0,0,0,3,0,1,35.45000076293945,106.8499984741211,1,1,0,1,0,0,1,0,1,0,0,0,0,0,0,0,0,0,0,0,0,0,1
0,0,0,67,1,0,20.549999237060547,1343.4000244140625,0,0,0,0,0,1,0,1,0,1,0,1,0,1,0,1,0,1,1,0,0,1,0
0,0,0,3,1,1,49.900001525878906,130.10000610351562,1,1,0,0,0,0,0,0,1,0,0,0,0,0,0,0,0,0,0,0,0,0,1
0,1,0,64,1,1,105.4000015258789,6794.75,0,0,1,0,1,0,0,0,1,0,0,0,1,0,1,0,1,0,0,1,0,0,0
0,0,0,26,0,0,35.75,1022.5,0,1,0,1,0,0,0,0,0,0,1,0,1,0,0,0,0,0,0,0,0,1,0
0,0,0,38,1,1,95.0999984741211,3691.199951171875,0,1,1,0,1,0,0,0,1,0,1,0,0,0,0,0,1,0,0,0,1,0,0
0,1,0,23,1,0,19.299999237060547,486.20001220703125,0,1,0,0,0,1,0,1,0,1,0,1,0,1,0,1,0,1,1,0,1,0,0
0,0,0,40,1,1,104.5,4036.85009765625,1,1,1,0,1,0,0,0,1,0,1,0,0,0,1,0,1,0,0,0,1,0,0
1,1,0,72,0,1,63.099998474121094,4685.5498046875,0,1,0,1,0,0,1,0,1,0,1,0,1,0,1,0,1,0,0,1,0,0,0
1,0,0,3,1,1,75.05000305175781,256.25,1,0,1,0,1,0,0,0,0,0,0,0,0,0,0,0,0,0,0,0,1,0,0
0,0,0,23,1,1,81.0,1917.0999755859375,1,1,1,0,1,0,0,0,0,0,1,0,0,0,0,0,0,0,0,0,0,1,0
1,1,0,1,1,1,74.44999694824219,74.44999694824219,1,0,1,0,1,0,0,0,0,0,0,0,0,0,0,0,0,0,0,0,0,1,0
0,0,0,4,1,1,60.400001525878906,272.1499938964844,1,0,0,0,0,0,1,0,1,0,0,0,1,0,0,0,0,0,0,0,0,0,1
0,1,0,62,1,1,84.94999694824219,5150.5498046875,0,0,1,0,0,0,1,0,1,0,0,0,1,0,1,0,1,0,0,1,0,1,0
0,0,0,40,1,1,93.4000015258789,3756.39990234375,0,0,1,0,1,0,0,0,1,0,1,0,0,0,1,0,0,0,0,0,0,0,0
0,0,0,41,1,1,89.19999694824219,3645.75,0,1,1,0,1,0,0,0,1,0,0,0,0,0,1,0,0,0,0,0,0,1,0
1,1,0,34,1,1,85.19999694824219,2874.449951171875,0,1,0,0,1,0,0,0,0,0,1,0,0,0,1,0,0,0,0,0,1,0,0
0,0,0,1,1,0,49.95000076293945,49.95000076293945,0,0,0,0,0,0,0,0,1,0,0,0,0,0,0,0,0,0,0,0,0,1,0
0,0,0,51,1,0,20.649999618530273,1020.75,0,0,0,0,0,1,0,1,0,1,0,1,0,1,0,1,0,1,0,1,0,0,0
0,1,1,1,1,1,70.6500015258789,70.6500015258789,1,1,0,0,1,0,0,0,0,0,0,0,0,0,0,0,0,0,0,0,0,0,1
0,0,0,39,1,0,20.149999618530273,826.0,0,0,0,0,0,1,0,1,0,1,0,1,0,1,0,1,0,1,0,1,0,0,1
0,1,1,12,1,1,19.200000762939453,239.0,0,1,0,0,0,1,0,1,0,1,0,1,0,1,0,1,0,1,0,0,0,1,0
0,0,0,12,1,1,59.79999923706055,727.7999877929688,1,1,0,0,0,0,0,0,0,0,0,0,1,0,1,0,0,0,1,0,0,1,0
0,0,0,72,1,1,104.94999694824219,7544.2998046875,0,1,1,0,1,0,0,0,1,0,1,0,0,0,1,0,1,0,1,0,0,1,0
1,1,0,63,1,1,103.5,6479.39990234375,0,0,1,0,1,0,0,0,1,0,1,0,0,0,1,0,1,0,0,0,0,1,0
0,1,0,44,1,1,84.80000305175781,3626.35009765625,0,1,1,0,1,0,1,0,0,0,1,0,0,0,0,0,0,0,0,0,1,0,0
0,0,0,18,1,1,95.05000305175781,1679.4000244140625,0,0,1,0,1,0,0,0,0,0,1,0,1,0,0,0,1,0,0,0,0,0,0
0,0,0,9,1,1,44.20000076293945,403.3500061035156,1,0,0,0,0,0,0,0,0,0,0,0,0,0,0,0,0,0,0,0,0,0,0
0,0,0,13,1,0,73.3499984741211,931.5499877929688,0,1,0,0,0,0,0,0,1,0,0,0,1,0,1,0,1,0,0,0,0,0,1
0,1,0,68,1,0,64.0999984741211,4326.25,0,0,0,0,0,0,0,0,1,0,0,0,1,0,1,0,0,0,0,1,0,0,0
1,0,0,6,0,1,44.400001525878906,263.04998779296875,0,0,0,1,0,0,0,0,0,0,0,0,0,0,1,0,1,0,0,0,0,1,0
0,0,0,2,1,1,20.049999237060547,39.25,0,0,0,0,0,1,0,1,0,1,0,1,0,1,0,1,0,1,0,0,0,0,1
1,1,0,55,1,0,60.0,3316.10009765625,0,1,1,0,0,0,1,0,1,0,0,0,0,0,0,0,0,0,1,0,1,0,0
1,0,0,1,1,1,75.75,75.75,1,1,1,0,1,0,0,0,0,0,0,0,0,0,0,0,0,0,0,0,0,1,0
0,0,0,38,1,1,69.5,2625.25,0,1,0,0,1,0,0,0,0,0,0,0,0,0,0,0,0,0,0,0,1,0,0
0,0,0,67,1,1,102.94999694824219,6886.25,1,0,1,0,1,0,1,0,1,0,1,0,0,0,1,0,0,0,0,0,1,0,0
0,0,0,19,1,1,78.69999694824219,1495.0999755859375,0,1,0,0,1,0,0,0,0,0,0,0,0,0,1,0,0,0,0,0,0,0,0
0,0,0,12,0,0,60.650001525878906,743.2999877929688,0,0,0,1,0,0,0,0,1,0,1,0,1,0,1,0,1,0,1,0,0,1,0
0,0,0,72,1,1,21.149999618530273,1419.4000244140625,0,0,0,0,0,1,0,1,0,1,0,1,0,1,0,1,0,1,0,1,0,0,0
0,1,1,24,1,1,84.80000305175781,1990.5,0,1,1,0,0,0,1,0,0,0,1,0,1,0,1,0,1,0,1,0,0,0,1
0,1,1,72,1,1,103.19999694824219,7362.89990234375,0,0,1,0,1,0,0,0,1,0,1,0,0,0,1,0,1,0,1,0,1,0,0
0,1,1,11,0,1,29.600000381469727,346.45001220703125,0,0,0,1,0,0,1,0,0,0,0,0,0,0,0,0,0,0,0,0,0,1,0
1,1,0,4,1,1,74.4000015258789,306.6000061035156,1,1,1,0,1,0,0,0,0,0,0,0,0,0,0,0,0,0,0,0,0,0,1
0,0,0,66,1,1,105.6500015258789,6844.5,0,1,0,0,1,0,1,0,0,0,1,0,1,0,1,0,1,0,0,1,0,0,0
